sample_id,yield,split,base_temp,base_pressure
WF_00000,75.91667055236186,test,-1.0323970195548475,-1.4682637598688473
WF_00001,95.82020642582604,train,2.309844422090078,-0.23236723937677117
WF_00002,68.43985242733653,valid,0.3268434703880229,0.2566343810815294
WF_00003,85.71357245039323,train,-0.7322853814020757,0.1775911169235922
WF_00004,84.50103040821091,train,0.9159303022795986,0.539304552942874
WF_00005,79.96601309862454,train,-0.1091451515613345,-0.9170489464607607
WF_00006,69.63224391046633,train,-0.25288144631783127,0.06494308755074261
WF_00007,84.02777840443794,train,0.5622728719144933,0.420322829776129
WF_00008,85.40014851194456,test,-1.29188226823169,0.8256709533036595
WF_00009,79.09362068229525,train,0.3526272039171724,-0.805718166612792
WF_00010,89.34386937828812,train,1.9129548077317522,-0.345156867242898
WF_00011,99.51747219684103,valid,0.46617766219731077,-2.7038176800733402
WF_00012,67.48170901885382,test,-0.3762121037834645,-0.6214619675777742
WF_00013,80.12864501386433,test,-0.507105280428242,-0.524414892971043
WF_00014,84.38925403652974,train,-0.41033997334510935,-1.019584508167443
WF_00015,74.84258622992216,train,-0.25396267804778105,0.1656121502326517
WF_00016,77.05156147528746,valid,-0.377806532758272,-0.05594543204526823
WF_00017,93.82664596558497,train,0.9163114410745667,-2.2592138775776114
WF_00018,84.28892056582008,train,-1.7332091032089831,0.21550796930175647
WF_00019,79.91199434365663,train,0.862000050412134,-0.9283241307890274
WF_00020,78.47441454023877,test,-0.3796865251425611,0.48568895919051513
WF_00021,97.49645585159773,train,0.37694778569537224,-1.2818512477286654
WF_00022,73.37398899584996,test,-1.1269879102008638,0.03000653853094012
WF_00023,96.63536674750566,train,1.328631066849436,-0.2831633288865059
WF_00024,79.84773941332216,train,1.245634960171873,0.30310188495033036
WF_00025,92.64585735140714,valid,0.9595905257500736,0.12469727765134685
WF_00026,75.4793860863734,valid,-1.5147547757935393,-0.25516417502145444
WF_00027,88.29551586619802,test,0.8291210710660528,-1.5362723140442447
WF_00028,91.65690226611312,train,0.4048550876357089,-1.4772079634610316
WF_00029,73.39547625965862,train,-1.6052712471325676,-0.583886939092219
WF_00030,81.31014440196249,train,-0.02429738377081549,-0.00827988392958697
WF_00031,91.47788937270137,test,0.3645344890332625,-0.608247947199117
WF_00032,85.17637000301278,train,0.5560752738231508,0.6252119305794656
WF_00033,86.5103828567103,train,0.17726136694885572,-0.2792209192116837
WF_00034,88.59645892577888,valid,0.2912314168473797,-0.9650127247795103
WF_00035,95.34910168768023,train,1.4736113922530956,-0.27809629298790933
WF_00036,93.27428470645384,train,1.2260339099106798,0.22585983631655238
WF_00037,64.64636620329546,train,-2.8670549537827434,0.3248847188245844
WF_00038,68.3938251277348,train,-0.317438554837682,1.8783791319931293
WF_00039,85.47389986334254,train,-0.16465102754395128,-0.6689093400034194
WF_00040,76.46259027775986,train,-1.7520985727269711,-0.07347866159040038
WF_00041,86.49632882886345,valid,0.09418305823231217,0.4261239468194264
WF_00042,75.76224402573526,valid,1.2487577724105066,-0.023422959200815323
WF_00043,73.87219371419428,train,-1.0865678595905903,-0.5006181459886532
WF_00044,86.66571378544224,train,0.3364009386898723,-1.5492571763442435
WF_00045,75.57008677410472,train,-0.9158234772964378,-0.5108345590530156
WF_00046,94.40848405810914,train,-0.6719120236796768,-1.073702412717801
WF_00047,84.46278261385028,train,1.477393634170035,-1.7266066811237784
WF_00048,73.511804373355,train,-0.542557820111825,-0.7956788416705864
WF_00049,79.05188898264886,valid,0.46221248901062467,-1.0470917207664545
WF_00050,75.78284276482815,valid,-1.871218116060987,0.5837865452929482
WF_00051,91.21881926566547,train,1.8623175613948801,0.6010918374142937
WF_00052,85.88889165328926,train,0.602652446306499,-0.9038792895808748
WF_00053,83.33118653184641,valid,-0.18249984265026167,-0.2602286305631211
WF_00054,80.75926834432283,train,0.5755465099998948,-1.8582426621125354
WF_00055,80.90413112091032,train,-1.4098194289478103,-0.4943399501826941
WF_00056,82.32713605761383,valid,1.1825307417526572,0.3989819007023456
WF_00057,74.19176588938075,train,-0.3239847754964302,0.8249378896141027
WF_00058,78.26999266003743,valid,-0.2040695150484347,-0.7130470816913138
WF_00059,78.33607263240191,train,-0.49165561496548443,1.0518548605275198
WF_00060,71.76643233359901,valid,-0.5806514027455847,-1.5156919215134717
WF_00061,95.29582262732606,test,0.6946706116284086,-1.2476277991437925
WF_00062,77.6515151565594,train,0.25590685010422287,0.7096618656378763
WF_00063,80.74142109522788,train,0.6517481414030399,1.6711212285632473
WF_00064,83.14800637836146,train,-0.008794689485571452,0.4934319881836954
WF_00065,84.8597699746287,train,0.513199811077181,-0.040342386534012425
WF_00066,86.02568241139963,train,-0.41884874392503835,-2.1951837465222086
WF_00067,108.63708024029047,valid,2.2297318414095484,-2.0224470560434793
WF_00068,70.35185206593106,valid,-1.5679304164304986,0.12940953689586895
WF_00069,88.9497621943543,train,1.2609373235629844,-0.35806266957117455
WF_00070,105.04721098664855,valid,1.3679074507209708,-1.105835182152118
WF_00071,71.0431324750057,train,-0.8521588059655938,0.06553258083005072
WF_00072,95.70698577414362,valid,2.2292736105559734,0.11513136750780958
WF_00073,90.6628681712225,valid,0.9954902829453182,0.9444158685402726
WF_00074,84.08116243710315,valid,0.9711390068229115,0.13660228301270078
WF_00075,74.00989984530742,valid,0.028022187025876687,1.2283943683343845
WF_00076,83.81352262811954,test,-0.21722615821867644,0.007994029548813363
WF_00077,72.98259476446283,train,-0.20940882703960811,-0.11533499480733611
WF_00078,75.77420728531001,train,0.3905305963195172,1.0643121862471823
WF_00079,88.89621973298571,valid,1.4011862750338961,-0.9784408800414345
WF_00080,76.38634034415175,train,0.1813142178614196,2.8144474532661614
WF_00081,76.2224806307094,valid,-0.9114436231372903,0.3752574781667358
WF_00082,77.16362161983311,train,0.8244270623849798,0.3808292528376731
WF_00083,84.6755967764808,valid,0.9211507463947922,0.5250959739725976
WF_00084,84.35045255523889,test,0.6546595284477861,1.8771364753316424
WF_00085,91.30703134269714,test,0.7454989065249826,0.7925074116726066
WF_00086,77.08240987969316,valid,-0.2709281301578081,-1.6050559790039236
WF_00087,67.60236686532724,train,-0.9289891671305796,1.4034703847675043
WF_00088,64.47053015880982,train,-0.8681934306407798,-0.3408965794450173
WF_00089,74.56157007785765,train,-1.635463248457858,0.10715507283932346
WF_00090,83.46751034262093,train,0.23694861154594976,-1.2792539721752665
WF_00091,82.62109302277732,valid,-0.08344878322659362,0.5262020181238957
WF_00092,71.90562176453467,test,-0.43998770452970876,-0.6513742900675522
WF_00093,64.09037021069307,train,-2.95561882434507,0.10016963799347375
WF_00094,79.97231841377578,valid,-1.247317469694169,-0.284099005360783
WF_00095,78.29102399822821,train,1.1208406514031668,1.9250128017358519
WF_00096,74.16722104057888,train,-0.664626000063131,1.9822603001455896
WF_00097,75.54516855747035,test,0.3605916776568414,0.046513170214741384
WF_00098,74.80631759160339,valid,-1.3906854299752562,0.06397771136885474
WF_00099,93.08889133476461,train,1.4387054823592311,-0.37344296634951507
WF_00100,83.52921385495692,valid,-0.1440276600546764,1.1060062915027862
WF_00101,74.08965645189897,valid,0.2900403964835352,-0.32891987033337716
WF_00102,82.51412097182576,train,2.325779791881685,-0.4213372746456993
WF_00103,79.83331155440217,train,1.5164401005894037,0.9785928636649645
WF_00104,83.03988695548387,train,-0.3065656212870578,-0.5382990953166494
WF_00105,78.09687393927804,train,-0.5932201848703592,-0.03775503444853058
WF_00106,91.22997899469654,train,-0.3255450115195318,-1.5813107815109928
WF_00107,80.0655638494964,valid,0.5098982484765356,0.7041903451231669
WF_00108,81.13649107760159,test,-0.10522413425087113,1.9408669391818687
WF_00109,75.75825539246073,valid,-0.39524414500347166,0.7212253727997919
WF_00110,79.57353636737867,train,1.4671812507090423,1.461799167547305
WF_00111,84.0457038132809,train,-0.11420989177783689,-0.8461021361773309
WF_00112,73.57237722155348,valid,2.2995890930373193,0.2363242820282007
WF_00113,92.95915706026167,train,0.09074256375217302,-0.9431599243693896
WF_00114,95.92890469774173,valid,1.7853183942247275,-0.22776554558134285
WF_00115,84.7454989907081,train,0.3573194227106268,0.7722114773525048
WF_00116,85.96645435244449,valid,0.9629605732494478,0.10182061310329862
WF_00117,80.06373600356744,train,-0.7246110515177244,-1.4126410226012216
WF_00118,69.6383532480097,test,-0.8537592225874118,-1.3150291055377534
WF_00119,89.06210333405325,train,0.4597059550149875,-1.3811639314907738
WF_00120,77.0073494585856,test,0.9885532424653152,0.4914525899395903
WF_00121,75.27704199001059,test,0.040256502000462865,2.0638945356566682
WF_00122,76.17224644844192,train,-1.2863933350836971,1.3624582440002129
WF_00123,84.72790252690892,test,-1.360258366289327,-1.8959851991460643
WF_00124,69.88591180592505,valid,-1.4271364021862412,1.421075938069784
WF_00125,70.86627715780764,train,-1.767622112939381,0.9364004170146472
WF_00126,82.56798424913627,train,0.10948535944708751,-1.5452999455287577
WF_00127,82.37907195127559,train,1.1250439217080253,-0.3032016167104975
WF_00128,81.77036015744945,train,-0.013415786924808768,1.0955224114958095
WF_00129,67.18074213339132,train,-2.2604147573378524,0.5504335109347853
WF_00130,79.60309157097133,test,-0.19076046033454871,-1.3090950523879856
WF_00131,68.02553438566856,train,-0.1627989966326071,0.6107421557961942
WF_00132,95.6660894193102,train,2.0959987502254394,-2.1375005960805877
WF_00133,76.38751730144723,valid,-1.4571379129195563,-0.22282217575721136
WF_00134,89.28274181111338,train,-0.3906776025991957,1.1379567694000488
WF_00135,84.64120601569154,test,1.7058526805445642,0.018394215571319834
WF_00136,83.49839469974067,train,0.44997834134654807,-0.4989375499619459
WF_00137,77.55430041568856,train,0.5633130735164247,0.8893462537723492
WF_00138,77.3586395304365,valid,0.11458443702387822,0.9747518150865815
WF_00139,98.06738153893389,train,0.32994353865726456,1.3100396928669502
WF_00140,87.49014793985633,train,0.777609530278536,0.8743424284463873
WF_00141,76.0972470214723,train,-0.8094863188927663,1.0813747939371465
WF_00142,91.96715929572493,valid,0.8780585789081998,0.7329085574375346
WF_00143,64.39848349152174,train,-1.3730030168855392,0.26552864911647195
WF_00144,76.25449702653992,train,0.3283679728315381,0.08950899976381409
WF_00145,77.81793927934086,train,0.17874096328632716,-0.237259719097402
WF_00146,84.53072750334339,train,-0.6162930881921079,-1.2123682930597257
WF_00147,69.61447713301574,valid,-0.022685275325646737,-0.9553115088198088
WF_00148,81.25579998718743,valid,-0.6225401526655531,-0.28201448193520967
WF_00149,78.33768919332175,train,-1.0717013268617444,0.2414521596024293
WF_00150,82.51421680449715,test,-0.35361474161364437,1.4408125980042632
WF_00151,70.90632049271301,train,-1.1039886353716615,-0.04179722787551253
WF_00152,76.13720874255769,train,0.3227974640932481,1.003476290877664
WF_00153,73.64898647927876,valid,-1.1500854941523635,1.0793156564321207
WF_00154,90.859845504978,train,0.7119770229910514,-0.231446797688791
WF_00155,74.89448080491151,train,-1.18147906792882,0.5946902113701839
WF_00156,71.109413978543,train,-0.5662949155810063,-0.2435280417248615
WF_00157,68.68362815474224,test,-0.624603408215179,1.3221358940784769
WF_00158,81.05002654440513,test,1.3251467288748389,0.6358433382659322
WF_00159,80.40260299744229,valid,0.33028994561659186,-1.1904837546883553
WF_00160,78.06405884156706,train,-0.21173380254439425,0.16152465215384673
WF_00161,74.84229327271858,train,0.4987194410697233,1.6481121618238797
WF_00162,74.03767377874655,train,-2.107192347329688,-0.18123103454670117
WF_00163,75.34720487670157,test,-0.043133589640907445,0.44771503009506813
WF_00164,92.3883071764204,test,1.9975141778047627,0.5458788377391453
WF_00165,89.10015884379749,test,0.13234650640267256,-1.0366228991646005
WF_00166,77.33259763285544,test,0.0679131691693355,0.5107079492135139
WF_00167,92.39374750691225,train,0.5481283796421961,-1.3938351520346257
WF_00168,76.45063796260085,valid,0.8956052433143455,-0.6256241064013961
WF_00169,63.31599495072516,test,-1.9974666928898597,1.075722967494192
WF_00170,64.53378352095213,train,-1.6823264817910268,0.356756290308358
WF_00171,79.55999581331585,train,0.21029129108614655,-0.304477807746527
WF_00172,72.15596986393507,valid,-0.7148765618975097,0.44646102124518744
WF_00173,95.87517295219318,train,1.3120252622199142,-0.060092247755131445
WF_00174,81.51681058401749,train,-0.3151743898852239,0.012578502351833248
WF_00175,68.09595926688779,test,-1.9345307357131178,0.6568185267201376
WF_00176,90.08432088451015,train,-1.268013916843997,-0.7273677406591319
WF_00177,68.31566937970024,train,-2.7496760196305754,0.040336405554690695
WF_00178,73.29767941878583,train,-0.23412553728291255,-0.3122681946066529
WF_00179,87.54913503808324,train,-0.18838412726438336,-1.5856033746002556
WF_00180,82.15869625748824,test,-0.42446270978189776,-0.9204557562492998
WF_00181,66.41001062108835,valid,1.0788790390297387,1.5682064470638322
WF_00182,89.30770904390215,train,1.1985198365166936,0.38472331458523407
WF_00183,82.76409413242907,train,-0.1703884233561112,-1.3235883014013892
WF_00184,70.32221942722055,train,-2.134693667476856,-1.5403543758484106
WF_00185,76.02775964489551,train,0.6172815804922585,-0.11216390011058394
WF_00186,74.6399901242467,train,0.5553602285085755,1.5611865331764823
WF_00187,88.24494856254526,valid,0.309391570156945,-0.18675813480435263
WF_00188,86.64864187866019,valid,0.9814797493081158,1.306999553404016
WF_00189,67.63727804330439,test,-1.16482809646104,0.3519307708186574
WF_00190,89.1593619527421,train,2.008755386185139,0.47125045784589364
WF_00191,70.44014127660668,valid,-0.959427753141868,-1.3357205093045694
WF_00192,62.80585219054019,train,0.7492229272008546,0.9375229217497576
WF_00193,57.76879559269343,train,-1.6873476944133516,-0.3349320372736072
WF_00194,81.85055102768965,train,-0.9302646872700508,0.8630924536109083
WF_00195,83.83477323058868,test,1.5163686467253361,-0.814169981986113
WF_00196,82.71960735442944,train,-0.2608998230008499,0.1770493475099125
WF_00197,86.81027157196259,valid,0.8399226051327979,0.3520029539376315
WF_00198,87.11571717648944,train,0.2369553887192461,-0.15403331657586652
WF_00199,73.63030226908137,train,-0.10495815600017268,0.4045451930861567
WF_00200,92.41302012727533,valid,1.3638503249326897,-0.26639707519250877
WF_00201,84.11893961287379,valid,-0.23665882465190033,-0.6490597530412794
WF_00202,75.2619792350992,train,-1.7807381075634705,1.6054833827939645
WF_00203,79.71750959495517,test,-0.8032400919517051,1.0489528663614422
WF_00204,83.8936492539661,train,0.5511917287016942,-0.7608647450481768
WF_00205,72.70689201074666,valid,0.39550910636250813,0.5684443055946129
WF_00206,77.84894557751562,test,-1.5670582502354382,-0.742678854701153
WF_00207,75.7303175980268,test,-0.724342519408201,-1.1846846436623242
WF_00208,77.18820809765876,train,-0.5817213492022466,1.0338094413989762
WF_00209,77.09127680505334,train,-0.365469594114225,-1.7040996256474057
WF_00210,66.62596021610288,train,-1.3759135886015514,0.9268559135765412
WF_00211,78.0629418353694,test,-0.6283711081194786,-0.2527223125730585
WF_00212,79.50174361631548,valid,-0.7286104852595274,-0.21154660308052864
WF_00213,79.52040866273238,valid,0.7715332597619193,0.4097512196232897
WF_00214,81.2434069733891,train,0.8091213109902438,0.5811988119942524
WF_00215,72.25527482829195,test,-0.145810458088816,-0.8263431768289082
WF_00216,83.83527923776978,train,-0.3920397958707315,0.7177256087500634
WF_00217,97.99707835221169,train,0.1399243120391134,0.1133705380252234
WF_00218,85.53252620166498,train,-0.8165751074555749,-1.2560547928680381
WF_00219,67.93768365269435,train,-1.146832082167441,-0.1698744835797392
WF_00220,68.35306600577083,test,-0.9402212089257169,1.3812790155589258
WF_00221,80.1171843631084,train,-0.6348131639714567,1.6765947982456966
WF_00222,82.92213577152286,train,-1.163473799792271,0.7173484576086773
WF_00223,76.34103130880649,test,0.16205955906287475,-1.19034348816837
WF_00224,75.94291689688689,test,0.7297156737837084,0.4906069024558882
WF_00225,68.41738451184695,train,-1.5870983007982418,0.8508609038591928
WF_00226,93.1013281505136,test,0.02512871121603335,0.7257079833187221
WF_00227,71.79549240250905,test,-0.21993579526633558,0.7849542886879182
WF_00228,73.12852899290608,valid,0.3415086855368029,0.3632630792475308
WF_00229,82.17806178503206,train,-0.012938768103588062,-0.0724123388305437
WF_00230,81.40050675224401,train,-1.4535992799316308,-0.6083674959040184
WF_00231,79.55188172591022,valid,-1.2623892988571654,-1.8979355185014963
WF_00232,81.50764869087672,train,0.029423575584972723,0.33964176671335083
WF_00233,81.49511962173483,valid,1.0287809197455093,0.18605284365218855
WF_00234,56.65663741551889,train,-2.214187371043003,0.5575758428248162
WF_00235,92.05541214125617,train,0.34572657980157995,-1.3375436932928941
WF_00236,82.11285660934624,test,1.1896220052876432,0.6450166893150603
WF_00237,72.53893002056861,train,-0.1530258762062131,2.054545094620777
WF_00238,88.9712723563242,train,0.5502024960264408,0.07845013077791134
WF_00239,77.65100012987043,train,-0.7030690808978022,-0.06166531920654083
WF_00240,70.93885994765931,train,-0.11936619927687682,0.309002356085701
WF_00241,68.09371238367228,train,-1.6209135183081516,2.032337024710338
WF_00242,65.55895872778851,train,-2.344343308418874,-1.023647761699891
WF_00243,92.75404333809458,train,0.9427658012252752,0.20320693339390494
WF_00244,81.03947735827587,train,-0.9849949277244419,-0.7996574222976441
WF_00245,65.87770458045748,valid,-0.4555278450034305,-0.547004720844995
WF_00246,77.86782745693476,test,-1.3864422532701932,-0.04959030788193934
WF_00247,66.12110809769416,valid,-1.4099697030838758,1.3473232416135588
WF_00248,78.18823304595236,valid,-0.17383770009461635,1.8009906006887368
WF_00249,79.39277990034536,train,-0.7295771941356465,0.4481421446267063
WF_00250,86.01568892585634,test,0.37797099799469847,-0.3765947230234853
WF_00251,82.56279004579498,test,0.4525384189795919,2.4927388666385184
WF_00252,81.44168565920393,valid,0.32084964632460716,-0.4275544813295202
WF_00253,82.41652123267741,train,0.2386007909284437,-0.5711359143597373
WF_00254,96.49987531941626,valid,1.5777682049318862,-1.7749430445787269
WF_00255,64.2913538503722,train,-1.067593769044886,1.3960915692447435
WF_00256,86.127389169887,train,-0.05493486620291775,0.968245592371294
WF_00257,91.54531410895432,valid,1.1326898205195888,2.417805536116446
WF_00258,90.95019898766554,train,1.2645398093380364,-1.3895233522181258
WF_00259,70.7735379333318,valid,-1.4217636493445729,1.4581708074791095
WF_00260,80.09855859340225,test,-0.3123554416558699,0.07013551836612739
WF_00261,73.88110853409678,valid,1.3581210958672605,0.8061002168001363
WF_00262,86.82889627286768,train,0.5080791051990653,-1.647777141104471
WF_00263,81.5048246725465,train,0.19526303147977275,1.4680818226652972
WF_00264,70.72499505472116,train,-0.21768469343465674,0.7865167513318304
WF_00265,80.9702458873671,train,-0.38380092570774543,-0.038910034786217525
WF_00266,85.97867617882918,train,0.2882190630903242,0.6451126876611214
WF_00267,78.47963861094186,train,-0.25237412498448336,-0.7654953010422492
WF_00268,73.08080647292094,train,-0.04257862104444418,-0.5794400855816993
WF_00269,92.55991585099027,train,0.07859870611503737,-0.46344461362539624
WF_00270,93.36049056359953,train,-0.6780715284934992,-1.852727861690278
WF_00271,80.5394124340249,valid,0.5321293738814383,0.8617584942033671
WF_00272,84.97947612833495,train,2.9142446484154196,1.1915936141825663
WF_00273,69.13627764289036,train,-1.7769866393260751,-0.7013441497638416
WF_00274,81.78542423312969,train,0.3240125241899799,0.3482030159448188
WF_00275,74.38108832994622,train,-0.7601900886189056,-0.2655404746292363
WF_00276,94.06291607851405,train,0.57740257751925,0.3282739620810305
WF_00277,84.4292376288142,train,0.04655747332786092,-0.6275772412110292
WF_00278,90.87270370088589,test,0.7618547740424635,-0.8834251560876358
WF_00279,70.72560271338963,valid,1.1755065765087795,1.0520748860237426
WF_00280,81.6083277200334,train,0.19242111776818133,-0.06387058512449259
WF_00281,87.01405284992788,train,1.1320522884141782,2.0221089508534758
WF_00282,69.91879981706317,test,-2.3442978937886774,0.046309964794139964
WF_00283,71.04750948688705,test,1.5904522979160232,-0.9260780403504922
WF_00284,83.67738917824299,train,0.3750621518923401,1.2269408764359389
WF_00285,95.83215970994581,test,1.0778433557451819,0.6308001641460198
WF_00286,56.166158952861934,test,-1.2198757448415216,0.7268728636964236
WF_00287,88.37927080963037,valid,-0.8307698816053357,1.1906006788679186
WF_00288,68.00316355978183,train,0.14593829414477413,-0.6527962938457945
WF_00289,87.84402500074883,train,-0.017037889337463016,-0.12725330898528756
WF_00290,77.50057177216767,valid,0.2830685880099896,-0.17144983148779322
WF_00291,75.01968339595525,valid,1.0845151609299661,-1.2907465369156184
WF_00292,67.45234150732155,valid,-1.7652203153028492,-0.2635901501582435
WF_00293,85.24586484329961,valid,0.9738190717173091,1.3363794578768242
WF_00294,83.06759433357772,train,0.008281909957927018,0.237338103793847
WF_00295,85.43461666954474,train,-0.20378186112454774,-1.3460613278449878
WF_00296,75.49621266951226,valid,-1.4711152343848903,-1.555839411664935
WF_00297,62.939596574063195,train,0.503048668376865,1.6647760587482714
WF_00298,77.90915063343577,train,-2.414107851031037,-0.09031901025512999
WF_00299,98.9873982899469,train,0.6483940112387127,-0.6474102057016173
WF_00300,78.64153764170663,valid,-1.492105835472992,-0.2739917648970031
WF_00301,68.35354028927688,valid,0.053457912617474034,-1.477307754317332
WF_00302,74.37162609717605,test,-0.11916883732792043,1.4230951495116198
WF_00303,76.46667775717417,valid,1.1695381472938837,-0.3930529375860296
WF_00304,65.69435967005445,test,-0.17865516901389017,1.367401527738422
WF_00305,84.31106680733427,train,-0.6941385611456656,0.05165171444731515
WF_00306,87.75190256345579,train,-0.506602695971203,1.4295319745684398
WF_00307,83.39682736702215,train,1.2728827687546636,0.2566944990430854
WF_00308,85.08556655965263,valid,0.5362969691808936,0.853232662869076
WF_00309,79.85098545351873,test,-0.3856299815231613,0.7190930460883368
WF_00310,71.62855829761166,train,-0.23644641996451343,0.6232910662519707
WF_00311,72.13765603634944,train,-1.567177090585447,0.3479344771827106
WF_00312,75.23676951267912,train,0.388474200851541,-0.2328507161155849
WF_00313,64.89568241200936,train,-1.7598157076954657,1.9154346915728602
WF_00314,86.35159384489864,train,0.7517964658354561,-0.9069369850959007
WF_00315,80.54686784210864,valid,0.12862159249126584,0.004307642343159692
WF_00316,97.91429028010312,train,2.3869517995739225,0.01488587520759545
WF_00317,71.83360722014986,train,-1.1001355537243058,0.4024407533435215
WF_00318,81.72611297041192,train,-0.10266209104063294,-0.4294726458945011
WF_00319,92.691819790254,valid,1.7982877009230627,0.31474630558958777
WF_00320,94.7314655917404,train,1.1913896402914144,-0.16884258520296613
WF_00321,76.54929618833467,valid,-0.6962120515798997,-1.5819525174378992
WF_00322,83.66044823588555,train,0.22396742837344774,0.009552286256846456
WF_00323,84.5238467098155,test,0.001999356415087233,-1.1005653330301517
WF_00324,79.22667822687217,train,0.2819558673941572,-1.734385762448901
WF_00325,70.94155593648917,train,-0.6986804359848298,0.13687332068938496
WF_00326,73.97999504484443,valid,-0.08932040270073452,0.48788334201956646
WF_00327,68.3958135844216,train,-1.5980523752767137,0.5266980421045764
WF_00328,74.39139010271549,train,0.13512345186808206,0.5671707070196942
WF_00329,88.74178582537621,train,0.45002067342183205,-1.9325890209406105
WF_00330,80.68201577839626,test,-0.227419412643884,-1.3610169279074695
WF_00331,68.06893703060737,train,-1.6150508905847878,1.9735214368136709
WF_00332,79.22091020796636,train,0.9885318628514624,-1.0472087600770361
WF_00333,84.66668737882883,valid,0.3645250379928023,0.6108410311366891
WF_00334,81.59415268988758,train,-0.7260150977009768,-0.686937621665846
WF_00335,86.57527784986074,train,-0.28060044683806395,0.07967273926756446
WF_00336,72.3800657487658,train,-1.5006694027818388,-0.6332542022735941
WF_00337,82.46057841592705,train,-1.0254101277779044,0.5615411546196448
WF_00338,75.429047990255,test,-0.5378113463571395,0.13677411731669906
WF_00339,89.6931379225907,train,1.2284208122801512,-0.4482897736442336
WF_00340,76.58291958152431,train,-0.6395033908874757,-1.0501721196807103
WF_00341,78.07086893840969,train,0.6402136593287587,0.2677741974925111
WF_00342,89.22595944817762,train,-0.5383162028615798,-1.21271879904259
WF_00343,86.41940048412512,valid,0.24794756085187486,0.4274810421208385
WF_00344,74.27027825459272,train,-0.14139550214380217,2.6264849090369
WF_00345,78.17291079373285,train,0.8730566000927434,1.350170051262012
WF_00346,85.18120534435265,train,-0.5348113382185579,0.7183478868941628
WF_00347,72.67418886368807,valid,-1.572528250002441,-0.08560729774114767
WF_00348,81.86827360390647,train,-1.3819490313636327,-1.9387526270035254
WF_00349,87.12300550804083,train,-0.5318774939427574,-1.3222863959001843
WF_00350,70.76803515714995,train,-1.2490599706780527,1.2827928561027135
WF_00351,93.59586009772188,valid,0.4102120156795513,-0.7897560801247798
WF_00352,83.53015069353772,valid,-0.4657681648580778,-0.6992520981640467
WF_00353,85.62931833470658,train,2.3746065500264315,-0.16565047568402144
WF_00354,73.06530589124421,valid,-1.737714595137132,-1.0620462588465547
WF_00355,71.31664751586324,train,0.20363317870980122,-1.2267687345516363
WF_00356,74.72580120695802,train,-1.127953023505669,-0.050474072781421825
WF_00357,87.61833674258702,train,-0.4934013403826786,-0.8915294546720363
WF_00358,96.63273880113583,train,0.14141947334054417,-0.7410185797788948
WF_00359,71.66939446219754,test,-2.325371374874287,-0.781191026147006
WF_00360,73.35759325707058,test,0.23682611678802748,0.5223602138344686
WF_00361,93.224540048036,test,1.9029074622741677,-0.23212569049535728
WF_00362,77.69985380675746,valid,-0.45343829836859284,-0.17857196789385368
WF_00363,86.88726101967988,train,0.2598078568055095,0.5969458973088833
WF_00364,88.68244459648496,train,1.0249216931253993,-0.14203960823294015
WF_00365,79.13571326231457,test,-0.16395350002699655,-0.27825376845717287
WF_00366,83.3092112446338,test,-0.5809601885314832,0.47045035557017084
WF_00367,43.90414323078506,valid,-2.2757364037217522,0.668197843557631
WF_00368,80.23873333358313,train,0.6409907193949733,-0.14707349950860418
WF_00369,97.41975641918386,test,-0.11316840972889723,0.0806077756205216
WF_00370,70.93784061029167,valid,-1.0126838513881617,-0.781790229733328
WF_00371,86.39599807798068,train,0.12659671027769356,-0.8606830431645255
WF_00372,69.83567526465272,valid,-0.5836803568061814,0.7691475019668077
WF_00373,69.71985102426709,train,-0.5284261311155256,0.4449420625446217
WF_00374,88.30713683317538,test,0.6062911561087082,0.4552984384165761
WF_00375,80.21692821316114,train,-1.3383824113238445,0.28085434872552223
WF_00376,90.90120453796561,train,1.0473152860737585,0.04620327581495357
WF_00377,75.08764775378765,train,-1.3976861631184037,0.6964118908227692
WF_00378,71.99466554929789,train,-0.6627014083552638,0.9351087610227838
WF_00379,114.47002349712423,train,1.9229461940665773,0.9112280051906476
WF_00380,88.09957868003693,test,1.1273547616424222,-0.10077791594598683
WF_00381,72.25243489095078,test,0.09760399249544019,1.386992729908838
WF_00382,65.25308645528101,train,-0.9405302155012165,0.22846068173232117
WF_00383,66.06526748585284,train,-0.5292723066998932,0.6323761925657985
WF_00384,83.5840794597318,valid,0.0732753145856964,0.28208789083487973
WF_00385,76.07427163772482,test,0.03752323233959842,0.2470067074841741
WF_00386,69.93637572127544,valid,-0.09087092962596285,-0.7357519902503197
WF_00387,78.71127159950792,valid,-0.03083251408418433,0.701350838344826
WF_00388,82.43956439976864,train,-0.2143751097051141,2.845294394907639
WF_00389,77.94607499289098,test,-1.4419787356400129,-0.3747950747900833
WF_00390,68.5485648677108,train,-0.5165107421608328,0.07099471542494816
WF_00391,78.6495905120469,test,0.9146240539868465,-0.4462052643472624
WF_00392,73.03160919603472,train,-1.3683342975511175,-0.48801990156193453
WF_00393,80.60892580882626,train,-0.18955551153927852,1.5444494781186728
WF_00394,67.59961779146985,train,-0.819753928770844,-0.6729710177274647
WF_00395,86.84473013809631,test,0.11135042939811132,-0.4740804733663613
WF_00396,90.0459742624338,valid,-0.38863318106681816,-1.5874928237313013
WF_00397,93.81209102964621,train,1.477393664974669,-0.7576117245422473
WF_00398,99.29530861946925,train,0.5065831541902538,-1.7083998929533477
WF_00399,73.68669058249539,test,-1.3118031657772113,0.6318046992119288
WF_00400,88.22457878639204,test,0.6712280116136986,2.7996972218373095
WF_00401,83.17453085540741,train,-0.774651856262063,-0.36667879365052214
WF_00402,67.77587271430572,train,-0.5769963713775336,-1.6667579329902373
WF_00403,67.05361260485333,valid,0.3138190201071218,0.8999996644297332
WF_00404,80.3242448647821,train,-0.49174741973013475,-0.7269249589301569
WF_00405,84.65278453852603,train,0.8928558163229553,1.2993469305535403
WF_00406,81.84809507608216,valid,-0.7745100615133954,-0.2820290477899447
WF_00407,80.3038970575909,train,-0.6189465525913632,-0.6318156890827807
WF_00408,91.54418793513184,train,-0.6563708935481088,-0.17795755574568647
WF_00409,81.71381258201895,train,-0.5656387483550389,0.7577767609361872
WF_00410,79.81342131092453,train,1.099191555547813,-0.22742063075565644
WF_00411,87.72548742549114,train,0.6287962936103031,-0.49672470279370545
WF_00412,81.94622605381666,train,1.709943954012071,-0.1988316029788718
WF_00413,93.25014058886379,valid,2.2676442038992546,-1.271855184500885
WF_00414,77.77194197111145,train,-1.0307170319323398,0.39703160229398016
WF_00415,73.33345752776967,train,0.07041912732728889,-1.7867265938449102
WF_00416,89.1851980965164,train,-1.176200316643433,-0.44412145436551537
WF_00417,81.24265972330114,test,-0.7776059277482671,0.7593852088307432
WF_00418,74.69404922552637,test,-0.6300825102556694,0.3030482829327168
WF_00419,82.1883131719101,test,-1.0571548741382744,0.5903205729863903
WF_00420,67.50121658219496,valid,-1.0518872728984137,-0.06504567271880911
WF_00421,76.73669578236364,train,-0.14428437852025486,1.1697461809855167
WF_00422,66.27006724266484,test,-1.216718418386407,0.924699196769792
WF_00423,98.46462805761121,train,0.8421269591376328,0.44614100424767456
WF_00424,71.06379895044489,valid,-0.9177535374175142,0.927545777313543
WF_00425,92.87252950374513,train,2.809568970096392,0.7504235544035768
WF_00426,81.38751619773205,train,-0.45138445096439517,-0.43946351334689027
WF_00427,90.14995005420903,train,0.07201764191705222,-1.3438989116913336
WF_00428,72.97046507789302,valid,-1.2953411844660352,0.42036212584262383
WF_00429,89.18621496702855,test,1.7060917581276394,0.5460892308314287
WF_00430,97.98884442744583,train,1.1195006808029162,1.0904719911385654
WF_00431,90.75109450600763,test,0.29691587073611253,-0.9363212750452935
WF_00432,66.4379794264578,train,-1.3468025487795656,-0.9064310592771633
WF_00433,85.28758669139971,train,0.21066687772462028,0.45990026630777037
WF_00434,82.65433579766025,test,-1.121431046017255,-0.07116698885308664
WF_00435,88.73753301347321,test,1.4623552634733608,-1.8857616105711281
WF_00436,80.08384232363396,test,0.8091947318531727,0.37510816375419076
WF_00437,78.11547265439049,test,0.09543903848773612,-1.8524229149889546
WF_00438,63.802267554326626,valid,-2.4363756632473224,-0.9452565518733762
WF_00439,69.10030715351846,test,-0.9834159786590306,1.3516813728601071
WF_00440,81.8761155785429,train,0.6877611315998724,1.8248790178071153
WF_00441,92.44755418602429,test,1.2128836917231558,-1.2156563684719617
WF_00442,90.13701594096936,train,1.1091698114921316,-0.3293915374126943
WF_00443,63.69808560899823,train,-1.5920130022414554,0.04262252307870598
WF_00444,73.239957863606,train,0.30155230681290407,1.781226927581568
WF_00445,95.8807143034449,train,1.0155152164829295,-0.49286894782440155
WF_00446,81.65519795451587,train,-1.6583355655822452,-0.4768840230332781
WF_00447,81.72299102287583,valid,-0.007904515373236347,1.5487255584628619
WF_00448,80.68627982641681,valid,0.27384239830845625,-0.374789152718258
WF_00449,84.25000257423099,train,-0.3007645848467349,0.7222017089664575
WF_00450,64.34730989334246,train,-1.8521618554012016,-1.4771429651124275
WF_00451,86.03569645669862,test,-0.3256981100737287,-0.17123274409232622
WF_00452,99.66229427217327,train,-0.327305430255024,-1.6595968383264046
WF_00453,87.74060742846048,test,-0.1480724045477542,-1.0554337809557044
WF_00454,64.19645483541605,train,-0.5634714254250696,0.8392013551522634
WF_00455,83.99215854721977,train,-0.4430121532414673,-0.04990539108671263
WF_00456,76.1369406498421,train,-0.0397062823469779,-0.31910574055297464
WF_00457,72.31854349555152,train,0.4424546049697111,-0.7487496239809176
WF_00458,83.71341864544185,train,-0.3044267628566672,-0.22065607324128275
WF_00459,88.89202909357522,train,-0.4096489283680019,0.30111316710069364
WF_00460,81.17058008244948,train,0.09235403825445808,0.9829162064617618
WF_00461,72.62883536407723,train,-1.9209159258951816,-2.6251466840968023
WF_00462,83.90668788432002,valid,0.4770351272264581,-0.8317611742628097
WF_00463,77.02798285570601,train,-0.0005630971229588082,0.15909624218900573
WF_00464,76.58648609373478,train,0.039693526597561826,-0.09886311596228586
WF_00465,75.87774715339113,train,0.960734307594464,0.403376242526725
WF_00466,79.12129468744797,valid,-1.9528155300482481,0.26754028612655384
WF_00467,77.43982221951514,train,-1.9738338698589637,-0.30486786299340723
WF_00468,90.37291182377398,train,0.27380384532351953,-0.5268531959871771
WF_00469,82.76840854645525,train,-0.007116855128515773,-0.2455014897355009
WF_00470,84.92692109673487,train,0.17017694319193222,1.1487423498227427
WF_00471,88.68799119249404,train,-0.46212707517244556,-0.7320079329057144
WF_00472,82.72610392920785,train,0.6643536742399312,-0.06280672314395548
WF_00473,86.26791859898891,train,0.93263884299112,0.18334221399842102
WF_00474,78.31349865730206,train,0.48398229395152703,1.560350929874458
WF_00475,76.10847034161266,train,-0.26082845840458313,-0.30030825823631324
WF_00476,63.21332632399884,train,-2.107689387614403,0.9588066560109609
WF_00477,68.51892176004449,test,0.7692362080371281,1.2319794032650222
WF_00478,86.24596497862166,train,1.2217286662175928,-0.06375426499064825
WF_00479,76.70638467158074,valid,0.64455841198398,-0.2107189790767625
WF_00480,69.07652188721548,test,-0.8796424273675065,-0.3290536720482161
WF_00481,87.22971401870244,test,0.6737943936677578,-0.25582313424258235
WF_00482,85.4277188431946,valid,0.8605297079614455,0.8542398605768328
WF_00483,102.90514861139414,test,1.5588162477990857,0.2310099772555139
WF_00484,68.52635598532626,train,-0.8761099242279576,0.2352897091698694
WF_00485,80.68272148347708,train,-0.22645458454413847,-1.125223510379835
WF_00486,71.45547626943181,train,0.7472720511434552,-0.9674900773752345
WF_00487,66.6195307162849,test,0.05741007143815779,2.14344682477698
WF_00488,74.83420298542401,train,-1.1173276020512748,-0.1778257252886896
WF_00489,76.82931684566364,train,0.414616285026703,-0.7747719955783602
WF_00490,73.26899084934308,train,0.5786616338151667,1.4310991655892973
WF_00491,72.27335528824851,valid,0.08796289633100199,0.2818085486835521
WF_00492,90.46221581763163,train,0.21958492717994416,0.5781549168645216
WF_00493,69.79676074287596,test,-0.25870590168573016,-0.1380470752815336
WF_00494,87.11997337550984,train,1.4782789357160593,-0.31867309057680415
WF_00495,68.4427946776523,train,-0.9006921837126766,-0.16958637249729036
WF_00496,77.45539881690559,train,-0.5873207627637789,-1.3827381702986268
WF_00497,88.64666356192816,train,0.010985513527525621,-0.08792740941989748
WF_00498,84.49687679762039,test,0.8789540277008926,0.29603307704261733
WF_00499,73.3805453282611,train,-1.4973731700945367,1.8504632338437539
WF_00500,77.77005812848338,train,-1.3102967497654392,0.0859990650052155
WF_00501,77.69885735461496,train,-2.037728507734718,-2.334177042210305
WF_00502,84.14684790073646,train,0.03269522525327079,-0.09398543278462142
WF_00503,74.04777287039391,valid,-1.1183058172065439,2.739504133108306
WF_00504,85.0493244692868,train,-0.3845501100179167,0.8663662349850397
WF_00505,83.14110148411653,test,0.661378189891708,-0.8108889438085887
WF_00506,78.84395556984084,train,-0.6415427207828466,0.5911065144305567
WF_00507,84.91975457468408,test,0.23128202274336457,-0.7420134248897403
WF_00508,77.59365978774994,valid,-0.29933790775172203,-1.3538075195468575
WF_00509,82.68368816115473,test,0.6721143150964368,-0.3483693632340722
WF_00510,78.04653341643657,valid,0.4751280673480088,0.09152643923886121
WF_00511,83.55348274447115,valid,-0.69193369617461,-1.8721555024333958
WF_00512,86.96933854311453,test,-0.16865175340045263,-1.1491592905386359
WF_00513,84.79719740457473,train,1.0437433977204944,0.010335563182354726
WF_00514,91.16733631730969,test,0.393376870254097,-0.40817317598895414
WF_00515,75.69153211488253,train,-1.3969620577511315,0.39481127114609077
WF_00516,98.7408090920542,valid,0.6556180611713827,-1.2146683273085614
WF_00517,83.76364048374872,train,-1.0846106224362382,0.7141137485533007
WF_00518,88.84364050899286,train,1.412513069961006,-1.183759097060195
WF_00519,84.65036180818002,train,1.024098839841025,1.64273430193763
WF_00520,88.34868417284682,valid,0.2898854759184008,-1.7157582843783166
WF_00521,74.86878484596052,train,0.1572328434361934,-1.0925542703834126
WF_00522,76.54929290197252,test,-0.20903225602742,0.4173708030318292
WF_00523,89.45763694479912,test,0.6785239514000281,1.6642332514976381
WF_00524,76.70153076382853,valid,-0.37077816946206166,0.31504303611617074
WF_00525,91.90428831996805,train,0.23556987063989387,0.5628579201823911
WF_00526,81.18989181835633,train,0.8719343665194511,0.01753690167305848
WF_00527,95.21623430020198,valid,-0.5618065435255897,-1.0263984541151934
WF_00528,79.03518014113438,train,-0.6161927399906946,-0.4901383482393793
WF_00529,80.53389253640998,test,-1.194365480724459,-1.2119097199812767
WF_00530,71.37892603174481,train,-1.0644727461261723,-1.2787099677768716
WF_00531,73.47773575074649,train,-1.8283953114415024,0.40174891931974643
WF_00532,86.13095202479462,train,0.7298287890155296,-1.1231779820879617
WF_00533,82.09747993917952,valid,1.8089145420827708,0.3195540067233614
WF_00534,101.88035896493126,train,1.4253289434703056,-1.3018227522210977
WF_00535,74.72155266495973,test,-1.6260844886265164,0.29638302011675466
WF_00536,94.10205895274831,train,0.7248546715562,-0.4886825689629625
WF_00537,77.21997211435053,train,1.4221063499235564,1.4066155336506445
WF_00538,75.65465889368221,test,-0.456809980738664,0.32371889557906497
WF_00539,69.88580190607772,test,0.10144743065004946,1.2357828929941415
WF_00540,81.18631391180305,train,-2.0078930508046704,-0.7556467164251925
WF_00541,96.67445782929263,test,0.2667361679766415,0.056143340244167284
WF_00542,82.40897626438719,train,-1.0635597294347174,-0.9810871581162783
WF_00543,100.08200811724654,train,0.19963501791151453,-0.4136052427444181
WF_00544,83.62785825370618,train,-1.5612029221888803,-0.2621042227446291
WF_00545,81.24703757540195,train,0.5428582244775959,-0.7258582206871392
WF_00546,93.79034138039216,train,1.0245126754266898,-1.215502858845695
WF_00547,92.34097368817555,valid,-0.7831798617151676,-1.4135173236526528
WF_00548,94.84184723982784,train,-1.1369225814104345,-2.339748115707397
WF_00549,81.76150980074642,train,-2.156023042549981,-1.0563464635034578
WF_00550,70.08946834508873,train,-0.26641353407517704,0.6274938966718445
WF_00551,83.82577619765645,train,-0.5815939342816051,-1.598498532013283
WF_00552,84.74286521110196,test,-1.5510194123480547,-1.368122846253305
WF_00553,83.45520668227755,valid,0.45301875631217164,1.790898571232915
WF_00554,83.0711594080909,train,-0.44997038186464916,-0.636496049848254
WF_00555,68.24036979153357,train,-1.0757359586452324,0.3210460091648358
WF_00556,77.4830248491943,train,-0.5545724056404471,0.6423171465004947
WF_00557,78.04179855698904,train,1.0713045389296156,0.6625261297812802
WF_00558,82.24930093777647,train,0.6029369437552222,-1.5223142306080597
WF_00559,82.57517617820636,train,-0.13002606149848983,-0.23105967989949022
WF_00560,101.27156357695083,test,0.6191050184648526,-1.6182272695183921
WF_00561,63.18137559941676,test,-1.160911956386739,2.4463178589103234
WF_00562,82.71786444643953,test,0.03237010072703053,-1.5948752640156
WF_00563,84.4995330194938,test,0.14732233048647056,-1.0478402188698202
WF_00564,89.6874595720615,train,-0.4698365084987269,-1.0406008548415047
WF_00565,104.8666640971238,test,0.43545833595741784,-1.4966604767228804
WF_00566,79.19194058079746,train,-0.7804334546444512,1.3525939097565454
WF_00567,77.49655820068814,train,0.5098207077761179,2.422447901083496
WF_00568,88.36640666833307,train,0.5518587715312919,-0.4757491193126174
WF_00569,75.2066255225299,valid,-2.917159880697066,-1.32042314684441
WF_00570,100.25391241866195,test,1.1903057035101177,-2.236925498726021
WF_00571,69.04338843051596,train,-3.047632565352754,-0.24410871852210148
WF_00572,80.47815083107024,train,-0.6160490255561253,-0.31636542316144384
WF_00573,87.48454225885587,train,1.025348034257755,-0.6512961263601446
WF_00574,78.2299290998452,train,-0.31728672525244067,0.2213752539762284
WF_00575,60.93626354098648,train,-1.466185982469542,0.3951731428154863
WF_00576,72.6927962481945,train,-1.0937370617166706,0.32308325793790066
WF_00577,92.29977045093261,valid,1.0269057463206197,-0.3161248719684872
WF_00578,93.02503115591338,train,-1.9215045305486382,-1.101621829574262
WF_00579,83.32179198083014,train,1.1289911009620173,0.6658330978067158
WF_00580,73.39783907811115,train,-0.05510209904228934,0.012513759421530454
WF_00581,72.0843749135681,train,-1.1923953304424335,0.8883575248346502
WF_00582,74.27431576043148,valid,-0.5831150723026911,0.7900755494722314
WF_00583,87.7041501252306,valid,-1.0172243411016413,-1.4217620690471156
WF_00584,100.22790523092243,test,0.8662252008585286,-1.4342222074576032
WF_00585,80.25435307929483,train,0.7324278097628383,-0.7555407187405284
WF_00586,80.44580675529258,test,-1.7191611338760466,-1.056265408290668
WF_00587,77.77729578404156,train,-0.4035921185193341,0.7552517759761007
WF_00588,69.33992377624628,train,-0.8631856623442771,0.35130967598791774
WF_00589,86.25064656331257,train,1.2935099684593703,1.0991839937853107
WF_00590,57.844458049482824,train,-1.350099118126421,0.3964868174109183
WF_00591,83.47291253640044,train,1.604229104685014,0.20864958187336902
WF_00592,71.66339462657145,train,-0.033294739516937566,1.1997297803441704
WF_00593,76.27310599050031,test,-1.1619344063800876,0.4697273397350485
WF_00594,75.48741363443811,train,-0.6772741840092779,0.0681009634377188
WF_00595,71.98680822651926,train,-0.8016188407684506,1.4804530339306854
WF_00596,62.88600676834429,valid,-1.274618402015506,0.11518088315279006
WF_00597,70.39103902086163,valid,0.09482685973037566,-0.30434060491792164
WF_00598,77.31266207201674,test,-1.2279155506918433,-0.8378232587776496
WF_00599,49.29465485941812,test,-2.1803662087381888,0.7030254590454112
WF_00600,82.56826962086062,valid,-0.3796764708481731,1.2370505418424689
WF_00601,65.6673953623624,train,-1.8028561964178826,-0.05058740143343007
WF_00602,75.17184841943406,train,-0.7521608680675204,1.3079156237798386
WF_00603,76.01689953654542,train,-0.9091028886033559,-1.970015031971576
WF_00604,83.7845285712382,test,-0.8712160720258142,-0.0554533748079148
WF_00605,103.66022023470323,train,2.0009631015901537,-0.04009491210443619
WF_00606,74.66930908709668,test,0.05641156716957076,-0.726994372407347
WF_00607,71.84285451873026,train,0.24537100899533215,2.383861037981873
WF_00608,60.94759949137052,train,-1.7763982963422946,-0.06619263268876116
WF_00609,79.58998060463375,train,-0.6539631336369219,-0.4077307716044333
WF_00610,81.08040979124274,test,0.21530262994151197,0.02596211343350502
WF_00611,87.9986444254408,train,-1.0245289129130064,-2.0028137385258296
WF_00612,81.60262648594363,train,0.9080628435179854,-0.7598679253449151
WF_00613,74.55120047856718,train,-1.2026965859010301,0.9832399694454041
WF_00614,69.31737942041455,train,-0.2863661358651756,-0.6289453549327747
WF_00615,87.69722479968782,valid,-0.5860516399755586,-0.8288751628002715
WF_00616,83.01679769088419,train,0.16432065938191598,1.3095256365144003
WF_00617,70.36609234395533,train,-0.640490071855426,1.340254400951829
WF_00618,78.14039601583896,test,-0.27089362707093734,0.5169904721611418
WF_00619,83.99046062207279,test,-0.23613009177798555,-0.4551173340386673
WF_00620,82.82950027508876,train,-0.734387757391301,-0.23947106511632352
WF_00621,95.5523473945266,train,0.48509386849711267,-0.804149961574959
WF_00622,80.13699659711128,train,0.23838837483742528,-0.9947731190286448
WF_00623,79.81124990624289,test,-0.0886139452531673,-1.0444164883084324
WF_00624,83.5004316268786,test,-0.4304583334619581,-0.6180544067852075
WF_00625,89.90829344493059,train,0.796544030519997,-1.034720990684745
WF_00626,85.83754065700776,train,-0.23583424381418136,-1.563705118543149
WF_00627,77.13215197720805,train,-0.3066972878259372,0.21940266975390574
WF_00628,79.51623515043586,train,0.10469002988812601,0.23459558089343707
WF_00629,80.71547866175678,test,1.6965866829708507,1.7007927584283167
WF_00630,76.4445030191548,test,-1.340356208021204,-0.6683383683547026
WF_00631,83.95005143711292,train,0.7698568930553547,0.29610058962327057
WF_00632,60.90239953727086,test,-1.893171161238105,0.31271257927480167
WF_00633,81.03086592980615,train,0.21727315822862395,-0.2538375611255331
WF_00634,79.49338754261903,test,1.5750828276087308,0.7443335887496761
WF_00635,69.52841602996172,train,0.48866852446730713,0.7752291868507144
WF_00636,80.06101615175892,train,0.1706250785397928,0.32741109519753997
WF_00637,85.85781354597697,train,-0.5604494688030756,-0.25563970504779554
WF_00638,79.91436583445449,valid,0.03104720048855424,-0.35753010855453504
WF_00639,91.020055114762,train,-0.2520628154033563,-1.3677538987970592
WF_00640,62.26410200213572,train,-0.7859766079313554,-0.8059177786176916
WF_00641,83.45607240634295,train,-0.28987561547486984,-0.6220075239016879
WF_00642,83.64144998341116,train,0.19838116062643954,-1.123971762429434
WF_00643,72.304121156699,test,-0.7672170685306403,0.43992396668766426
WF_00644,74.07743527207691,train,-0.8062818206846841,1.19662786898701
WF_00645,74.65599575534823,train,-1.3602434375921744,-0.9080624323291501
WF_00646,67.75977636830548,train,0.3907250260888961,0.28344143574463715
WF_00647,93.75080581528614,train,0.5453232619670604,-1.0341111395297102
WF_00648,72.64821427873594,train,0.23166044423651747,-0.30492217093916213
WF_00649,90.64764675796685,test,0.9651704927286658,-0.6903295791777758
WF_00650,75.33777075836645,train,0.08786763708072752,0.6018956486064415
WF_00651,77.84879566581894,train,0.3920109373657567,-0.6787881738421783
WF_00652,71.97205769877529,train,0.30383742563756283,1.0116604137066467
WF_00653,95.44401350507817,train,-0.09154001941820787,-0.24572077366219902
WF_00654,78.67775521003337,train,-0.5308218281296473,-0.6496037095948308
WF_00655,85.78691160585423,train,2.214152615791911,-1.253305262345163
WF_00656,76.81390963270357,train,-0.4519509798535085,0.2532045102953498
WF_00657,68.91963856485188,train,-0.6658777111204364,0.8952184022261802
WF_00658,81.61443495443791,valid,0.43400982345010697,0.2733212565368742
WF_00659,79.81831311777628,train,0.25185441529500513,2.238831666414424
WF_00660,50.25863213623227,valid,-1.4047915476103274,1.4297874524704182
WF_00661,97.1780942495529,test,1.1226782545637386,-0.3075277647170156
WF_00662,74.44974486985681,valid,-0.09419457535083331,-0.31802743380706927
WF_00663,67.6107327203194,test,-1.1109310952157205,0.4696967194853532
WF_00664,88.45830131616374,train,1.188784114353874,-0.8380191804256851
WF_00665,88.70607609015993,train,0.625675571596154,1.1662883065324867
WF_00666,60.725652267276494,train,-1.2645419919479142,0.3616005218435837
WF_00667,98.999436716174,valid,1.7771828402577243,0.2564589108585328
WF_00668,85.12889695666495,train,0.6587973683661927,0.6869536677708163
WF_00669,79.94237636662531,test,-0.010196115625046132,1.722829883369059
WF_00670,86.18445567963981,train,1.5902188056217794,0.17095535218750518
WF_00671,70.42976261398817,train,0.15929778382964058,-0.11304037087138435
WF_00672,79.4329440334768,train,-0.02808307510403198,1.5087196233225784
WF_00673,59.94601446448852,train,-0.660300116021989,0.9675504159911353
WF_00674,83.75782571903157,valid,0.5818504393070786,-0.3209798403837223
WF_00675,84.48204287078956,test,0.4766029673239799,0.005186448659020086
WF_00676,73.35573550041138,train,0.014680139889711287,0.19538091593879858
WF_00677,70.19287500247066,train,-0.789986353867603,0.36181294460498287
WF_00678,80.95635634877134,train,0.12992985416607386,-1.356599850939114
WF_00679,90.10224318578364,train,-0.06979878576213788,-1.5424846078015602
WF_00680,71.74846675683143,train,-1.333474318734201,-0.8873900220024538
WF_00681,76.04398562337155,test,-1.4718123513241856,-0.9647384430113423
WF_00682,80.80517884996075,train,0.5651533788097695,-0.6438240139725026
WF_00683,57.64783685258499,test,-2.601888315051689,0.6347106420900043
WF_00684,86.00460789807443,valid,0.20541052696125997,-0.16892915632473834
WF_00685,63.64806787513859,valid,-0.4780830577538245,0.19639460501018827
WF_00686,89.71633453259996,train,1.3082466068799101,-1.2243034100422616
WF_00687,88.00001083010693,train,-0.49346820915387574,-0.46164220292094515
WF_00688,88.37268885568683,test,0.659484214251896,0.5872576617448404
WF_00689,77.60040919854563,train,-0.3969138412377916,0.5949524581768018
WF_00690,77.87883793080256,train,0.11374815348614345,-0.7245738281879079
WF_00691,86.13086346392865,valid,0.7368365309200512,0.1616623863795536
WF_00692,69.69757001872667,train,-0.46255571632458015,2.198847853482332
WF_00693,94.11885558304843,valid,0.996554884498404,-0.017597929255638137
WF_00694,70.9573815713587,test,-0.9936978771064832,-0.6931869461424454
WF_00695,80.01308741006346,train,0.2945928425583791,-0.17376238936216024
WF_00696,98.15896288768205,train,0.9226397227878528,0.09217710752683304
WF_00697,83.2087077454045,train,0.6600374917903349,-0.1511683806905494
WF_00698,78.41987815155666,train,1.9164448767354103,-0.03135470067650179
WF_00699,80.48439066055883,valid,-0.7634393173106605,-1.4434467969368396
WF_00700,82.81656960216796,train,-1.379149251348588,-0.9626304750859512
WF_00701,73.6211317673325,test,-0.9943351084951194,-0.14933523707149754
WF_00702,100.45618998552139,test,0.660442566548437,-0.1652679700224367
WF_00703,84.63912248199495,train,0.4979229342693786,-0.5661892748600006
WF_00704,81.56378292662927,train,0.10225665964741577,-0.17701358607643694
WF_00705,69.21193934564222,train,-1.12295704910713,0.06101485541420536
WF_00706,75.33704399076575,train,0.7668672933290608,0.8894134565245253
WF_00707,68.05138868250258,valid,-1.2247047776505404,-0.09921173522605088
WF_00708,76.52136011164605,valid,1.1589495823768998,0.3991032052982532
WF_00709,105.63416574677316,valid,2.857438423139865,-0.541600301433921
WF_00710,81.25581799067041,train,0.3664511465715505,0.5720957235984819
WF_00711,84.67749452651105,train,0.5831081356577431,0.3757302976123567
WF_00712,73.7009612202431,train,-0.4928597688955594,0.8658170031798195
WF_00713,57.79297363225762,valid,-1.8102133210868163,0.7134604624444878
WF_00714,68.09142378907292,test,-0.6027193630302223,0.5887356228811461
WF_00715,76.3207602016675,train,-1.0928952410987494,-0.09841740865778026
WF_00716,70.66551162046085,test,-1.4470045764150157,0.24493922704446816
WF_00717,84.24006386201667,train,1.7223599419956492,1.0635089284515264
WF_00718,79.19387266099274,train,0.272862518025773,-0.6520745694027944
WF_00719,84.65389801539946,train,0.37968758061398367,-0.6284077786968656
WF_00720,86.45109757755102,test,-0.30902236519624954,0.18143139795036198
WF_00721,82.44494293055182,train,-0.17287108244343635,0.41527969026545347
WF_00722,89.57670136623689,test,0.9645506822393334,-0.8241064992640045
WF_00723,89.29495877228509,train,-0.03233711869521544,-0.07476256341330836
WF_00724,72.96468593719203,train,0.5306939380247327,-0.09399877422878479
WF_00725,74.36504830093673,train,-0.19600429784501586,-2.2152801156034707
WF_00726,66.05685421977282,train,-0.3421528907320472,-0.21959398925875973
WF_00727,62.68239569860962,test,-1.406914165601862,-0.1573178328484663
WF_00728,80.74899112990514,valid,-1.977749062367128,-0.16029294282301915
WF_00729,75.2557353029907,test,-0.2615619010664018,1.4159142745772682
WF_00730,75.98278928379413,valid,0.05649669199323269,-1.2157982985088753
WF_00731,63.90857543547591,valid,-1.286130036708791,-0.8246225712046127
WF_00732,100.62842935440563,test,-0.03447486503463288,-2.612195798319334
WF_00733,70.90814391944762,train,0.053752562990502024,-0.4809166661741407
WF_00734,79.90349911225147,train,-2.156008006059379,-0.39564355412600094
WF_00735,58.07382599567211,test,-0.9151246594795012,-0.5099771763342562
WF_00736,76.55762097980121,train,0.4072638937354685,1.10767733948376
WF_00737,70.19469784495996,valid,0.3870587293957439,0.8606175223369632
WF_00738,71.49657071397306,train,-1.1536749163997606,0.07785672426730414
WF_00739,80.17479648441925,train,0.15844805049973495,-0.37061305353986224
WF_00740,76.63610903559153,train,1.0224072253604721,1.0261896681068639
WF_00741,76.47038040714112,train,0.7770729589908982,-0.01975785983585163
WF_00742,82.29613341286517,train,-0.09528578701393456,-0.8182700389184578
WF_00743,84.68297926192555,test,-0.4679763133242924,-1.7162486774845516
WF_00744,87.09162293033341,train,-0.6293444843345044,-0.44131449389568267
WF_00745,77.46450599217602,valid,0.4678197829096571,0.7546436171726086
WF_00746,70.20233083157424,train,0.19510397314288802,2.2765386895430897
WF_00747,59.129523993966096,valid,0.6294040061022004,0.06161034618947592
WF_00748,78.42756160124583,valid,0.13187381312115198,-0.7653555151203043
WF_00749,84.34383468171688,train,0.8187639503474419,-1.184965208284214
WF_00750,86.75324097535791,valid,0.09459253295770016,0.5519548963055988
WF_00751,98.37399491837286,test,0.7846887161316864,-1.7646160523842684
WF_00752,89.3060226071322,train,0.8708227703666389,0.5503451014048882
WF_00753,70.49241210497152,train,-0.8045266302248135,0.8177116062629123
WF_00754,75.30959239033761,test,-1.808144046870746,0.43627945323286405
WF_00755,81.32938864162637,train,1.5434928560145533,-0.21966167193855743
WF_00756,72.35266963853866,valid,0.2566587307122617,0.5649406535468146
WF_00757,67.51742846168196,train,-1.7144858954961215,0.17093837112829996
WF_00758,79.4347487041122,train,-0.7138194972187111,-0.7781238418605918
WF_00759,83.35969909614978,train,0.7718742923698284,1.8504123223750257
WF_00760,81.18538552523684,train,-0.279676831132893,-0.3516793796105163
WF_00761,83.16181988652768,valid,-0.5120614193191271,0.7757523004499094
WF_00762,90.30321367352889,train,1.4008818603129667,-2.4186142826957147
WF_00763,81.3160276519546,test,-1.0472871463838105,1.276470882780929
WF_00764,88.93558716324374,train,-0.7981533577548339,1.4687637446545818
WF_00765,79.67805538536206,test,0.21138647504826755,0.029833787126638218
WF_00766,79.35527352773734,test,0.39045493205388226,0.5587710347377585
WF_00767,76.31681873549041,train,0.4963430343407315,0.5585151816075627
WF_00768,89.52302188577649,valid,0.9112380445689469,-0.6427835696407243
WF_00769,78.14518698349168,test,0.19857862068151685,0.5471223054393403
WF_00770,84.89472881160295,train,0.48938393893840915,-0.8086304698725554
WF_00771,91.51575469833807,train,-0.2592092593150832,-0.6087569236453261
WF_00772,66.90032626789362,valid,0.06269830323671424,1.1269431432122987
WF_00773,75.45725880514533,train,0.10753418005363442,0.9746576907002027
WF_00774,85.55329322891149,train,0.21509813581903608,-0.7063755021157926
WF_00775,80.46700323255247,train,0.7725398075827608,-0.7335763435010406
WF_00776,95.76545296900164,train,0.555145681944831,-0.6455966024576721
WF_00777,80.65530110935592,train,0.0442170029001831,0.7326395664654908
WF_00778,86.68356010498643,train,-0.8091259849410398,-0.9999847808103971
WF_00779,80.97740973867842,test,0.06767125806270954,0.3567126390359526
WF_00780,70.03536485656517,test,-0.028017784895743934,0.7468468106342946
WF_00781,78.26180834777117,train,0.19318157981319836,-0.08824545029310012
WF_00782,87.79339693851942,train,2.206525307140402,1.0100636968649277
WF_00783,75.95476156311418,test,-0.5237727785412354,-0.30431016948979245
WF_00784,87.02043402194131,train,0.42228901912535954,-0.2138556009939144
WF_00785,89.67632777114339,test,1.0684620672442982,-0.9772462311318565
WF_00786,79.84591409955499,valid,0.09800191409938289,1.0171773476202053
WF_00787,95.78233589008349,valid,2.337845119172165,-0.7665204469788703
WF_00788,87.97823187617698,train,-0.3780392917314767,0.3497718177150592
WF_00789,76.67064989771566,test,0.32408922232004705,-0.07131606712593476
WF_00790,81.0147399693596,valid,-0.798805744892982,-1.0527830631116626
WF_00791,77.6014817678891,train,-0.35152473514329313,-0.6091031438233208
WF_00792,74.94596816711758,train,0.2489339103966579,1.382872239040734
WF_00793,68.56098195183672,valid,0.8463040623077297,0.20165754263448052
WF_00794,82.21657199668185,train,0.3190948340235742,-1.009150341366842
WF_00795,88.173637278484,test,1.259114849334736,0.30532828734869183
WF_00796,87.23760019239879,train,-0.09496531059267174,-0.1461140315945451
WF_00797,65.4981867664813,train,-0.33216852983900536,3.4540464022441815
WF_00798,102.88860469537991,test,2.7039851072793866,0.2851238413422724
WF_00799,79.0292793344289,train,0.39423764944203077,-0.3806248470663645
WF_00800,83.52313315514199,valid,-0.7194815459785476,1.4200279177871042
WF_00801,79.88338581121575,train,-0.6942637622480688,-1.8410361672928455
WF_00802,72.26018572184499,valid,-0.9426799145313405,0.09432015638109745
WF_00803,75.74511371359118,train,0.9365693558567879,1.9944284946810726
WF_00804,64.54521047438107,train,-0.36437729289324183,-0.11619928435975406
WF_00805,91.3643504215894,train,0.12736247565648562,-1.7333010446480788
WF_00806,75.49361931392814,test,-0.06350867443826871,-0.39591796441059773
WF_00807,75.02793383926824,train,0.7314924079409346,1.4545180409590368
WF_00808,70.36987147258232,test,-0.8467440928840201,0.37606959632077114
WF_00809,71.55467060136274,train,-1.0755722861430155,-0.8388561095125178
WF_00810,92.16243201906529,valid,0.22429730718159427,-0.685242807179024
WF_00811,101.34482154712062,train,0.600959284699897,-0.5597002711498134
WF_00812,71.14905150066225,train,0.33253231309764075,0.36119788405399617
WF_00813,76.56829704885065,train,-0.8094537290973276,1.3381961329386531
WF_00814,74.45466539005052,train,0.6774848420913938,1.052423012799171
WF_00815,81.93950915359942,train,-0.7438609270956342,0.45601218210912847
WF_00816,84.77191011211241,test,-0.5215386447863833,-1.3316447600574832
WF_00817,69.28847801012147,test,-0.9439535247220022,-1.3279325139934413
WF_00818,89.8038078594667,train,1.3011583486520308,0.5332520212137634
WF_00819,81.58833086242787,valid,0.6334215410273492,-1.3454710979328943
WF_00820,84.33996768350863,valid,0.6049933756788733,-0.22556702106860427
WF_00821,83.8616177703915,train,1.2472114211424503,0.304150446186177
WF_00822,101.72704012493637,test,2.8126492482387233,-1.1375939953626888
WF_00823,63.121501992768806,test,-1.7092261039101555,-1.0242623343588635
WF_00824,81.84078636723501,train,-0.7383765808771081,-0.09412106456781866
WF_00825,89.23671877139354,train,-0.6161750841745238,0.5036502875240538
WF_00826,83.27469715686561,test,-0.8508196223826928,1.0615187704137568
WF_00827,64.16314489244094,test,-1.0775832476037126,0.6070534347705518
WF_00828,77.50270603223102,train,-0.2996530640553656,0.07365659499219453
WF_00829,68.9305447855796,valid,-1.216603715289405,-0.7461947535570493
WF_00830,92.99597422774056,train,0.3350423675374132,-1.0709069958445192
WF_00831,88.63913707549814,train,0.051698321428614635,-0.5108770883291476
WF_00832,79.03803585312961,valid,0.4810286647636553,0.40993558498056715
WF_00833,82.3799555373908,train,0.5077284516382525,0.33662370662734287
WF_00834,74.01369268661179,train,0.6030068534266765,-2.0999019857251224
WF_00835,66.29471837763155,train,-0.3734089368238823,-0.785677028267503
WF_00836,86.16751066261186,test,2.1211434026336673,1.2045075516061559
WF_00837,92.1967302810525,train,0.23443111648209775,0.07921504780413943
WF_00838,61.14997477105952,train,-1.862484752624795,-1.417008913102986
WF_00839,63.76232831384491,train,-1.0023757457662175,2.3558211815981513
WF_00840,77.78834125761833,train,-1.7405029890278156,-0.028941732314764643
WF_00841,74.46625538347013,train,0.01733462915130733,0.38433395931340797
WF_00842,72.14945354174002,test,-0.12180522405333363,0.3995247560451345
WF_00843,83.53976512162873,train,-0.4684256978994578,-0.36759546616018607
WF_00844,100.27297116030404,train,2.010926112400514,-0.7275736818213943
WF_00845,74.58950976942594,train,0.5489828740769108,2.1216749850659404
WF_00846,77.11583386830335,train,0.7260983614463344,1.0032058696177506
WF_00847,71.35003788469777,train,-0.9310734879421032,0.8219372011086765
WF_00848,63.17829103576909,valid,-0.9991448913310123,0.5762891917182107
WF_00849,83.95007539271323,test,0.03680549909695475,-1.0033173903616845
WF_00850,69.88419117760834,train,0.17300713965222583,1.2775301917402737
WF_00851,74.4120358178977,train,-1.856311567114457,-0.8431326580117493
WF_00852,82.36260771279893,train,-0.18030702284953407,0.2832867981506457
WF_00853,93.5949465482724,train,0.014072082873504806,-1.6393899054645689
WF_00854,84.98173375634245,train,-0.21514916577112894,-2.0408588506475196
WF_00855,75.73516272094744,train,-0.8133904123466764,0.3182912026531147
WF_00856,87.37828264677177,train,-0.53953518192114,-0.8090992671949081
WF_00857,86.74316374872015,valid,-0.17685919357279603,-1.9891675712972732
WF_00858,77.89260634981747,valid,0.09080002361004777,0.5406095029470755
WF_00859,78.52137835813204,valid,0.604791582550568,2.120080771050789
WF_00860,76.05599320184004,train,1.0808562049508712,1.3895602585800617
WF_00861,70.88281088554808,valid,-0.2943477235272498,-0.2573178852656725
WF_00862,90.34701608870449,train,-0.45615619611535785,0.00884530669694572
WF_00863,75.01039818957295,train,0.43765567353430623,0.8877062567839132
WF_00864,89.56435320781095,train,0.6108449164108543,1.1221280198349068
WF_00865,69.68621070679016,test,-0.4342004332588856,-0.3435357188256987
WF_00866,80.22114376103173,valid,0.7903934769661722,0.034177715724574294
WF_00867,92.14944473476483,valid,0.9795853411559731,0.30061480676453645
WF_00868,88.58653586068381,train,1.291686465658673,0.5538763202788318
WF_00869,94.4553547555699,test,1.7783209067198225,-0.13307644201126692
WF_00870,85.55753227943097,train,-0.8664161386594389,-0.12008524506874427
WF_00871,72.44949639028536,valid,0.01389820933251119,1.3798323297543882
WF_00872,81.37017413538321,valid,0.011277696618660139,1.2095207024428862
WF_00873,78.40603317054023,train,-0.0980735685325076,0.4774105734360883
WF_00874,73.41726547709864,train,-0.6492629196101362,1.7191090700229286
WF_00875,67.50636799847832,train,-1.4855620032310715,-0.386445762226417
WF_00876,89.38466236804697,train,0.0926794460290038,1.6229734486293805
WF_00877,74.80325997362203,train,-0.7683556595479125,0.5425154435355505
WF_00878,74.14216025743104,train,0.085993480747625,3.2710261222145895
WF_00879,76.88025353354419,train,-0.7940435416988534,-1.1924819267824778
WF_00880,72.41041058940984,test,-1.0996583458443414,-0.6893452522173416
WF_00881,80.38074383515485,train,0.2342983603768977,0.4187978282005477
WF_00882,77.61541067917453,train,0.15092152680649595,0.3972340529789919
WF_00883,88.00223800496676,train,0.579281971320933,1.9501389841750185
WF_00884,91.38304844407165,train,2.1858637664176253,-0.6683746832995339
WF_00885,77.55726955991918,test,0.2772895312108468,0.9049185186938843
WF_00886,77.5843228546474,valid,0.4850817670641296,1.1624630046819957
WF_00887,77.94199843951588,valid,-1.0775613288673254,0.7046478322206475
WF_00888,75.52662299731317,valid,-1.2869074405363745,-0.96099634192432
WF_00889,94.77163481765638,test,1.5828294467733337,1.407758805254198
WF_00890,71.1929847728295,train,-0.9234797799333037,1.2293249313154138
WF_00891,72.65752243149123,test,-1.043944071468642,0.5995845197903774
WF_00892,80.14784143695171,train,-0.03909892121655298,0.20434768720895413
WF_00893,70.11730402103953,test,-0.09019241337738836,0.22610801004437128
WF_00894,67.88066272643663,train,-0.9025065064432917,-0.07873579223937772
WF_00895,72.95489474164515,test,-0.3049732187131,0.6407851342526418
WF_00896,97.61387647908134,test,1.2293757176501043,0.031134852944977556
WF_00897,82.18598265209357,train,-0.8059936088317976,-0.8485249753526413
WF_00898,71.6776284178115,valid,-1.3936724843661716,-1.048591644827592
WF_00899,88.6253620845829,train,0.9425936208997923,-0.7520362536522921
WF_00900,90.32776937391144,train,0.4922969119380367,0.22213224254945177
WF_00901,85.94654603131188,train,-0.6205186206486616,-0.026955836435207322
WF_00902,65.75492109477534,train,-1.582167016126918,0.21534379328874922
WF_00903,75.72589058503522,valid,-0.7446233564385631,0.500813133546111
WF_00904,87.27772436878443,valid,-0.05470443684927131,-0.6273209259168789
WF_00905,82.06517600084047,train,1.165672089883819,1.4656601683453478
WF_00906,76.94412892191193,valid,-1.036581974869657,-0.2677108270474744
WF_00907,85.91883587721766,train,-0.08451988151147344,-0.433426984781509
WF_00908,90.37661935762101,train,0.675144659894898,0.4823862373324524
WF_00909,64.55337442971606,train,-2.3812673401219207,-1.8365102023750728
WF_00910,89.60725220403454,valid,1.0337861679388998,-0.7905344497229193
WF_00911,75.92994758077126,test,-1.1824505722064373,0.981072798691833
WF_00912,78.1996723603272,test,0.3319954934569346,-1.7374219290621107
WF_00913,80.33932301942458,train,0.24668314961074406,1.1175741969331559
WF_00914,73.3471904606368,test,1.084586391463845,1.5111365663591347
WF_00915,76.72944741555237,train,0.5509243808935403,-0.36945533782374834
WF_00916,70.12621997747235,train,-2.377290491729981,0.29181276742631007
WF_00917,75.00343078681985,train,-0.7847792471559913,1.1190870848510266
WF_00918,80.45724127860316,test,0.13820512935328008,-0.4667891880435197
WF_00919,71.9948300638515,test,-0.19497988611978695,0.8677755205261815
WF_00920,84.04210801300876,train,0.47761072975677044,-0.6711487951306716
WF_00921,77.88042804038753,train,0.7893665556697054,-0.47760229333317933
WF_00922,82.68599177346447,train,0.6084517364296791,-0.7993364643249737
WF_00923,89.2822781394715,train,-0.21427494255446522,0.3426471991948034
WF_00924,67.8690036891213,train,-1.8463370111204804,1.1579690525655495
WF_00925,74.70845740042782,train,-0.4554812488548173,-0.18411293211716429
WF_00926,86.47794552501983,train,0.4163681481389552,-1.2712491599124032
WF_00927,63.93356413852651,train,-1.0904472525504776,-1.0827068222868157
WF_00928,74.09451223130021,train,0.6312747301215763,0.3945994213705404
WF_00929,95.31449670975961,train,0.9083932972673044,1.8441164133942693
WF_00930,74.24566820006254,train,0.12686697629584257,0.39372499931439753
WF_00931,66.54241586048514,valid,-3.063779866312396,-0.38689655065125267
WF_00932,79.4047778126616,train,-1.2780883627118034,0.7661839668502841
WF_00933,101.5493250803408,test,1.8861891585560817,-0.23949863558674636
WF_00934,81.72764349218974,test,-0.546537793028378,-0.3782852173642064
WF_00935,58.56076610899505,train,-1.984143223128996,-0.9584591056952636
WF_00936,83.60473402006414,valid,1.2352473883102724,1.4084488442463559
WF_00937,104.01978805535227,train,0.013355591543672855,-2.5392079174956637
WF_00938,88.8786607175746,train,1.1049404889577255,0.7978592002792693
WF_00939,77.24250397344312,valid,0.2769586752193653,-0.4637449377975369
WF_00940,81.9402576404059,train,0.4585591362121688,-0.4103407314516127
WF_00941,65.6149850773365,train,0.3630092477145166,1.6923151561178125
WF_00942,97.21770001444084,valid,0.697488311921,-0.7141310922000513
WF_00943,84.58051869975675,train,2.2774304485560983,-0.6800691540284102
WF_00944,88.22007722409926,train,0.9710063359591881,-0.13039423891953036
WF_00945,64.0172239001281,train,-1.580339317845535,0.41384738581223823
WF_00946,81.24661041029687,train,0.4466615152789034,-0.4418557822928694
WF_00947,93.33883368414374,test,1.1414807681032177,-1.5738589305358854
WF_00948,91.13500717757256,test,1.202700806536146,-0.8656981808817654
WF_00949,69.8509269500023,valid,-0.42660498305909955,1.2813338564645194
WF_00950,76.04258681344854,valid,1.1649444451881277,0.07477678913551145
WF_00951,75.68917916768079,train,0.9277423995512052,0.45108728370382206
WF_00952,86.30057962268666,train,2.57251743696973,-0.2614212071730376
WF_00953,80.1876104770517,train,-0.7500017362485115,-0.6594976961732696
WF_00954,80.45928621291273,train,-0.5074005764004252,1.677569449875411
WF_00955,77.737603983702,train,-0.3061190484599539,-0.18819185705108066
WF_00956,83.76062827400648,train,-0.4902221500387753,-0.44336987952712686
WF_00957,70.20480313710839,train,-0.890020749763603,1.0961423663553396
WF_00958,64.90309881804814,train,-2.762675505673743,-0.7223603588673853
WF_00959,72.04134568197044,test,-0.4346994737231341,-0.5947273437739967
WF_00960,93.43787045693888,test,0.36935805969990443,0.010246684016898003
WF_00961,88.47020889851039,train,-0.4932218455059107,0.00027010408817970173
WF_00962,83.94866686233632,train,1.9353811835291097,0.2596113479032144
WF_00963,69.0987145908312,test,0.013375812715862578,2.091669089395488
WF_00964,94.90817607165478,train,1.2910290551841355,0.33624824635237044
WF_00965,79.62284926768234,valid,0.26142041272996835,-2.3780539627508004
WF_00966,92.09917671549721,train,0.826407309893258,0.3262989434315609
WF_00967,87.91749687031839,test,0.27924155393356226,0.03787999448959883
WF_00968,83.67841883258676,test,1.3687846319035628,0.04345002435145766
WF_00969,86.32705287778401,train,0.05593935013240072,0.2459473093961707
WF_00970,95.3069788185805,train,0.4961207080887857,-0.028678287674799376
WF_00971,92.1119767211937,test,0.3663329336500437,-0.052612093055389005
WF_00972,74.04103554334404,train,-0.2882854581273188,0.6130442097707861
WF_00973,90.31571049341245,test,0.4049823189246768,-0.542080797194501
WF_00974,80.09694092138172,test,2.234386246197682,-0.9476863356391756
WF_00975,73.34631701478857,test,-0.270396942095442,3.023781452622391
WF_00976,73.48982457525092,train,0.4194648928532483,-0.7158574437812334
WF_00977,84.77838297746987,train,1.2577789508694428,0.10014291246007646
WF_00978,98.4781475551005,valid,1.1402532809442802,-1.4956602508753674
WF_00979,74.55455169960973,train,0.011716417719365251,0.11646841505142191
WF_00980,74.45296405089391,valid,-2.3833887029573617,-0.9332255506893351
WF_00981,96.70026251856147,train,0.5167028186484662,-0.44247294285001093
WF_00982,65.51052599571969,train,-2.2194742586230527,1.0450646657711238
WF_00983,82.32983789052898,train,1.469937230941231,0.47200956837807373
WF_00984,88.57874712381596,valid,0.16947387119326057,0.5684095245748191
WF_00985,88.42306348088692,train,0.999674019871989,-1.7712048383918628
WF_00986,82.79179156434077,train,-0.9021111381810512,1.8368951698290128
WF_00987,67.74493327639615,valid,-1.5525074733000543,-1.191881310941875
WF_00988,66.05965053888417,train,0.2607543841411672,1.528560814293865
WF_00989,59.11151463824986,train,-0.03360343995614198,1.0215438659814862
WF_00990,60.7757965980361,train,-0.4915408261571657,0.5773327417846801
WF_00991,72.2737026808064,train,0.08466128073276377,-0.8549847809083815
WF_00992,90.82024172117632,train,2.76743589203226,0.15158984481952292
WF_00993,77.62805279254722,train,0.8345255473690577,-0.4709214106448598
WF_00994,98.65130976759849,valid,1.049498605863319,0.029039571505291815
WF_00995,79.28042837926382,valid,0.8439368915533556,-0.24987225908555988
WF_00996,87.34475128142851,train,1.4794621438521929,-2.0386105065724083
WF_00997,70.60566807247827,valid,-0.1900716729007449,1.121784150984588
WF_00998,78.9103494535189,train,-2.0547613076752937,-0.08110715654936117
WF_00999,78.17052295866291,train,-0.1885861330060098,-0.484800399502237
WF_01000,86.5222283866111,test,0.8117357099965018,-0.5603272328297677
WF_01001,77.3939757044444,train,-0.9698003951150737,0.3584595763667682
WF_01002,90.55644485477762,train,-0.17636595048933035,-0.8937563382944722
WF_01003,80.97774329028974,test,-0.6917697430023131,-2.2551755584740434
WF_01004,93.28017494667044,valid,1.5020292518431304,0.40712980320827613
WF_01005,87.84437188438663,train,0.7494570154065637,0.5191029979568217
WF_01006,85.35788024962802,train,0.651540620643959,-0.1996318246776329
WF_01007,82.83728355298142,train,0.6216013131209713,-1.1479028751900089
WF_01008,88.48553533881582,train,-0.037249252552126945,0.08893554088928533
WF_01009,87.05634411101529,valid,0.1975562825275035,-1.4645323683135887
WF_01010,89.85079698581686,train,-1.1851845805323176,-1.0272305966876594
WF_01011,79.88420400862601,train,-2.1864419787505676,-0.7506979365041612
WF_01012,91.92613273003163,test,0.15008113034502407,0.8439390708915561
WF_01013,79.9474639999667,train,0.3239902562721444,-0.3626109504369171
WF_01014,85.39361721497798,train,1.2092645684253776,-0.4478664117764606
WF_01015,76.42356174760293,valid,1.5713358160823676,1.9546925154112462
WF_01016,96.4309601615888,train,1.5699984849989468,0.3524624971887139
WF_01017,85.81681939822671,test,-0.9980235932938778,0.33899451047482604
WF_01018,74.34362775040324,train,-0.3522650349497693,-0.3697007452087749
WF_01019,86.30130084742449,test,0.48033429588137955,-0.5963716676367777
WF_01020,94.3461446957701,test,2.5319046777421774,-2.1864064400171506
WF_01021,82.46553530167044,train,1.480099203713916,0.9687405319235582
WF_01022,96.99548412474192,test,1.1193971619983802,0.44830970575637913
WF_01023,74.91729242285328,train,-0.3877879555492906,-0.17916599321341334
WF_01024,69.04583841651323,train,-0.8831996311551246,-0.13722670183625574
WF_01025,95.30726389204652,train,0.7889078833832395,0.7361442622610551
WF_01026,80.74012231378204,train,-1.10066126423436,-1.554710073079853
WF_01027,94.77016571086581,train,-0.23843635098030264,-0.5898813315538055
WF_01028,79.79177514735504,test,-0.11477794900192263,-1.1363028628925305
WF_01029,77.75415412408994,train,1.592912089122808,1.7715092824867462
WF_01030,72.59389420465133,train,-0.35469730295967755,0.8756555318533007
WF_01031,71.34423931146485,valid,-2.4392496385726155,-2.2026926411353642
WF_01032,83.93807312864963,train,0.5044446476624683,-1.5137616266399756
WF_01033,82.4987505065291,train,-0.6990218531039264,-0.1323456733574863
WF_01034,83.402820577458,train,0.042631024437746814,-0.4724402120724247
WF_01035,75.47592958950442,test,-0.08670470084212364,-1.3243822080768883
WF_01036,78.35952272335614,train,-0.2737039958177683,1.9447622376504894
WF_01037,78.17109095939573,train,0.7903405817847039,0.3125399139825792
WF_01038,69.47251701074535,valid,-1.5328648783527072,0.4748163228630915
WF_01039,75.12496196029622,train,-0.5170142249543602,-0.6920149492322138
WF_01040,85.53592911561006,test,0.6840379131173813,0.7222741471780024
WF_01041,89.33461678196005,train,-0.6140847753443682,-0.3804327609820118
WF_01042,80.8152028689023,train,-1.6088067092699718,-0.2833431737074994
WF_01043,66.05126816297873,train,0.6685553432567358,0.6110019598252598
WF_01044,85.53847633117084,test,1.123094630441539,-1.6289975650602997
WF_01045,72.91869716811146,valid,-0.04499520764300634,1.5970278598509826
WF_01046,70.17453562931874,train,-1.9608455984695325,0.1823892147238758
WF_01047,74.18542460087232,valid,0.7059697466988162,1.2809442087804244
WF_01048,78.17326002105499,valid,-1.659887881419688,-1.0754197566188184
WF_01049,88.13600161064149,train,0.3087992768481657,-0.9231651240281931
WF_01050,88.3752978895568,train,-0.8874638247421598,-1.1619002215998122
WF_01051,73.62845604883059,train,-1.1598392857669653,0.2502976726648389
WF_01052,87.43950260833687,test,-0.4419100170796902,0.06598330191824608
WF_01053,70.9262474312532,train,-0.18329755642725984,-0.4644118192311805
WF_01054,78.22333310185164,test,-0.6442082503864482,-1.0140691928852794
WF_01055,88.3781344760328,test,0.5887032782151507,-1.2665962697308424
WF_01056,86.63851392529325,valid,-0.44606937845883377,-0.04848390047065598
WF_01057,75.38586536084034,train,0.980190871671822,-0.4655867795886001
WF_01058,84.88784752477504,test,0.28117316564347944,-0.6856069923582623
WF_01059,61.267010453112036,test,-0.697557206596308,1.5470894861316096
WF_01060,74.65626216968997,valid,-0.8659398838322859,-0.08232567819273391
WF_01061,70.37453266140757,test,-1.6474962990474387,1.2700429339269252
WF_01062,79.99401272355931,test,0.2907331778668224,-0.5332521826826966
WF_01063,82.32569424318534,train,-0.3545875472513581,0.24477628379865687
WF_01064,57.909207503915134,train,-2.3721955280635143,-0.055476016256334894
WF_01065,78.69059568647833,valid,-0.5357148727694001,-1.6976223095181227
WF_01066,78.73984665278458,test,-0.901034029254952,1.4283383062639128
WF_01067,85.81139027650582,valid,1.5756775921706603,-0.13515360703241588
WF_01068,66.38809219385008,train,-1.7027786118933097,0.7464182196329605
WF_01069,77.02393648559851,test,-1.4413507997340538,-0.7520287224615594
WF_01070,73.73141658218003,train,1.1099696431056998,-0.16484438157976464
WF_01071,84.36299594488018,train,1.3567631574639631,-0.8668523599233547
WF_01072,77.03809782327366,train,-0.7449829387256415,1.2359984827633934
WF_01073,75.77034195787604,valid,-0.6320858228089109,0.3114093474506757
WF_01074,89.2476245345666,train,0.6162353965533128,0.36705352668088814
WF_01075,61.685462862654525,train,-2.32709979694531,1.358184147104979
WF_01076,65.55745031005664,train,-1.8611936845055561,1.156341296899023
WF_01077,81.92339578849531,train,-0.28073340085071186,0.7653425361362853
WF_01078,74.91354893732672,train,1.549890566129126,-1.4217273470374627
WF_01079,76.46243044648992,test,-0.4357300881667396,-0.6956791195166836
WF_01080,83.61168194891373,train,0.10093679173515462,-1.0038881360113527
WF_01081,90.00178300186259,test,1.133789272564012,0.7275336936257992
WF_01082,95.55466961013084,train,2.106884733278146,0.1706519417500514
WF_01083,74.10135057035725,train,-0.5768484731483126,-1.3905124336305947
WF_01084,80.51111838151421,valid,-0.016836723733426057,-0.18874421301122754
WF_01085,87.14874457457563,train,1.8220552213428425,-1.4941123357187784
WF_01086,66.70181498805619,valid,-1.5221992751914284,-0.05315648806975988
WF_01087,90.43113302376501,train,1.0275810705538218,-1.6553725039871847
WF_01088,74.57699256668744,train,-1.0183155323612583,0.5288274933846129
WF_01089,89.62747634758159,valid,0.10247236710315673,0.37796262603407355
WF_01090,74.06690638868305,train,-0.24261904740027426,1.9079484933468815
WF_01091,70.84156114618544,test,-0.9580116007012293,0.8478732894973424
WF_01092,78.79799638927237,test,-0.9831019276582751,-0.42291425582250275
WF_01093,89.88722802263126,test,0.2764143642537545,0.818070093274486
WF_01094,89.74090190521704,test,0.9955393281626821,-1.3976638809451785
WF_01095,90.97054057247416,train,-0.1297362031885032,-0.9624726036810854
WF_01096,86.64778057005078,valid,0.07011315873321637,0.33314253207511
WF_01097,85.05962210696426,train,0.5711740662910472,-2.1582496627479273
WF_01098,76.48760451789805,train,-0.9716187730129598,-0.037160784933883036
WF_01099,85.07058209373348,train,0.739692508412923,-1.0202632921184207
WF_01100,80.42208343514213,test,0.819343097059747,0.10130705515326355
WF_01101,102.61966408960679,valid,2.60362629875041,-1.0777363580472634
WF_01102,81.17140814961328,train,-0.3761041905595823,0.42424813745518875
WF_01103,74.20318675016664,train,-0.4580818016681276,0.01932742366738962
WF_01104,82.03992940042542,train,0.7689658715737455,1.4003659168813305
WF_01105,84.81220183402108,train,0.8191041689121383,0.006734534101622121
WF_01106,80.35746831939564,train,-0.535087153376712,-0.7686428049614663
WF_01107,82.79760932521975,train,-0.40316267693004887,-0.2468858558272829
WF_01108,89.06520812984249,valid,0.5411308382180404,-1.3442363970167315
WF_01109,74.4748834744398,train,-0.8275842407346614,0.40613725470544
WF_01110,76.96351462929746,train,-0.4105339880150149,0.5898502463152723
WF_01111,67.73254964265732,train,0.08959276736843465,2.469196036692818
WF_01112,84.9042230611657,valid,0.9959386848222581,-0.6218359906044048
WF_01113,81.4429386304453,train,-0.6045986161795408,-0.2677945736751827
WF_01114,74.05065241450399,test,-1.842384462030672,-0.5757585244382156
WF_01115,73.53126367673306,train,-1.916597467518211,0.21211370113122407
WF_01116,82.944246886005,train,-1.2594130667061334,0.38169053447961365
WF_01117,78.35903919043601,train,-1.3131677181999373,-0.05337484442851077
WF_01118,80.0505754832863,train,-0.15461075861990903,1.0863259168730321
WF_01119,80.63338349715461,test,-1.188880153597605,-0.6169795037547775
WF_01120,70.7921584041499,train,-0.7027549598212041,0.9861740478907121
WF_01121,64.90492422062005,train,-0.7740858849820498,0.5384978536410825
WF_01122,84.80377987861972,train,-0.4405078608479934,-0.012029919898946523
WF_01123,93.13568844138369,train,1.3225043315231224,-0.31493664075714545
WF_01124,91.5183048689602,train,0.6619475894305167,2.4266677587313694
WF_01125,89.55000568671721,train,0.016129415276003874,-0.8170086507420794
WF_01126,79.20789585719976,train,-0.4610262805808381,0.29793317696841465
WF_01127,84.08797850122569,train,-0.4332326566230212,-0.7502190702421325
WF_01128,75.89565532582509,valid,0.3277464699519495,1.7856207486213058
WF_01129,68.24829837639169,train,0.5841690733522902,0.8868263287992036
WF_01130,66.14577398008991,test,-0.9076175061006004,-0.6783498788411441
WF_01131,80.051374258319,train,0.03648075561423148,0.5125949934312284
WF_01132,67.65727424711189,test,-2.031619568663027,0.2576957212765554
WF_01133,61.70838448075175,train,0.21171378417059702,-0.5166247619747387
WF_01134,83.34211836065224,valid,0.762149241958686,0.7581642172281733
WF_01135,76.26687269670771,train,-0.2800686268808754,0.38930539110441015
WF_01136,87.5880246105708,train,1.8165269961401054,0.21569871388595227
WF_01137,70.92004698270343,train,-0.8812384474360504,-0.04191971124232876
WF_01138,76.72027074861874,train,0.21744041530326128,0.43105449259965123
WF_01139,84.86531185920018,valid,-0.035824746665955476,0.22938766149245945
WF_01140,82.9162980994518,train,-0.10029766744340833,0.05909333302501734
WF_01141,72.5916185658309,train,-0.11432216800474763,-0.6410159159875635
WF_01142,75.26399612934044,valid,0.10710503000947168,1.6937662407624925
WF_01143,88.64353167362474,test,0.8479587434636998,-1.050419943348547
WF_01144,83.54839647434751,train,1.3777362362747443,0.427636218879745
WF_01145,83.75060847205417,test,-0.0022502445041573905,-0.3202407423014329
WF_01146,83.70798573413568,train,0.8153160721716332,1.7595472694492997
WF_01147,68.22282681167741,valid,-0.7017669462667825,-0.9034825372238406
WF_01148,76.92805309694344,train,0.765955452726233,-0.7352632617603321
WF_01149,76.3017678544218,train,-0.7619915238269903,-0.9698180632618253
WF_01150,86.75209723473807,train,1.0906599360881322,0.3234650509506103
WF_01151,84.66704438567207,train,2.2106408773932396,-1.3730506595686418
WF_01152,76.3198202450413,train,-0.12208388797139179,-0.47852849475776627
WF_01153,72.31706026996787,test,-2.1925434908074086,-2.152365822854285
WF_01154,73.4153050100986,valid,-0.548072933244823,0.24042135412809051
WF_01155,97.83252640610938,test,1.2318751342893033,-0.5002148587562626
WF_01156,94.42112409761188,train,0.5530767870252449,-1.488056743931853
WF_01157,85.83881203846941,test,0.24891359867502955,1.0856094029740586
WF_01158,108.72061878737145,test,1.008668355954839,-1.3076668983849393
WF_01159,90.45517868237775,test,0.484453439248422,0.7969436900282153
WF_01160,93.93322286366761,train,1.2177251874511363,-0.7010408239878044
WF_01161,85.24623245824723,train,0.9194236766469855,1.601571377895426
WF_01162,83.1505301931467,test,1.5217004527369589,0.7495505389261462
WF_01163,91.93158796969912,valid,0.35879608390625434,-1.0080478708740281
WF_01164,83.79963420000038,train,0.9052594014939547,-0.9170825522103063
WF_01165,80.43289728136314,valid,-0.3071270730857854,0.60552520522431
WF_01166,78.57233463713216,test,-0.6014608115590059,-0.2623781307101668
WF_01167,86.92841888418738,train,1.7067676404189733,-0.16934250702136555
WF_01168,80.83393450887715,train,0.21620467632268803,1.2722388617720979
WF_01169,87.93369397816436,train,0.804880565862379,-0.7486888733699565
WF_01170,65.20386424447139,train,0.12374001441139017,0.09129377217545448
WF_01171,72.6704180067672,train,-0.5865156509199643,0.954627793652306
WF_01172,78.52748844022666,train,0.010982892582401323,0.8091174883856003
WF_01173,83.19809733771869,train,1.4359940177677142,-0.1596126675206725
WF_01174,85.77690762154758,train,0.555240074279424,-0.2889058808526582
WF_01175,76.41573714967025,valid,-1.711473159730459,-1.7388154625209316
WF_01176,90.63649006958067,train,-0.2152444565761547,-1.0562449926651958
WF_01177,95.61591908249707,test,1.782293792704712,0.3183592265747336
WF_01178,85.68599673435727,train,-0.21379686184995605,-0.1378821889422362
WF_01179,76.25472895254858,train,-1.8004786917341806,0.07492707856622638
WF_01180,81.22841990894433,test,1.8930488854225436,1.0392536096340605
WF_01181,94.98397877126071,test,0.6823925098127926,-1.1873231090622745
WF_01182,85.69840863438277,test,-0.0700128588128004,-0.23618030223264996
WF_01183,70.0737664065736,valid,-0.37141773608206863,0.1887109634112177
WF_01184,96.27815937748915,train,1.0823519297917354,-0.704159937574516
WF_01185,56.65780089771877,train,-0.5419834002261925,1.431477113927417
WF_01186,78.39429633458622,valid,1.1482564245159883,0.9085868016131475
WF_01187,76.99131298949095,train,0.542195285724256,0.2901333270887555
WF_01188,81.34449647774879,train,0.24468192548734993,1.7942317793285865
WF_01189,93.39397652028516,train,0.14551480533559535,-1.4988952796101422
WF_01190,70.51531295615493,valid,-0.17496803671417813,-0.007726281105681772
WF_01191,94.54076790771073,train,1.0456401202092658,0.36633696893406104
WF_01192,70.58449384816122,valid,-0.8653428321018342,-0.9145550467939221
WF_01193,56.26508460837942,train,-1.6219251268302093,0.30071454181772833
WF_01194,80.58518851050653,test,0.6144401228924746,-1.106582493787878
WF_01195,77.85934196729076,train,0.6312383280671477,0.6905573182742532
WF_01196,66.20245607445968,test,0.4802411525117667,1.0578347681289066
WF_01197,88.3712992757207,test,0.4077283696180388,0.2723334011283283
WF_01198,89.16045110597646,train,-0.32054037833754784,-1.8527978150649458
WF_01199,89.24987644853304,train,0.7874827043855253,-0.9667935211660346
WF_01200,69.3403027335543,train,-0.04555812675454088,0.5647100032131608
WF_01201,80.70411622523574,train,-0.4871135608151781,0.021198643512365802
WF_01202,88.33983936390061,train,-0.3118913122553999,-2.694002617692488
WF_01203,88.41854660141298,valid,2.020639698775832,1.2428303838682404
WF_01204,53.31206482371069,train,-1.7349760820454327,0.13665650625383235
WF_01205,71.66929557322706,valid,0.49978810429579884,-0.819074664000045
WF_01206,67.46298180196422,train,-1.6791104276237172,0.9949555975666642
WF_01207,73.99588991321785,train,-0.10823333832297323,-0.6775400129068989
WF_01208,79.88485589202803,train,-0.4336274851541877,-0.6884521176042147
WF_01209,64.25673303915403,valid,-2.085028296679878,0.3583526510140362
WF_01210,67.73489367404001,train,0.389037590433763,1.7810384592422948
WF_01211,78.09392096981192,test,-0.3800380621921959,1.6235871779728863
WF_01212,73.51650933972657,train,-2.099206342561244,0.35971149890410664
WF_01213,77.85050425686332,train,0.8395680907742521,0.46238565885031974
WF_01214,82.95975530245533,train,1.435006177988935,0.791498932084825
WF_01215,92.00084870562253,train,1.490124342296572,-1.256983675369349
WF_01216,75.49006710091984,test,0.35895644065147114,0.6441483371519825
WF_01217,67.66420118777702,test,0.04605813857711549,-0.7340734681435281
WF_01218,90.21268111434254,valid,1.328156620895797,0.3184780667965807
WF_01219,85.70959833963967,test,1.6823835853400984,-0.22746762760733732
WF_01220,96.30297112498047,test,1.133568702875625,0.5012083271142144
WF_01221,82.10879373040159,train,-0.9415376022298011,0.1181034650064601
WF_01222,96.63183431601523,train,0.2013448532149219,-3.0730302708212998
WF_01223,75.3668102237089,train,0.4395161442914286,0.17889171170518062
WF_01224,70.6750479637091,test,-1.8096169689172292,0.6421529522992627
WF_01225,75.85278092413806,train,0.4693606596207741,0.4459283483384537
WF_01226,91.544458638541,valid,2.272991825979389,-0.10258594620857964
WF_01227,83.82808590554416,train,0.6399361658007914,1.642161691930406
WF_01228,103.28648470808682,train,1.4734130814417563,0.3113731291216611
WF_01229,76.47839313486047,train,0.18291473012870507,0.4376733001931063
WF_01230,81.22842959929132,train,-0.07321832398382148,1.0444918940505687
WF_01231,78.31453431681089,train,0.3812713900809755,0.3625929996965988
WF_01232,89.26031961641984,test,-0.8158266479844326,-0.8980177534142035
WF_01233,71.10764726449769,train,-0.9637751872343886,-2.4383374137796223
WF_01234,71.75544355977817,train,1.2663045571693656,-0.47712090201808144
WF_01235,80.29438315967933,train,1.3723423428665182,0.7609455258811165
WF_01236,71.43963344265654,train,-0.9911063155873504,-0.35309633141780583
WF_01237,78.46739262388844,train,0.9679988045538644,0.8011783722817295
WF_01238,84.19994504447855,train,-0.08695997560602091,0.148728175920273
WF_01239,85.1226158748155,train,0.33980857449043056,1.2880660702621847
WF_01240,82.78188237084154,train,0.4602186394350634,-0.2952167071206611
WF_01241,76.71835331591471,valid,0.9943504681243184,0.46761482656768805
WF_01242,81.26321594022289,train,0.08271820186318887,0.5058850645353592
WF_01243,87.14872282924885,test,1.410161995301936,1.501601872631193
WF_01244,79.72445653414711,train,0.30941283975992473,-1.706637306334278
WF_01245,92.77043533266858,test,0.6241842724695326,-0.4584082745531576
WF_01246,79.0376495694387,train,-0.8332625915372465,0.8485161053885039
WF_01247,99.48394809575343,train,2.158659010704834,1.545896479778648
WF_01248,85.73550452580263,train,0.4698249232049664,0.24007151264208035
WF_01249,92.45993471204471,test,0.7129974253450992,-0.29270416442148695
WF_01250,66.15502062406404,train,-1.6081858112115415,0.7571183686744447
WF_01251,70.37602322439608,train,-0.822702023079101,0.868702675231683
WF_01252,85.34369207102563,train,1.2378836879187305,-0.3596616786673072
WF_01253,77.26725326935133,train,0.2868911182926047,0.3303073121775462
WF_01254,59.791418869159635,valid,-1.913779734828926,1.1805272624119694
WF_01255,88.51782067504803,test,1.038289928983819,1.8904589932744518
WF_01256,78.43171729479597,test,-0.5437828043527234,0.7426049592352919
WF_01257,81.79637013533971,train,1.411316985876712,0.044138896665593126
WF_01258,85.88134758778307,train,-0.08783567860369966,-0.05407517603790821
WF_01259,81.13365926818719,train,0.20470668602052994,0.5573965571936229
WF_01260,85.87938219945649,train,1.1789545785916484,-0.11567284247945017
WF_01261,71.28432384382297,train,-0.8974929708546623,0.18964049902238825
WF_01262,69.70654108411418,train,-0.9928468078339396,-1.0578762645308748
WF_01263,80.43950713073657,valid,-0.19649842039810733,1.297057196491159
WF_01264,92.6400152916932,test,0.8271727996212221,-1.1401847271486785
WF_01265,74.43021696622336,train,-1.3308772526134907,-0.4321117604530126
WF_01266,48.33907922426145,train,-1.6680345998890966,0.09759326085181382
WF_01267,73.8641609709251,train,0.8237209270437923,1.9909868798886388
WF_01268,80.18030415342581,train,-0.6029783125670037,-0.42268298485232736
WF_01269,81.62459990509919,test,-0.3922260129202831,-0.6660158139603963
WF_01270,82.28928491920645,train,-1.8568104019401659,-0.5508169173337938
WF_01271,76.4004894069898,train,-0.6789793143519821,1.6588971676113125
WF_01272,88.85723992158448,train,-0.007567296631150636,-2.8123469935060212
WF_01273,101.455880931352,train,0.9303778576228922,-1.002738012148587
WF_01274,74.13947081054623,train,-0.7712301662346388,2.7312887091595517
WF_01275,82.82117564644444,valid,1.6573761202324966,0.5908820734916369
WF_01276,74.82130570758069,train,-0.6845560241798007,-1.10598494933922
WF_01277,64.77774892825641,train,-0.6830918015851747,-0.04191798217477153
WF_01278,96.24631658120796,valid,1.5373575518978022,0.06745456606786167
WF_01279,77.73318372849788,test,0.21146015236391716,0.8461252459056059
WF_01280,71.89233439019874,valid,-0.5520247290115766,1.8395020028225635
WF_01281,74.53808919182336,valid,-0.15513313118059344,0.38855168127921547
WF_01282,93.18525288530361,valid,1.3530735775420593,-0.5397883030129608
WF_01283,88.48909424507293,valid,1.4662028196256818,0.7870844420982043
WF_01284,75.81111124051627,valid,-0.816793179270256,-0.6982526968628611
WF_01285,73.01263985748173,valid,-0.042433810079108215,-1.0333374959890294
WF_01286,87.12386469709166,train,0.09015682766757308,-1.759908871956445
WF_01287,71.8069763600701,train,-0.9862401105165975,-1.5651283945004009
WF_01288,82.64634285234168,train,-0.05568505264999431,-0.8964451561242719
WF_01289,71.61764997735524,test,0.005322860451700487,-1.177789767700871
WF_01290,88.38973301535357,train,1.1402094789367356,0.31323652737471736
WF_01291,87.7539243080355,test,1.207425028311201,-1.1994018258240353
WF_01292,84.84292336571701,train,-0.32920939835900803,-3.143666302024744
WF_01293,80.57874692626737,valid,-0.21395314386081168,-1.0439117745894657
WF_01294,88.52779401173332,test,0.6642923020556356,-0.47185964772141936
WF_01295,86.02702049016017,test,-0.5851884489270115,-0.6054494878719654
WF_01296,78.15944659932595,train,0.5886401517374027,1.5195246793091843
WF_01297,72.85366568306002,train,-0.08790648736921473,-0.6135425592891501
WF_01298,71.48169782580634,train,-0.9693985777386207,0.8809234631991979
WF_01299,76.88281427979368,train,-0.9568367128796466,-0.01898259968086171
WF_01300,81.85076451825266,train,1.447058696031102,-0.042304725672598735
WF_01301,83.43354824487993,valid,-0.1564214791432986,-0.835380288848037
WF_01302,83.92355435980173,test,1.640354093898311,-0.058782651580767155
WF_01303,78.65353844564727,train,-0.5136362607149101,-0.7650961268974169
WF_01304,76.89623218045824,train,0.2912052011314934,0.1700243142545705
WF_01305,83.90442051982883,test,2.3926767230182415,-0.2362496326236882
WF_01306,83.08575582442425,valid,-1.0573867446632792,-0.9446279331916002
WF_01307,58.665873401987874,test,-1.8978144998997766,0.9918943397005953
WF_01308,80.800533449245,train,1.2865901312872332,0.42684048002142533
WF_01309,75.47758613279395,valid,-0.8268091053930736,-0.44806273414224823
WF_01310,86.80343711790125,test,-0.020706364106233777,0.14549304703531002
WF_01311,84.61897350023779,train,-0.5859182104515849,-0.08382252150196365
WF_01312,86.19224637119635,test,0.2681627809553161,-0.8675909372632739
WF_01313,79.93887398913955,train,-0.9505362071857422,0.07049622902116384
WF_01314,84.6768121917035,test,-0.1799400878833061,-0.6210117548073745
WF_01315,71.63233012722763,train,0.4498153265565342,-0.9449338356200992
WF_01316,93.45257477040197,test,-1.008308886274262,-1.6227673302665249
WF_01317,90.72632877719553,train,-0.7000840296458889,-0.3586073535386307
WF_01318,59.416012102544784,train,-0.3473828335985318,0.5669706595837234
WF_01319,71.66289501702572,train,-1.4288154342262782,-0.6946593533788596
WF_01320,63.1675141827725,train,-0.4225609827987464,2.5207086921579696
WF_01321,87.43116064556291,train,0.11879653990290184,0.8856856536527323
WF_01322,72.7572502052689,test,-0.39954894158842846,1.3043301326604781
WF_01323,78.50541840038203,valid,-0.27137649293172456,0.7952430120737586
WF_01324,75.43738297634778,train,-0.019901670906585355,1.8528649749385728
WF_01325,72.95071958462049,train,-0.655743462432314,-0.7870019834725421
WF_01326,86.78524820472626,train,0.6910625658668772,-2.5607373856586215
WF_01327,91.3200993136482,valid,1.4359781248017758,-0.44612560835288306
WF_01328,63.08954592743652,test,-0.46438039219544847,0.5582185755475376
WF_01329,67.83206357681482,train,0.4851982314777071,0.15151697174797846
WF_01330,90.54809186744535,test,-0.23961715543464693,0.2754726109677837
WF_01331,74.97065897992263,test,0.3654873450385047,1.3209100026698724
WF_01332,97.41487015371338,train,1.5657795312032543,0.3820575744624996
WF_01333,79.34821530081054,train,0.5086595430180988,0.7989129275910215
WF_01334,82.57194069327734,valid,-1.7734145388096807,-0.9395627418527589
WF_01335,95.08282181789158,train,0.4539956314469589,-1.0953936892160367
WF_01336,84.32013702592029,test,1.2328637433090093,1.6141139230244876
WF_01337,67.20255480515678,train,-0.2215961699981027,0.10090153514706786
WF_01338,72.83556113146466,train,0.9956348061178324,-0.6232291834461349
WF_01339,76.13525760015433,test,-0.690115541151946,-0.6213944935471182
WF_01340,64.03607860654185,test,-1.4855391595222738,-0.6491231216382576
WF_01341,71.87676949951793,test,0.14116901883264016,-0.7089590210458417
WF_01342,85.57350734385618,train,-1.7564767207463141,-1.2831478026036598
WF_01343,78.9574014737062,train,-0.23977101289359176,-1.5004204022205085
WF_01344,97.82052642563353,train,1.286842262645503,-0.19500437765441916
WF_01345,81.15043694917811,train,-1.9097629057462808,-0.5929258703203995
WF_01346,72.3844186656904,train,-1.2794967959138979,1.1071592854432952
WF_01347,77.60595867415076,train,-1.0320322451615775,0.29307665326691656
WF_01348,72.74555601245332,train,-0.06331985971095996,0.2653176800779831
WF_01349,86.32128420738755,train,-0.36571678564620924,-0.7431204075544506
WF_01350,80.91824203311455,valid,1.3991363816960873,-0.1210284157799757
WF_01351,74.498338588383,train,0.9543483290916974,0.36100110363144033
WF_01352,73.62243686700417,test,0.49527294606859795,0.7161957397126754
WF_01353,79.0446763693511,train,0.14563031434388482,-0.09389182651836551
WF_01354,71.74058350543983,valid,0.3932297769848273,1.079123779324209
WF_01355,86.89895235507792,valid,-0.861982355313375,0.007989308907942713
WF_01356,83.1404039909127,train,0.8572103535566122,0.7928471185176799
WF_01357,90.39596077210886,train,-1.112044254359201,-0.4898522085891503
WF_01358,81.53290497901477,train,0.8353769939022309,-1.8125883665686418
WF_01359,90.06573771444873,test,1.186142502118831,0.26835898801852265
WF_01360,75.25819183388252,train,0.2108646020880872,0.7253240631466256
WF_01361,79.53799924200868,test,-0.17621305896197587,0.5753473318075695
WF_01362,78.90312058923199,train,0.4003099083096733,0.42218666143744
WF_01363,62.036559381976,valid,-2.861518370100673,-0.3485869659549873
WF_01364,91.09460567140165,valid,0.30225821848546125,-0.8067462514455923
WF_01365,89.32342986024344,train,-0.11335399783980703,0.5517282690437805
WF_01366,91.0502658501712,train,-0.05062811305699102,0.42644741619827503
WF_01367,84.86529181310307,train,0.7065325128978275,-0.5608990908438263
WF_01368,72.06333186529,valid,-0.07476892156472781,1.1094241891920569
WF_01369,71.96675802963614,valid,-1.140206856651158,-0.8828655145476005
WF_01370,77.77569560138554,train,-0.14140267082537805,-0.5835233787910404
WF_01371,63.4545329573885,valid,0.06755548408082447,1.636425212341665
WF_01372,77.57460609391434,train,0.11493391158101274,0.8685819377339127
WF_01373,77.48158409300476,test,0.16191936728506806,-0.3580093058910226
WF_01374,67.02777355005317,train,1.0393690449185533,0.2873807096435505
WF_01375,73.11413604596295,train,-1.0860345530341475,0.15479224452383833
WF_01376,104.3970272225715,train,0.17570045616484992,-2.7456138649773782
WF_01377,86.62139436048726,train,1.289929698618241,-0.9064739494733817
WF_01378,66.3703639969066,test,-1.7346114969371953,-0.050846617109281525
WF_01379,75.37743252341667,train,0.17964668078005355,-0.3566114765593062
WF_01380,74.90442942084734,train,-0.5853785019730434,0.24710256483042056
WF_01381,57.89682670695684,train,-0.37071038447310495,1.12948231294792
WF_01382,77.97625093555192,train,-0.904807503214422,-0.32153578465392746
WF_01383,83.86610656110935,train,-0.16955071570044408,-1.0576547961228648
WF_01384,97.81831887855631,train,1.8412556144269043,0.32485165851104525
WF_01385,69.06289485970255,test,-1.2644303611772136,-0.3266233335678035
WF_01386,76.7222115572373,train,-1.1696100024788274,-0.15606350082190265
WF_01387,73.51451591231161,valid,-1.3019345701635046,-0.29177371915307865
WF_01388,78.96108814754622,test,1.727418286628101,2.2418378000109858
WF_01389,76.63235686041469,train,-0.46233970552128695,-2.240704260997945
WF_01390,85.5565980053873,train,-0.025639060347674214,-0.38833390313264615
WF_01391,85.62224558515675,train,-0.4027829411062397,-0.0036890256483920517
WF_01392,85.33165100351513,valid,-0.9444228784030915,-0.7811424922827788
WF_01393,75.97905353774652,train,-0.2351506466144354,0.899825832128283
WF_01394,88.41313290432758,train,2.45824360573656,0.8132576787196394
WF_01395,78.58129938317833,train,1.392070920974255,-0.04775461848854061
WF_01396,66.65379314737757,train,-0.8529378177922723,-0.27067375534369414
WF_01397,91.91999337063763,valid,0.6475741030616857,-0.111956834231647
WF_01398,77.7495827891869,train,-0.8315227726663764,-0.10478665364781072
WF_01399,85.2701917013115,test,-1.7763676388462208,-0.07837302812576266
WF_01400,91.93145882951096,train,1.0195109176646295,-0.1879991015167995
WF_01401,95.56405921230915,test,1.1600928466435507,0.2524493145923928
WF_01402,75.80765345343764,train,1.0460522510478993,0.7532120648278651
WF_01403,84.0028809666302,train,-0.46986524921957273,-1.2302601475985768
WF_01404,82.21591786852458,train,-0.16677573400198623,-1.050663899233149
WF_01405,95.59064124638465,test,0.7497655536581233,-1.7485180294835236
WF_01406,90.51819630198167,train,0.3914960373481072,0.8663974003575995
WF_01407,76.0220296966137,test,-0.3936374712970443,0.25032329319046315
WF_01408,58.162307759900905,train,-1.6190718201181646,0.5052675159327706
WF_01409,91.0728182951052,valid,0.11387519414201226,-1.4294982383634685
WF_01410,76.18375143264163,test,1.0790096392361133,1.7849481228801383
WF_01411,80.71198065870547,train,-1.1975882890341571,-0.6088509081453577
WF_01412,80.15687587420139,train,0.638759381675977,0.16820580711125588
WF_01413,67.4816085172388,train,0.33154169513369264,0.8543846606783719
WF_01414,98.45710056705927,test,0.7501482632323336,-0.9869797557960719
WF_01415,97.88226262083614,train,0.8719754997190072,-0.5463243585126668
WF_01416,75.2399348647454,valid,-0.694465241925353,0.17917177460087425
WF_01417,60.592202105572305,test,-1.616959400164946,2.857473075464706
WF_01418,70.27747123090714,test,-0.5335195256828793,0.3011247428520243
WF_01419,90.28552420186503,train,0.8891273175270074,1.6063611506307183
WF_01420,66.13913981107461,train,-0.542003903525971,1.2056731451919556
WF_01421,70.67354635906987,valid,-0.6940433238576419,0.36801003649451874
WF_01422,83.0383475148224,valid,-1.8213503419246384,-0.9891957716306787
WF_01423,84.74167509223423,train,1.752647554550939,1.059753610818235
WF_01424,101.2142138592535,train,0.8257136414253099,-1.498110341648047
WF_01425,70.43968463381985,valid,0.7698959812747644,1.600875123677092
WF_01426,89.36557151811012,train,0.9677253867794737,0.2000053082182553
WF_01427,99.84526328922226,valid,0.5767083615434017,-2.650223547298176
WF_01428,80.79037773575169,train,-0.24432885517952907,-0.34050609503183893
WF_01429,81.75711752630156,train,-0.16376410412220166,0.6539478209229405
WF_01430,78.08449518045511,train,-0.4275643645921248,-0.2370238730397667
WF_01431,104.93026558772777,train,2.634740754415,0.7150058109935733
WF_01432,78.23374309970312,valid,0.5559120312994426,-0.8500241677122955
WF_01433,86.32840423093651,test,-0.46380044135143456,-1.3059823727876074
WF_01434,73.7675173925637,train,0.4654967741662798,-0.07144540304760538
WF_01435,83.77172433971674,train,-1.0108689178563175,0.031565667289914785
WF_01436,95.63803494341744,test,1.504506718589227,-0.3483843510623214
WF_01437,70.98629714623377,train,-0.6610690958071401,1.2272911466421925
WF_01438,77.7152710402266,valid,0.5010854326224657,-0.8502073751390576
WF_01439,104.40037066799891,train,1.0659776297431345,0.31316560733234944
WF_01440,81.15480777190659,train,0.3847685442049928,0.06796997116362523
WF_01441,76.95296548311659,train,0.09446999181963821,-1.5567159521360834
WF_01442,66.82401233343406,valid,0.010802084856015158,-1.3190301836685123
WF_01443,69.3607590317254,train,-0.056441096887107134,0.011911016248631409
WF_01444,67.78649355387188,test,-0.5766984889275022,1.981199998686964
WF_01445,73.75569642063667,train,-0.44948342976970423,0.579269811898811
WF_01446,103.08430373343346,train,1.479590373650935,-1.7256348251446327
WF_01447,80.8248741188289,valid,-0.10853663268515668,-3.1104880651193376
WF_01448,72.15358188312959,test,-0.7857962693827731,0.7330535930043798
WF_01449,71.98444770834405,valid,-0.5162975968615086,-0.09621348292819902
WF_01450,81.68361760236758,train,1.100370680697223,1.1412659695103695
WF_01451,92.26509468671685,test,0.6756066331644784,-0.8807179207114415
WF_01452,74.57498295913659,test,0.5603291782322569,0.3502124978585262
WF_01453,73.78816844209686,test,-0.25752119890979147,0.8461734630278627
WF_01454,72.87067583264808,test,0.5733624701729451,-0.44746363820648183
WF_01455,88.34494430968795,test,-0.643561124950648,-0.4260855702310654
WF_01456,72.82806391270145,train,-0.25961403134577454,0.025262831098390486
WF_01457,86.30071608339252,valid,0.9698044873917454,0.5426763465603288
WF_01458,84.83280073060027,test,0.8742776789190644,-0.014334004511910938
WF_01459,77.32374958780306,train,-0.9819098459508032,0.9739963377594865
WF_01460,76.49493051460476,train,-0.8555264529085758,-0.46193518926703
WF_01461,75.14969046660907,test,0.10870215281340967,-1.3283952054631096
WF_01462,92.25713213624276,test,1.7261323746695099,1.9769753681131799
WF_01463,68.68138696407046,train,-1.9155651644689942,-0.6046337365424463
WF_01464,86.7759525622948,train,0.27833293957050426,-0.5684420837177473
WF_01465,68.72829223168615,train,-1.3760433315731482,-0.06580332107218435
WF_01466,81.24491285691954,train,-0.6343309935255456,0.06718110965398118
WF_01467,68.66180288628117,test,-0.3644284180642414,-0.38668364248828285
WF_01468,76.87197294503551,train,-0.4205083434368909,-0.01743389694900904
WF_01469,68.52914417978546,train,-0.5337959396592085,-0.03976223142817396
WF_01470,74.09911753734328,test,0.007207060376370152,0.17481932702080696
WF_01471,86.56609373242837,train,-0.5352555666305784,-2.357487458987316
WF_01472,64.05768605155733,train,-1.4624573848541527,1.8808763070078494
WF_01473,89.20701501095823,train,0.7798696125227764,-0.14728831353455754
WF_01474,83.3882453339084,train,0.7528721671488805,0.5806226194469853
WF_01475,90.85903271990028,train,0.843174310022669,-1.3781013415340242
WF_01476,69.84906036097269,test,-1.5407344962640819,-0.4710002612492502
WF_01477,75.71890068126045,train,0.29891815258415083,-0.6723158663204145
WF_01478,94.2886049246192,train,0.6759788558069234,1.4697237645085452
WF_01479,83.30125666679899,valid,-1.031202068439585,-0.5858136068358828
WF_01480,75.88141393743945,train,0.009173248182129144,0.7580799869400913
WF_01481,92.32476826244319,valid,-0.11626664531036575,-0.6504204526731951
WF_01482,77.97184509763525,train,1.8421506585682637,-0.45261893965394406
WF_01483,72.61829600090512,valid,1.924496037012573,-0.24555016520068595
WF_01484,72.83397652899518,train,-1.6643563933302008,1.2838451268293003
WF_01485,86.9152991906862,train,2.4939270057279894,-1.8898526590301186
WF_01486,84.4995621129034,test,-0.9152257211533239,-1.3156635552744327
WF_01487,92.33290829063523,train,0.9806732943274258,-1.9473051656898168
WF_01488,98.38311290333259,train,0.9704979808637308,-1.0875021197614503
WF_01489,65.4419919944975,test,-0.9956902268418067,-0.8116000511921072
WF_01490,94.40378487990822,valid,0.493267793839099,-1.614481254090389
WF_01491,88.04858766423136,valid,-0.10753374426606396,-0.734147746614669
WF_01492,90.57874603258023,train,0.5543300046323907,-2.014714480933415
WF_01493,83.1815037561432,train,0.2306723023806257,-1.0179887237676812
WF_01494,96.57465994947307,train,1.196339485370247,1.2004203999102006
WF_01495,76.75733226749277,test,0.07539954314606226,0.40358807028110283
WF_01496,96.57889619710652,train,-0.16787406942631122,0.18746767217252772
WF_01497,88.15617721065684,valid,1.0960642330571804,-1.0027785562791145
WF_01498,93.7758578201056,valid,0.5803959648586033,-1.536084959044724
WF_01499,83.41702078543035,train,0.7318133943208879,-1.1391560755342807
WF_01500,69.6903592441571,train,-0.6645866722585968,-0.043209826896014984
WF_01501,71.9819538682305,test,-1.045262781398474,0.8681767797266683
WF_01502,73.15032505860049,valid,-0.5677221432527015,0.9023674171353204
WF_01503,68.64605629805345,test,-0.6208213856805886,0.630612362483333
WF_01504,66.22266878276182,train,0.7861992686529143,-0.7375568640679442
WF_01505,86.00615531414037,test,0.9759840502940518,0.024549832403988035
WF_01506,82.93010486024522,train,-0.15513028953240038,-0.3213425300372459
WF_01507,97.4672092626407,train,1.4309190188243524,-0.20118976349475026
WF_01508,85.3831060281235,train,1.3684693937651298,2.037127896959813
WF_01509,80.99738307886234,valid,0.24339891640053923,-1.7620002370036125
WF_01510,66.3890502002507,train,-0.82189177154304,-0.23467681592226086
WF_01511,90.23191215765358,train,1.5753766494355401,1.2117489071961567
WF_01512,82.57871469491016,train,-0.06101735102840823,-1.4658914950335382
WF_01513,88.74799783063412,train,0.1261651964309746,-0.6437474252662504
WF_01514,95.15391700344298,train,-0.33960502560656863,-0.5290384975676395
WF_01515,84.01466795708141,test,-0.8897903262971976,-0.2232897220539845
WF_01516,70.71479759470704,valid,-1.4686394303152919,-1.5959571596062172
WF_01517,71.61951403379507,valid,0.6328683235572881,0.5952860603380394
WF_01518,85.1089600728203,train,-0.7834010538966204,0.6662872825131441
WF_01519,98.81151387254323,valid,3.0595312289968235,0.5083753250179477
WF_01520,67.29011760682795,train,-1.086073582612479,-0.8703736742910814
WF_01521,76.40961556630386,train,-1.25738247498137,0.08651079078729512
WF_01522,76.29767960972582,train,0.5101387156134412,-0.8994402395690875
WF_01523,85.71371613244786,train,1.5293134789672953,-0.3325966607715127
WF_01524,67.55764299022341,train,0.06458965694322165,2.153467927170878
WF_01525,90.98407924710897,train,0.5722424201872743,0.09569537759625597
WF_01526,67.9831071490949,train,-1.8435474174587096,-1.1875265759871734
WF_01527,76.84266263223596,valid,-0.6775115456917667,0.18033534066391385
WF_01528,84.88512058745616,test,-1.073615729137567,-1.3517959260633097
WF_01529,71.50610673441169,train,-1.895045849947881,-1.1990103925150117
WF_01530,77.02084234063204,test,0.11698023402388695,-1.041123135948791
WF_01531,78.78805765905938,train,-2.2428276216104335,-0.4443094521956835
WF_01532,64.845296734452,test,-1.3221959660874487,0.9369689955892015
WF_01533,77.96276448248449,test,-0.537193794013418,0.5783981980168391
WF_01534,76.25492550800064,test,-0.8312858359510763,0.5229953282473283
WF_01535,89.47974722189177,valid,0.3964085022070677,-1.0989245655905424
WF_01536,74.63900319177986,test,0.30558019190248,-0.5413143554356487
WF_01537,82.30090329321894,train,0.8937987459354568,0.27200110688318835
WF_01538,94.58529161535782,valid,0.7523837327126781,-0.6283199853884129
WF_01539,78.10860759162618,train,1.1408127893613809,-0.2783664403010984
WF_01540,75.63787482574435,valid,-0.0019184000090541567,0.4413586925299495
WF_01541,76.28304212134736,train,0.3034669008166697,-0.348772681201302
WF_01542,81.43407588908234,train,0.5115137019191913,0.22605958910202525
WF_01543,71.66699052955938,train,0.1416566973910257,1.5927284560195685
WF_01544,71.42169362152586,train,-0.3971943099170739,-0.17185879898699755
WF_01545,83.57544536376044,train,-0.3324425343397702,1.1793378097192062
WF_01546,68.78013386195774,train,-0.8175583983299655,0.5593700673073582
WF_01547,81.5546532315411,train,0.4216168299098296,-1.4672419934867666
WF_01548,79.45349392595854,train,-0.09401517408515554,-1.1021370292635242
WF_01549,81.74269635816388,train,-0.6631737506367649,-0.8335958830698964
WF_01550,76.36738370341386,train,-0.6622448193245927,-0.8548349169327834
WF_01551,64.07223078602176,valid,-1.2103987277827886,-0.0902897461068142
WF_01552,79.9046892219023,train,0.9788413412371997,0.6146440480818223
WF_01553,64.33286036417684,test,0.07861766953178756,1.2551584167047227
WF_01554,69.34201003532542,train,-0.8628000195732701,0.30817508872508226
WF_01555,80.13586193139042,test,0.8085477496020183,-0.4456795560532098
WF_01556,68.98690191046629,valid,-0.560448809794373,-2.0822412436298743
WF_01557,86.8152602836059,valid,-1.4065006270122327,0.07058957541733794
WF_01558,86.14965818872714,train,1.021222289219133,0.025770193694991287
WF_01559,77.8195557968124,train,-0.5370969895661131,0.18292875353895768
WF_01560,60.509952262679874,train,-0.4088990902087895,2.1062402977033328
WF_01561,80.80274506965367,test,0.04118002034917748,1.2405965461930721
WF_01562,72.64455460223373,valid,1.1425892227901149,0.7850609182499858
WF_01563,91.19653726736644,valid,0.020037290866311695,-0.9620771300715998
WF_01564,77.99905639173865,valid,-1.1991171261452302,-0.5129947491967435
WF_01565,104.21514399007712,train,0.5438770041121802,-0.09484460692850216
WF_01566,80.10424094322073,valid,-0.48498972426172404,-0.7754071240103536
WF_01567,91.08595726380983,train,1.8879239715294662,0.5004645249851181
WF_01568,87.87597114568865,train,-0.0011197219978901704,0.35690884921570454
WF_01569,82.82423604959061,train,-2.235035497898666,-1.0883077930546925
WF_01570,63.71094087544722,train,0.357364972155674,1.1968167090961244
WF_01571,84.77415446000889,valid,1.9445977922602284,0.1023103338088603
WF_01572,88.58043220078216,train,1.5759202885453896,-1.7290711467422513
WF_01573,85.11755610973282,train,1.8309542887565653,-0.051342858344969454
WF_01574,73.16898616122701,train,-1.0197601853814635,0.28120645592290483
WF_01575,78.60079861800679,train,0.9121523959767788,0.9727923614357405
WF_01576,83.83731308754074,valid,-0.7219945397367117,-0.3374764031266163
WF_01577,67.96187287425779,valid,0.2242893994169245,0.8279382674472072
WF_01578,68.36883383004127,train,-1.2729524287397325,0.1871419867702157
WF_01579,85.34318427335363,train,-0.6444557648827163,-1.3150546090375794
WF_01580,86.15419118228095,valid,-0.6762466973636153,-1.4151667734825137
WF_01581,72.35421421514042,train,0.8985552801426162,1.1225598701493487
WF_01582,71.87384499033566,test,0.8007191216696554,1.195984178381769
WF_01583,81.35825364227429,train,0.2768197293308208,0.32290923040472297
WF_01584,65.97393813060795,train,-1.3504214180553855,1.4957067211800286
WF_01585,79.22820129877088,test,-0.31163943394972,1.0566098490416067
WF_01586,62.288439301257924,train,-0.746116482942726,0.6836287294797211
WF_01587,98.06293009473875,train,0.869675756694491,-0.9113114887336718
WF_01588,85.23640716153956,train,1.1781848528171845,1.7314287510323434
WF_01589,85.78896808888508,train,1.056385586030883,0.536301432208273
WF_01590,79.91206415453253,test,-0.7552194194170205,-0.38583877461162164
WF_01591,61.494158065242424,train,-2.739533122289479,-0.668270005305298
WF_01592,73.04905320351236,valid,-1.7669618981300543,0.2567837815138569
WF_01593,83.62261579028528,test,1.4216269780822084,-1.6710590848384548
WF_01594,69.23911236679908,train,-0.4012549393198239,0.6996732753528626
WF_01595,83.2497307961959,train,-0.7507246182651125,-0.9535708146940268
WF_01596,92.00112799144293,train,1.642660293436234,0.37060810882428674
WF_01597,75.81238750829051,train,1.2651599454883269,-0.5216203373581595
WF_01598,73.25859345269284,test,0.02444872191978665,-0.26441871272470363
WF_01599,76.75809422256808,valid,-0.2934030910639739,-0.7569098727650648
WF_01600,84.35252206422174,valid,-0.13210121281312523,-0.16122943118080152
WF_01601,75.40595364359199,test,0.22716279838746606,1.889379546017354
WF_01602,104.65401949516307,train,1.600047281319608,1.3850596270486406
WF_01603,87.14418426922008,train,0.4224674242372267,0.3544789549954567
WF_01604,93.23779977131238,train,0.7260290330391413,-0.025294265564952366
WF_01605,83.59606945116144,train,1.1692701090701714,0.844201190692885
WF_01606,75.8653375592772,train,-1.169676001024419,1.1299703941075565
WF_01607,93.94553789243754,train,0.7548618924740429,-0.8298183822075292
WF_01608,89.73976886956792,train,-0.29456875466161137,-0.0774388676322022
WF_01609,73.49410169130745,train,-2.516095195772766,-1.8219582295680803
WF_01610,62.50672976688388,train,-2.128169541985812,1.123102110260895
WF_01611,75.14407265578777,train,-1.0181176115186856,2.0650242577008555
WF_01612,88.96986939899051,valid,0.5312232285925814,0.0800826246230855
WF_01613,87.02611118353785,valid,0.11379956534029644,-2.1250101249030164
WF_01614,75.2550784257356,valid,0.184366707175664,0.6088905165770311
WF_01615,96.10029287082901,train,1.950943482686692,-0.9040891661490803
WF_01616,62.6004949920215,train,-1.2690896148598123,-0.66334944166446
WF_01617,87.07575424372025,valid,-0.027433354183723595,0.6265763897910038
WF_01618,79.67989394518123,train,0.3044355228138156,0.2545541255127244
WF_01619,86.73322931844491,valid,-0.7362731165383355,-0.4881087753386017
WF_01620,83.63991137328716,test,0.028326745082940964,-0.6496056326016644
WF_01621,69.55095611961359,valid,-1.599949334084345,0.12583605522083274
WF_01622,98.1398208481452,train,1.4099062172750279,-0.4094655525123675
WF_01623,73.53256553942843,test,-0.6816145525304338,-1.1092371336030074
WF_01624,103.91556922467446,train,2.031400164778503,-0.33256318147836006
WF_01625,89.89118924600284,valid,-0.03247432391745505,0.33959262325518413
WF_01626,85.14316056998689,train,1.0280535653991831,-0.17810346681963335
WF_01627,97.72977573070887,test,-0.05330286899115438,-1.4135085982481852
WF_01628,70.22042148838855,train,-0.03074383226052982,0.9890646213755394
WF_01629,88.28553293528654,train,-0.5840293332220078,-2.7388114369433336
WF_01630,95.10364260400708,train,0.11912392936627762,-0.4463651550284352
WF_01631,65.87573068359796,test,0.31799869441404743,-0.6201984545539159
WF_01632,79.06811518647226,train,-0.7842585089151799,0.14817887787141484
WF_01633,79.33948519833211,train,-0.1250444158598842,0.5616618078027354
WF_01634,93.02036287834446,test,-0.6100988660571137,1.1267648082610353
WF_01635,86.46055197585801,train,2.2996640696148387,-0.7124048733521602
WF_01636,85.88508132815575,train,-0.08973076991161853,0.5865823373334818
WF_01637,83.00553143876164,train,1.5452321516965593,0.1958183878814611
WF_01638,89.55540153879765,train,-0.19562233080768832,-1.7115393751832233
WF_01639,67.46191559099536,train,0.25928764153490796,1.9005402554341098
WF_01640,69.7349821884756,valid,-1.3213640716452693,-1.4387751272401994
WF_01641,73.80133088698521,valid,-0.44707259186786463,0.41949727230971495
WF_01642,75.9252906805227,valid,0.21053467078924676,0.3899599441977477
WF_01643,100.26932347023144,train,1.5860038309598667,0.2756367823290771
WF_01644,82.55149543524065,train,0.22198277767627117,-0.4945768821616075
WF_01645,81.85339291344846,test,1.3837203611929991,0.8272526511405023
WF_01646,81.61338801523871,test,0.6407291102029202,-1.5603674739430955
WF_01647,101.26847644107833,valid,1.6274013394646858,-0.06582878867392292
WF_01648,81.79038837417502,test,-0.059042217305055426,-0.5638746765524585
WF_01649,88.59842359443994,train,2.390222710651804,-0.6772979420670315
WF_01650,80.31983390059101,train,-0.485396202914123,0.42874778745354575
WF_01651,75.96767563321386,train,-0.766461834197669,1.0774785427196831
WF_01652,79.51838569704813,valid,-1.2100528496890341,-0.34325576183686607
WF_01653,89.62021636006195,train,2.3310246715580702,0.7806810899257774
WF_01654,79.16293717153115,train,0.8194475726178976,0.04974066544459848
WF_01655,83.76244304066502,train,-0.33412073338030845,-0.8927322092380086
WF_01656,77.93466500258299,train,1.249022696873495,-0.25795209324106383
WF_01657,83.15095766447521,valid,0.687692185117782,-0.2994858907916149
WF_01658,87.54972826767998,valid,1.9661274713755903,-0.6966599125054466
WF_01659,74.72231906242918,test,-1.5478328327399113,0.42848292865583376
WF_01660,68.6313973818118,train,-0.26536010831425455,0.23464618770475926
WF_01661,75.8871025629119,train,-0.46252138394282544,-1.590649698269418
WF_01662,63.64850031210798,train,-1.9736826764086015,-1.6515259952393577
WF_01663,77.24554843255244,train,1.060327204779694,0.4246844532057544
WF_01664,89.36916960076195,train,-0.2703965558033584,-0.8152864287945346
WF_01665,88.69290648994516,train,0.7396312049865622,0.302041155100324
WF_01666,74.4228270757385,test,2.3597719343296117,0.7809315781091883
WF_01667,81.85435149127734,train,-0.3532436918276083,-1.2709528374055592
WF_01668,81.08548917595881,valid,-0.4211529826571552,-1.411537254576185
WF_01669,70.60813664867308,train,0.11866416972399602,1.6744316823952952
WF_01670,78.97900662940583,train,0.9872473529834096,0.351570782962459
WF_01671,75.37261524064633,train,-0.5667130253101499,-0.41924065667327093
WF_01672,90.0555108375679,train,-0.6309615971321306,-0.9339404526462636
WF_01673,89.03872520686227,test,1.0571892702413659,-0.5104408489072796
WF_01674,82.91486199398211,test,0.37863932383803556,-1.1905723361133103
WF_01675,69.77968405567412,valid,-2.0447282630048207,0.8834121740905903
WF_01676,75.14565918343655,train,-1.2253917994691081,-0.7767511536063209
WF_01677,90.50377173337006,train,1.5012358638272103,1.093534588216267
WF_01678,70.98480427187316,train,0.4019282830788125,-0.40062891977001125
WF_01679,81.75040177045788,test,-0.762195931037249,-1.0433501836173147
WF_01680,76.07138237377967,valid,-0.17040965723498214,-0.4263015880138014
WF_01681,100.93079979414941,test,0.013236672801670204,-2.624166777501417
WF_01682,89.42912122226733,valid,0.7357333602801638,-0.12076857667400692
WF_01683,78.08722991036518,train,-1.3582633948587894,-0.17011919113015858
WF_01684,70.30834594268619,valid,-0.8409491386704581,0.8247427465479676
WF_01685,87.04083044891047,train,0.27295575486338886,-1.8863049279833795
WF_01686,74.93244821561882,valid,-0.09983458049545033,1.1618663608635478
WF_01687,80.55992600884754,valid,0.5718591826367099,0.820599294997656
WF_01688,64.94195984021245,train,-1.2295073973595978,1.2520435636986627
WF_01689,74.64298932916356,train,0.3571286762713211,-0.05272137600413741
WF_01690,76.25427914814888,train,1.0915836193774722,1.0138968341027554
WF_01691,72.32744519385433,train,0.4868185471492834,-1.4712440349069051
WF_01692,87.74858358377635,valid,0.13911173976159188,0.713047565204533
WF_01693,71.75866995247915,train,-0.09588360256597088,-0.7711627620999453
WF_01694,91.31951076229343,train,-0.8348511527715018,-1.6514018324229363
WF_01695,77.67362198318698,train,-0.07199859243978847,-1.1241405181643607
WF_01696,84.56556194567531,test,1.259705852880406,0.005531138629270573
WF_01697,84.11924125664785,train,-0.11902850660012523,-0.8242992082176034
WF_01698,66.54221537663905,valid,-0.8898039893484101,0.37607353169579993
WF_01699,97.32480402266029,train,-0.4922470887653863,-1.8082375550040173
WF_01700,83.91521673685791,test,0.20085029727593015,-2.1270975436158617
WF_01701,75.46323803171967,valid,-0.37351399718084694,1.372387434143576
WF_01702,79.55654400817417,train,0.4853032830631407,0.9038001294014344
WF_01703,76.75763876897692,train,0.5228437607490304,-1.0492968359138075
WF_01704,84.49605100901006,test,0.8889831804046482,-0.002999643470539514
WF_01705,93.34618892782427,train,1.4235594722650329,1.0195070602013239
WF_01706,91.52191595585124,valid,0.9958587243723608,0.41920060829060546
WF_01707,86.97912442184027,train,-0.9342390641479599,0.1482230961834784
WF_01708,79.39013634301389,train,-0.9035344465762722,1.095154081312597
WF_01709,92.43958734316588,train,-0.07577147645982442,-0.7307124752012204
WF_01710,81.17917147410013,train,-0.4511753572394145,0.0311784486646287
WF_01711,65.25621275254976,train,-1.1383267269609427,-0.017848638292391635
WF_01712,86.4970008729963,valid,-0.44169179417299426,-0.27276204767104256
WF_01713,78.534843295658,test,-0.474512933619039,-0.3898055114207521
WF_01714,85.62783226826488,train,-0.6718477397612058,0.07286823782849074
WF_01715,76.09198794940431,train,-0.3157894861550056,0.03440749598552754
WF_01716,91.67856700402513,valid,1.178450850318331,-1.0484276425345258
WF_01717,69.1478217163448,train,0.19923804124923924,0.8017959099004475
WF_01718,97.3805437346252,valid,2.4718090760554694,-0.9763852077662583
WF_01719,75.54996695527025,valid,0.17050818601964934,-0.2182334445471739
WF_01720,91.2146059735363,train,-0.29006577393725175,-0.2952804727200515
WF_01721,77.93296120254607,test,0.004132882654866092,0.35810361265921586
WF_01722,89.46675351211906,train,0.25649197844354,-2.119103940217333
WF_01723,59.85569170132179,train,0.43525395717106363,0.8909098149294582
WF_01724,98.63455916790203,train,2.0767113258590237,-0.6769903476121641
WF_01725,77.66802648880689,train,-0.8453204649775686,1.2199632947770542
WF_01726,83.70940921409729,train,0.8590460581777356,-0.4781649245161544
WF_01727,97.59665017984403,train,0.20775059761412384,-0.04884358573401051
WF_01728,61.8199367589476,valid,-1.5710977425706176,1.9137860400684237
WF_01729,81.38264553460223,train,0.7706987820947633,-0.27733820879366844
WF_01730,91.95538617514198,valid,1.2676235608039048,1.2388498846734588
WF_01731,63.685297695997136,train,-0.8571764037774298,0.03904508556456009
WF_01732,86.19876039994627,train,-0.008933867891970693,0.4154188302934896
WF_01733,70.94936227712334,valid,-1.7253542620077036,0.0699585894113745
WF_01734,67.8666558985468,train,-1.2588064596843365,0.8478516263001241
WF_01735,92.6189810967562,valid,1.0480295776172526,-0.6855316128530513
WF_01736,91.31406805703907,train,-0.4664165060074345,-0.9840485230191854
WF_01737,83.67303575901548,train,-1.1088029749380393,-0.6385761903770217
WF_01738,81.01164656349214,train,0.22946036445842968,0.09971037632409105
WF_01739,75.76114414326128,train,-0.5224124314310232,-0.22081878555032944
WF_01740,82.38883613376711,valid,-0.4708216577755361,0.7102748764711765
WF_01741,77.9720660506706,test,0.7393260256749032,1.30473169982152
WF_01742,75.0389053271046,test,-1.1617333589343466,-0.9758383372350086
WF_01743,76.35285954308043,valid,-0.9053652126818322,-0.7339487916139326
WF_01744,97.01454265805586,train,0.15407999214886864,-1.436239418312854
WF_01745,84.32727730291967,valid,0.9694097907482053,2.030372990759104
WF_01746,83.64246579660639,train,1.2381603014898497,0.30466949912182684
WF_01747,63.66194638363359,train,-0.665061720361623,0.47980232005157775
WF_01748,89.61123376468534,train,0.9373769669196479,-1.3402083850310482
WF_01749,79.44184632731867,valid,-0.7841422934704089,-0.0011699890068746332
WF_01750,91.48081198008303,valid,1.8262093469068,0.5092479844130853
WF_01751,87.74273513324444,valid,-1.1337710254197284,-0.252757690534425
WF_01752,75.72322993457786,train,1.328478810791731,1.0757056248263945
WF_01753,65.507141207651,train,-0.6564861068187239,2.3118311256428297
WF_01754,93.58431547851859,train,2.0132464547946003,-0.9470628270939518
WF_01755,88.10930451218404,train,0.5913207288524843,-1.0220872459766968
WF_01756,79.04546319351189,train,-1.016016529408222,-0.8777560655285767
WF_01757,63.27116138492757,valid,-0.5222384795425068,1.6061991600164907
WF_01758,87.30514788072557,train,0.7811812052237417,1.0423553170296844
WF_01759,90.84086655333864,train,1.0526444176155614,-0.13552781779364848
WF_01760,81.94388587197022,valid,-0.07071559172446261,0.03655966440087428
WF_01761,80.57913664477844,train,0.044658280963466405,-0.8165436261967214
WF_01762,82.09088655964717,test,0.7583530326440655,0.8900271577431841
WF_01763,88.99332274430566,test,0.13179842701081995,-0.3799018241085537
WF_01764,76.70167656620947,train,-1.2935048593383758,-0.2600765394549993
WF_01765,77.49918300461354,train,-0.8129740246401806,0.6087897715292568
WF_01766,74.09412463783329,train,0.23511994315166507,-0.18799493808322118
WF_01767,89.48134864606024,train,1.2154824164976936,-0.2349659934978464
WF_01768,93.12791658914149,train,1.6159824241620477,0.010575205529075074
WF_01769,84.52865168599156,train,0.7795294207714503,0.7953554137930766
WF_01770,63.17649439094102,train,0.28729076103636375,1.6464930754838332
WF_01771,84.25677723891069,train,0.748813885982477,0.585486232246082
WF_01772,79.9572153695047,train,-0.6667508502068556,0.803314223624267
WF_01773,85.89295728053791,train,-0.15323096025821417,-0.19985406210112439
WF_01774,75.96197522571026,valid,-0.8241307213394766,-0.707797863168717
WF_01775,67.11504233461197,train,-1.2487426107077115,0.6539862322351151
WF_01776,83.0432525141904,test,0.33354901163620493,0.17124082460057136
WF_01777,94.12236879745204,valid,0.1855133065847436,-1.4226286487497493
WF_01778,77.42699030851709,train,0.6876524845090128,-0.32806962342559803
WF_01779,83.13182291640621,valid,0.5461118308924472,-0.08289702348155359
WF_01780,86.76776769063414,valid,0.24264427132386202,-0.5104578670284787
WF_01781,79.77784743488365,valid,0.5566166656775543,1.4817355945421273
WF_01782,77.79871675652802,test,-0.04268309622747663,0.47983903690221674
WF_01783,73.14625924477892,train,0.4128913952224006,1.3731749178886479
WF_01784,68.4364852048232,test,-0.7261444026863596,0.26342526165215957
WF_01785,74.97594528478443,test,0.3697059256391301,0.08138783642507771
WF_01786,85.66200853995775,train,0.6684176852860094,-0.9365978176102492
WF_01787,81.02381754736105,train,-0.6696814280722031,0.01192953319656672
WF_01788,81.36936307962046,train,0.05183209899284673,0.013053925675440194
WF_01789,75.63425848833124,train,-0.6236025096293596,-1.3671138840342332
WF_01790,81.66948934304773,valid,-0.5265066965161149,-0.5395274697703949
WF_01791,90.76825060767295,train,-1.1249293551021546,-0.3232825985163624
WF_01792,82.32727981591036,train,1.2657749251665555,0.41347954405572146
WF_01793,81.34984808355311,train,1.0656851747200478,0.46135011198570613
WF_01794,107.86319987219976,train,0.5374338542273371,-0.5813184819652049
WF_01795,98.02268874382929,test,1.972195951943814,0.46886960254188487
WF_01796,69.19262106209123,train,-0.18924569656839169,-0.182078929348517
WF_01797,104.4181118629227,valid,3.0317624151106344,-2.8696200248549566
WF_01798,82.20386728415939,train,-0.22752941536322038,-0.4847020319515423
WF_01799,82.02068700538241,train,0.25519335175601643,1.0789886401423785
WF_01800,77.38993472008033,valid,-0.39777791394020817,-1.6818057566276796
WF_01801,77.18865260237759,valid,0.372325560060305,0.11269120041554022
WF_01802,90.4310405408416,train,0.8356149278862445,1.585261214185287
WF_01803,89.03382931586941,train,-0.11391639305308393,-0.7606129530104807
WF_01804,94.51991973239194,valid,1.7767198471176207,0.002149080427685861
WF_01805,86.76601683063275,train,0.23914928463346072,-1.3040162572279212
WF_01806,73.26573281863801,train,0.2704853861101991,1.627231141663572
WF_01807,79.41220953582592,valid,-0.9089976945137175,-0.08333262699661428
WF_01808,93.28188642971621,train,0.4184990745503845,0.04662684279401815
WF_01809,74.38000580192991,test,-0.1340272208093656,1.3543004655056223
WF_01810,84.1160525333804,train,-0.6082397293372869,0.6614783946454811
WF_01811,82.78813333978172,valid,-0.7764744081483639,-0.8756287324967398
WF_01812,96.4313454721811,valid,2.671763379756685,-0.6472779240873159
WF_01813,71.85211342831532,train,-0.2634772501790354,0.49493130452329864
WF_01814,77.8639251685834,train,-1.4569854207812678,-0.62412105506294
WF_01815,70.19707701436256,train,-0.6982214597325725,-2.117243312120527
WF_01816,82.18331393977348,train,-0.051567839476213594,-0.05324079863907779
WF_01817,83.77701798869602,test,0.546667032616485,-1.4802126611248094
WF_01818,70.96391422122393,train,0.5547965217253135,1.616281753563726
WF_01819,86.44783816669117,test,0.6766145517765254,0.1767876377631527
WF_01820,72.99081296276051,valid,-0.6448603066373296,-0.9051750567435755
WF_01821,86.95408561222474,train,0.34044044350154545,-0.6986324146624537
WF_01822,88.62666121045936,train,-0.8760594641105784,-1.8893975878739204
WF_01823,82.5534865809187,train,-0.6196429830140117,-1.0994618867805037
WF_01824,59.73686822377271,train,-0.9177089745002595,1.0163232025406992
WF_01825,74.4823878899036,test,-1.1883888545982695,2.2317861454923915
WF_01826,86.65050729651976,valid,1.0642094888580087,0.7263965131989585
WF_01827,83.52288369055316,valid,0.6886117009788877,-0.09204253862102917
WF_01828,83.15534056531664,valid,0.9766653699781299,-0.4319593756539166
WF_01829,81.7252815729935,train,0.03931306602429631,-0.9564958135763623
WF_01830,78.10214396700859,train,0.7768076988651466,2.0597658993397405
WF_01831,79.10468435817569,train,-1.761289404642545,-0.1887487018643749
WF_01832,80.92949366782291,train,0.8630875180453551,2.1156298300625043
WF_01833,71.5369915752328,valid,0.1771198300050302,1.393519509610061
WF_01834,93.38500439127105,test,0.6271096001491656,-1.7407964313462736
WF_01835,80.03182971604568,train,0.38002329904861315,-0.6659523957592918
WF_01836,81.94557921124324,train,-0.9870551545368866,-0.6690451241738223
WF_01837,76.83535262880005,valid,-1.4980397753910466,-0.07984636410573946
WF_01838,69.67054783563854,train,-0.7120541661829632,-0.060314253113753484
WF_01839,69.2115436909153,train,0.5649172812729122,2.996239095398143
WF_01840,90.47917148912092,valid,0.6900914151753954,-1.0772278744747588
WF_01841,79.60713329363696,valid,-1.3679422773818628,0.22896993566438997
WF_01842,66.81405614097886,test,-0.9810993674682146,0.6165077424678032
WF_01843,82.60041442934705,train,-0.7232356859408393,-0.0015720044691961827
WF_01844,73.30923872337225,test,-0.3573050602668157,0.11018057778135802
WF_01845,69.1831464240094,train,-1.3620508308526522,-1.0448088943065872
WF_01846,71.95038116516005,train,-1.4220517661401326,0.10648619460268177
WF_01847,75.99343603479188,train,-0.8218352964075539,0.5113989961743719
WF_01848,90.90753652108017,valid,0.08625383622500567,0.3276005842711286
WF_01849,66.40014881033217,valid,-1.1805943397534906,0.5702009039120914
WF_01850,78.3737571871596,train,-0.11580350997176611,1.412607900636232
WF_01851,91.0986578120941,train,1.0585528161418154,0.9369665419143417
WF_01852,75.36016164448264,test,-1.30177973741351,0.07129461349743696
WF_01853,74.74456581400194,train,-0.20644575841053947,-1.171758351883278
WF_01854,72.76433272036489,train,1.0247567337507726,-0.6000052747111194
WF_01855,87.85983990131183,valid,-0.4182683903638093,-0.21963115191741533
WF_01856,80.33160390479068,train,-0.5736696908584189,0.25234583134144734
WF_01857,95.44637645763589,test,1.1634958143064738,-0.4783327614993951
WF_01858,85.7212269119848,test,-0.30620207897154783,-0.9357331991843516
WF_01859,82.5166828886036,valid,1.1044950252055679,-1.188198689120337
WF_01860,85.4055709222291,train,0.4289653911271988,-1.651177759055531
WF_01861,75.04608823177253,valid,-0.34284465290983673,-0.23495070377456886
WF_01862,98.25870231022178,train,0.47969053059753036,-1.469665442070305
WF_01863,84.86296042872304,valid,0.3204495138460378,-1.0005256841573922
WF_01864,95.00080590825924,valid,1.020882821002474,-0.3939018728443025
WF_01865,83.06534577038167,test,-0.5483455378650185,-1.3359173093914338
WF_01866,77.34969069215613,valid,0.041206066781619685,0.37975218849869696
WF_01867,73.59409100008038,test,-0.061515679604637406,0.7402230636056872
WF_01868,83.38175945910363,valid,0.7041481416397848,-0.5494270197753985
WF_01869,68.41661326768383,valid,-1.0251791944441757,-0.43702730761000175
WF_01870,83.48877750775802,valid,1.016977048237856,0.5374297701390774
WF_01871,67.33230513888302,train,0.4663287721704166,-0.713995097234679
WF_01872,71.84900393428317,train,-1.3169250736329463,-0.7827339115972951
WF_01873,74.66311424439749,train,1.2082628254805003,1.1964984781862904
WF_01874,86.98995853118129,train,2.2340930807977313,0.8841877387127871
WF_01875,79.81010353972239,train,1.0018339695494078,0.6015500023439195
WF_01876,89.91500407652659,train,1.4269847672264693,0.9256446213940929
WF_01877,85.94433748774259,test,0.0853713816025881,-1.977278725367363
WF_01878,70.26439684601515,test,-1.66150491973851,1.3538355467931074
WF_01879,72.35480720326714,test,-1.8441204511675249,0.3920621165837422
WF_01880,74.31571700329297,test,0.25508204386775846,1.010781384005735
WF_01881,79.35586254169924,test,-0.59197880772998,0.3871617791163626
WF_01882,73.07938547560975,valid,-0.9145762783273513,0.048924824680156194
WF_01883,87.0077372262744,train,-0.06274668396867535,-0.2753092123620546
WF_01884,80.81507577386029,test,0.6155852878612882,0.36714437688620544
WF_01885,81.06859873742664,valid,-1.4527575467621472,-0.3117479089045521
WF_01886,71.79586972343898,train,-0.4488776202803848,0.8678761000651124
WF_01887,98.19320452227134,train,1.5098706831203152,-1.5864566445522004
WF_01888,61.63173436965818,train,-1.0752883802213746,-0.5415758617942777
WF_01889,82.82677354770756,valid,0.8697611871649563,2.0448232484766464
WF_01890,79.5585751697725,valid,-0.4847307615489939,-0.6260804635723924
WF_01891,90.55745454416012,train,0.5457937598499527,-0.23868372306347801
WF_01892,94.76471932206314,train,1.0973275072028672,-0.8825809333500763
WF_01893,79.82760257898578,train,0.7412817669850216,0.3358456728858239
WF_01894,98.69336387204979,train,0.9091596022138765,-0.7362648901421949
WF_01895,72.47715214248407,train,-1.1515935334079561,-0.1856109348070501
WF_01896,92.01731888629175,test,1.1136597067412988,0.8488665360350706
WF_01897,70.009928186905,valid,-0.8526931146348199,-0.6987634188148159
WF_01898,89.29475716598017,train,0.2595417655715384,0.7886111192652209
WF_01899,61.35353815841219,test,0.2582461869972269,0.8222293155603565
WF_01900,72.77852478226686,test,0.48512255886958094,1.0549560947192937
WF_01901,86.14227863879178,test,0.33695667606019053,0.14054099491804029
WF_01902,59.02150733547421,test,-0.8438099785247232,3.2412590769767857
WF_01903,73.25016250057307,train,-1.3498674122957162,1.054533696542082
WF_01904,83.26724565903135,train,0.8723486799617686,0.32487762440682655
WF_01905,67.4661329204408,train,0.18583457751891555,-0.8759244140817352
WF_01906,74.89063344037181,test,1.1493768409578178,-0.09705912587414098
WF_01907,74.83721882841685,train,-0.04473293418786798,1.426326976900034
WF_01908,59.429316349029115,test,-1.4051643606769604,1.7095346156262687
WF_01909,77.04102122689478,train,0.9661296810041061,1.4783291004402292
WF_01910,80.05057092690092,train,-0.370370609661107,0.7851923067296196
WF_01911,88.42413456631101,test,0.3420034574210212,-1.255660206295572
WF_01912,85.57476095420712,train,-0.6474594284795192,0.4871618178256701
WF_01913,84.99152910640319,train,1.6443017102336905,-1.2414023780529977
WF_01914,94.20863843769727,train,-0.8765648241831969,-1.4874711933807585
WF_01915,74.17793076462605,train,-0.33742975410617465,0.23915868457723857
WF_01916,77.09475452841183,train,0.10744870269731638,0.5231994472697504
WF_01917,78.79527453759744,train,-1.0921823270869582,0.9033770984808047
WF_01918,80.94321902055856,train,0.33051952858759515,0.49713624038609394
WF_01919,90.08358075734208,train,1.6119104774674902,0.5315859857427483
WF_01920,73.63647054757551,valid,-0.49046216069371046,-0.9846525849923764
WF_01921,91.25041872838294,train,0.3951428190317255,-0.10497668468466637
WF_01922,75.7127496441368,train,-2.7494353860385554,-1.5071167856344878
WF_01923,90.06803874246096,test,-0.03892920048484066,-2.0033691294001956
WF_01924,91.67305250138351,valid,-0.31304228592620537,0.7406427098430741
WF_01925,81.09839955475655,train,-0.8184976024103849,-0.7531243937909587
WF_01926,86.63051858803888,train,1.081450469628532,0.8724985021430535
WF_01927,79.68493209023706,test,-0.32624368162382816,1.1083475778800387
WF_01928,75.75281708825962,train,-0.17747748709358746,-0.6193173246231977
WF_01929,77.36169010518334,train,-0.37719287478907115,0.5903110945552991
WF_01930,67.22931721817523,train,-1.9168158717650765,-0.6611567286136416
WF_01931,71.50780528606113,valid,-1.131986440076961,-1.845878874626824
WF_01932,98.15695436422466,train,0.9610934861202163,0.1233094044424584
WF_01933,73.32215492119286,test,-2.109950646879972,-0.4708738797157607
WF_01934,79.43603234474273,test,-0.7663153496157056,-0.44008901058713173
WF_01935,79.13236198703106,train,-0.3997200562897638,1.9753431178455254
WF_01936,93.29583329276304,train,1.7436218672915653,-1.5258569827326718
WF_01937,85.61959525487238,train,0.768603765496369,0.38287113537147105
WF_01938,85.45577694938669,train,-0.5571705270530996,-0.9948072371447515
WF_01939,91.4948266772587,valid,1.304513697115551,0.9082614092673243
WF_01940,61.12863470523554,train,-0.7405158205011196,0.2984312361750658
WF_01941,86.70677025132126,train,1.0090998037340055,0.3793443491806136
WF_01942,73.81509646722257,train,-1.3588772459230156,-0.9448896176022599
WF_01943,101.15960320289201,train,1.0732578317891572,-0.7655879132883234
WF_01944,68.77232522446633,train,-0.4061336454709856,0.9272505073458861
WF_01945,75.96015506642348,train,-1.0285042409412697,1.7707977217275628
WF_01946,90.81306950196154,train,-0.21714361307631405,0.48030781722418714
WF_01947,77.75453011293426,train,0.27734417972021486,-0.8974207207714328
WF_01948,82.30028877828808,train,-0.49474843052571216,0.33893852246206824
WF_01949,84.35308661154546,test,0.5539535059953238,2.4274720443376094
WF_01950,76.02071371959582,train,-0.5829938836640675,0.1024228107189117
WF_01951,79.05066387149776,valid,0.6203723939313579,1.4618408593935994
WF_01952,82.9560491605104,train,0.44222206203659953,-0.740329365838712
WF_01953,74.48642906148419,train,-0.06092305470793503,-0.04208605163638678
WF_01954,79.77402672252771,valid,-0.4413823123659498,0.6195652061255426
WF_01955,77.43509501589871,train,0.15154079576526616,0.3973283082628641
WF_01956,86.5574101832274,train,0.5502537430336992,-0.7663886801111608
WF_01957,92.9659660329757,train,2.0617991527316084,-0.8095174571305996
WF_01958,76.71057037296949,test,0.939420421798181,0.9882844031026585
WF_01959,81.07393917201614,train,0.9759899498158413,1.191550812650145
WF_01960,93.54428030309809,train,3.0885121948602836,1.51214355812192
WF_01961,74.61939100628528,train,0.5159584767678441,1.8039304832528678
WF_01962,84.82487950986955,train,0.4846435113117023,0.13461943632259646
WF_01963,73.6263188085997,train,0.7040150743216541,-0.3111992442315934
WF_01964,67.6771684935202,train,-1.0089659775882531,1.3509909387784689
WF_01965,79.30597193620613,train,-0.4439016364187562,0.7130692818515867
WF_01966,74.82978098969807,train,-0.506169266692334,-0.9824552586675914
WF_01967,99.47636721009334,valid,0.6476139772195617,-1.0336356655189114
WF_01968,82.36115530382735,train,-0.17417456222119868,0.4919302013563091
WF_01969,83.1965661983203,train,0.1382234254743028,-0.17727466148399962
WF_01970,79.93200684460058,train,1.0874546201484645,-0.02642995474069754
WF_01971,79.7933264373917,valid,0.8631507387041388,1.0725333647101947
WF_01972,71.89403214441799,train,-0.16172100304124704,0.7590371449850357
WF_01973,73.67487429392614,train,-0.6699950968782225,1.3298732484184317
WF_01974,83.57947574980365,train,1.1352747316531886,-1.9315361063733665
WF_01975,91.37076046340226,valid,0.7738911809098658,0.2533979172212008
WF_01976,51.60344426904647,train,-1.6062568182953822,0.6946885223972068
WF_01977,83.86138936556563,train,-0.3131539389082808,-1.526585856687684
WF_01978,97.59818313335592,test,0.1655154620167624,-0.6548956413099721
WF_01979,93.41207712983068,train,0.7788297171210313,-0.840485162328919
WF_01980,83.97091864436618,valid,0.9101014949397712,0.021698171059916185
WF_01981,78.19910527190756,valid,0.2839060011754735,1.6278539686940638
WF_01982,78.47067128194902,valid,0.585247531358856,2.0225894046649007
WF_01983,78.19660907084968,train,0.06413680237815363,-0.8142875530732823
WF_01984,76.36501223943,train,-0.6738516881805606,0.5265572504935742
WF_01985,83.29085876293301,test,-0.261264391041254,0.5587978521423151
WF_01986,81.63810911237343,valid,0.018991186640108272,0.38762577151474775
WF_01987,96.99388334743318,train,-0.034679250018589874,0.39897963473923403
WF_01988,66.5961247294396,train,-1.8855729044434706,0.30374250245132806
WF_01989,86.46999310939769,train,-0.3974833349294312,1.6875701208064198
WF_01990,72.84617251595425,train,0.05620565308915186,1.1024665143680576
WF_01991,97.97653928062289,train,-0.281369991905701,-1.0601538975982672
WF_01992,85.99965240326637,valid,-0.24682379551158573,0.7957210808805493
WF_01993,76.82714002649764,train,0.4879913708045874,0.8923733745114522
WF_01994,73.15606077419251,train,-1.0789571870486339,0.3149672871517889
WF_01995,61.139887559205405,valid,-1.6280422139512112,1.1314243705027294
WF_01996,74.67479890964269,test,-0.3481697908366748,0.18807403429903718
WF_01997,86.36506251999474,test,0.7641144055017897,0.20046772107625074
WF_01998,87.96415393371448,train,1.6875530394866385,0.1212405446770433
WF_01999,92.7877659340932,test,0.78212823909474,-2.018244085799669
