sample_id,order_id,lot_id,wafer_id,product_id,route_id,process_step,equipment_name,chamber_id,process_time_sec,target_bad_a,eds_bin_no_wf_mean,eds_bin_a_wf_mean,eds_bin_b_wf_mean,eds_bin_c_wf_mean,eds_yield_wf_mean,sensor_temp_zone1_mean,sensor_temp_zone2_mean,sensor_pressure_chamber_mean,sensor_rf_power_mean,sensor_gas_flow_o2_mean,sensor_gas_flow_ar_mean,sensor_vacuum_leak_rate,sensor_plasma_impedance_std,sensor_endpoint_time_sec,sensor_plasma_instability_score,measure_cd_post_etch_mean_nm,measure_cd_post_etch_std_nm,measure_overlay_x_nm,measure_overlay_y_nm,measure_thickness_post_cvd_nm,measure_film_resistance_ohm,measure_inline_particle_density,midproc_defect_particle_count,midproc_defect_scratch_count,midproc_defect_bridge_count,midproc_defect_residue_count,midproc_defect_void_count,midproc_defect_pattern_collapse_count,midproc_defect_microbridge_count,bad_only_residue_signature,good_only_stable_signature,sim_true_defect_a_flag,sim_true_defect_b_flag,sim_true_defect_c_flag,sim_true_defect_d_flag,sim_dominant_defect
O001_W0000,1,LOT_01_03,12,P_C,R_REWORK,CMP,CMP_01,CH_B,1768.8,0,1.2247,0.0141,0.0239,0.1107,0.9159,323.011,322.67,3.054,871.48,121.368,202.537,0.07274,0.287,63.459,-0.1291,41.0488,1.4299,7.7644,0.2156,762.6029,35.8857,0.22506,2,2,1,6,0,1,1,,0.8528747482361505,0,0,1,0,C
O001_W0001,1,LOT_01_07,14,P_B,R_BASE,CMP,CMP_01,CH_A,1794.4,0,1.2778,0.0415,0.0139,0.0105,0.9277,323.114,317.899,2.9087,828.77,133.602,193.718,0.07463,0.3838,56.943,0.6635,41.0226,1.1826,-1.1881,-8.6159,767.7632,39.7903,0.23013,1,1,3,6,1,1,0,,0.7523827478184002,0,0,0,0,GOOD
O001_W0002,1,LOT_01_03,24,P_A,R_BASE,CVD,CVD_01,CH_C,1857.8,1,1.5301,0.1831,0.0219,0.0125,0.8945,315.552,312.665,3.3302,927.909,130.259,205.155,0.08889,0.4243,64.289,2.0542,43.5228,1.9357,-5.386,-2.8687,803.4877,36.4001,0.17555,4,1,0,5,2,1,1,10.638366555506977,,1,0,0,0,A
O001_W0003,1,LOT_01_08,18,P_C,R_BASE,ETCH,ETCH_02,CH_D,1987.7,0,0.9719,0.0161,0.0351,0.0046,0.9578,307.433,319.968,3.1273,886.851,124.944,211.156,0.05189,0.4198,68.563,0.5952,44.2417,1.333,4.371,3.9295,775.3759,40.6222,0.19141,7,0,0,3,1,1,0,,0.9100255841744064,0,0,0,0,GOOD
O001_W0004,1,LOT_01_06,7,P_B,R_BASE,ETCH,ETCH_03,CH_D,2022.2,1,1.8383,0.1776,0.0116,0.0,0.8341,321.364,319.977,3.5012,939.855,136.007,213.684,0.10663,0.5222,66.552,0.6486,44.3107,1.6026,2.7191,-10.5792,815.3818,38.8841,0.24753,3,0,0,12,6,0,2,8.627096141957313,,1,0,0,1,A
O001_W0005,1,LOT_01_08,11,P_C,R_FAST,CVD,ETCH_01,CH_D,1928.8,0,1.8406,0.0308,0.1441,0.0214,0.8753,320.837,318.138,3.1681,796.384,125.979,223.454,0.09073,0.3883,58.324,-0.5106,39.7714,0.8467,13.4596,1.8687,787.3931,42.4972,0.19623,8,1,8,2,2,3,1,,1.1582580766743844,0,1,0,1,B
O001_W0006,1,LOT_01_01,20,P_A,R_BASE,CVD,PHOTO_01,CH_C,1885.7,0,1.0787,0.0351,0.0186,0.0,0.9641,322.49,321.218,3.2556,924.374,123.971,202.84,0.08191,0.3723,58.811,0.6331,41.3502,1.1322,6.7304,3.3805,789.5801,36.4772,0.18593,4,3,0,3,1,0,0,,0.9289962528205575,0,0,0,0,GOOD
O001_W0007,1,LOT_01_02,12,P_C,R_REWORK,CVD,ETCH_03,CH_B,2253.9,1,1.9985,0.1823,0.0282,0.0195,0.8438,325.161,316.66,3.4148,889.747,115.802,212.944,0.10389,0.6938,68.758,0.6736,42.4795,2.1301,2.1015,1.4087,806.2463,42.7429,0.1372,6,3,0,12,4,1,3,10.875838669420817,,1,0,0,1,A
O001_W0008,1,LOT_01_03,5,P_A,R_FAST,CVD,PHOTO_01,CH_D,1564.7,0,1.303,0.0063,0.0526,0.0349,0.952,331.018,315.965,2.6673,818.63,112.318,198.485,0.08593,0.4001,65.887,-0.3369,42.9097,1.0518,-11.6374,4.3378,784.0618,38.9227,0.1965,7,0,1,1,2,1,0,,0.9153543730936764,0,0,0,0,GOOD
O001_W0009,1,LOT_01_07,10,P_B,R_REWORK,PHOTO,CMP_01,CH_B,1841.0,0,1.1838,0.0324,0.0319,0.0,0.9519,328.598,321.548,2.86,874.193,126.357,222.374,0.07779,0.6242,67.846,0.6011,42.8951,0.9631,4.4342,-2.5705,788.8158,32.89,0.13044,3,0,0,1,0,3,1,,1.0141734216585425,0,0,0,0,GOOD
O001_W0010,1,LOT_01_07,5,P_A,R_REWORK,ETCH,ETCH_01,CH_A,1979.2,0,1.2842,0.0456,0.0261,0.0622,0.9451,323.168,316.074,2.9125,884.279,127.562,214.342,0.08156,0.5204,71.967,-0.2626,42.9396,1.1272,4.0426,-9.3043,772.371,40.7406,0.20084,3,1,0,2,0,3,1,,0.9387782599518593,0,0,0,0,GOOD
O001_W0011,1,LOT_01_08,14,P_A,R_FAST,PHOTO,CMP_01,CH_C,1935.6,0,1.3964,0.0457,0.1375,0.0135,0.9067,327.129,319.34,3.2693,928.749,120.491,204.095,0.05522,0.3645,62.618,0.5751,41.6134,1.4332,-1.7564,-2.5805,750.4605,33.0804,0.21812,2,1,1,3,1,0,0,,0.7494068289172912,0,1,0,0,B
O001_W0012,1,LOT_01_03,18,P_A,R_BASE,CMP,CVD_01,CH_B,1687.0,0,1.1036,0.0233,0.0,0.0418,0.9328,327.045,316.239,2.5767,849.732,118.265,216.907,0.06841,0.3344,67.396,-1.4051,40.7226,1.276,1.0679,3.5311,751.2761,43.1003,0.17464,2,1,0,2,1,0,1,,1.085197628423813,0,0,0,0,GOOD
O001_W0013,1,LOT_01_01,11,P_B,R_BASE,PHOTO,ETCH_03,CH_B,1714.8,0,1.1551,0.0341,0.0149,0.0331,0.9464,322.404,321.053,3.2314,823.904,122.47,227.928,0.06569,0.4319,61.733,0.2535,43.0738,1.3971,14.8776,2.4017,786.9672,31.7699,0.24958,3,3,1,3,1,0,1,,1.18980833969845,0,0,0,0,GOOD
O001_W0014,1,LOT_01_05,1,P_A,R_BASE,ETCH,ETCH_02,CH_C,2020.3,0,1.2219,0.026,0.0366,0.0333,0.9083,320.572,325.478,3.1411,830.449,126.844,214.75,0.07709,0.2676,58.627,1.006,40.432,1.4783,0.1052,-2.3443,774.0546,36.423,0.09839,8,2,0,3,0,0,1,,1.0149051445643256,0,0,0,0,GOOD
O001_W0015,1,LOT_01_03,14,P_C,R_BASE,ETCH,ETCH_01,CH_B,1901.5,0,1.1681,0.0513,0.0,0.0163,0.9166,316.271,318.16,2.8356,866.62,139.108,200.581,0.05445,0.3724,59.594,-0.1111,43.5867,0.7529,-18.0779,1.2893,788.9501,33.465,0.20647,4,0,1,2,1,1,0,,0.8873461100500819,0,0,0,0,GOOD
O001_W0016,1,LOT_01_03,15,P_B,R_BASE,ETCH,ETCH_02,CH_C,1931.8,0,1.5577,0.0568,0.1507,0.0398,0.9123,320.855,314.765,2.4928,871.575,107.11,204.634,0.07186,0.2317,59.17,0.1224,42.6706,1.4785,10.5065,-8.9346,786.0966,35.5294,0.1613,7,0,2,2,3,0,1,,0.9038374317245204,0,1,0,0,B
O001_W0017,1,LOT_01_05,13,P_A,R_FAST,CVD,ETCH_02,CH_C,1784.0,0,1.6553,0.0458,0.0329,0.1323,0.8698,325.804,323.156,3.3643,882.321,116.169,203.727,0.08717,0.2416,60.976,-0.9199,41.6388,0.9937,-1.8505,0.2506,813.8789,43.5036,0.21526,5,3,1,1,2,1,0,,1.123061194700901,0,0,1,1,C
O001_W0018,1,LOT_01_04,1,P_A,R_FAST,ETCH,CMP_01,CH_C,2127.6,1,1.5858,0.1658,0.0434,0.0369,0.9082,313.19,311.944,3.1338,842.982,122.563,217.165,0.08306,0.5629,65.81,1.8502,44.4156,1.8249,-12.8725,-6.5906,794.3082,39.5227,0.23361,3,0,0,6,0,1,5,6.605696515885976,,1,0,0,0,A
O001_W0019,1,LOT_01_03,18,P_C,R_FAST,ETCH,ETCH_01,CH_D,2124.8,0,1.1895,0.0192,0.025,0.0172,0.9402,321.162,314.572,2.8918,947.451,120.501,218.461,0.06676,0.4126,57.702,-0.5605,40.0537,1.1306,-0.1102,0.8269,764.1361,38.1558,0.14933,3,1,0,4,0,1,0,,1.200313669685446,0,0,0,0,GOOD
O001_W0020,1,LOT_01_02,9,P_A,R_REWORK,ETCH,CVD_01,CH_C,2020.1,0,1.1648,0.0382,0.0374,0.0035,0.94,326.226,321.772,2.8315,878.684,121.722,211.237,0.09647,0.4712,59.705,0.6672,39.5241,1.4711,2.3817,-13.989,804.4607,37.7704,0.26342,5,3,2,3,3,1,1,,1.107399426486837,0,0,0,0,GOOD
O001_W0021,1,LOT_01_01,8,P_A,R_BASE,CVD,PHOTO_01,CH_B,1933.5,0,1.0075,0.0463,0.0322,0.0235,0.9527,319.269,328.061,3.2375,903.393,122.343,213.51,0.10739,0.5386,61.601,-0.0648,41.42,1.5893,-2.7576,2.8223,779.4174,39.1399,0.15288,7,2,2,1,0,1,2,,1.039267061525456,0,0,0,0,GOOD
O001_W0022,1,LOT_01_01,8,P_C,R_FAST,CMP,ETCH_02,CH_C,1697.3,0,1.5694,0.0235,0.1536,0.0229,0.9053,314.148,319.675,3.0829,808.352,128.329,192.799,0.08993,0.317,53.934,-0.2277,39.3788,1.0609,2.4134,-5.6311,787.7336,39.0921,0.12443,2,2,2,5,0,2,4,,0.9669235227449242,0,1,0,0,B
O001_W0023,1,LOT_01_05,3,P_A,R_BASE,ETCH,ETCH_03,CH_C,2182.0,0,1.1288,0.0505,0.0122,0.0094,0.9545,318.358,318.084,2.9329,831.03,120.861,207.208,0.0636,0.6079,61.572,-0.3772,41.9624,1.5792,2.4316,1.279,798.0224,43.1684,0.22755,5,2,1,0,1,0,1,,0.8187863884823919,0,0,0,0,GOOD
O001_W0024,1,LOT_01_05,24,P_A,R_REWORK,CMP,ETCH_03,CH_C,2122.8,1,1.7771,0.1616,0.0312,0.0989,0.8809,324.468,310.022,3.8526,925.611,132.137,232.196,0.14546,0.5536,66.429,0.4488,43.3863,1.568,3.7977,-2.1875,785.5282,36.5389,0.22447,5,6,1,7,1,1,3,10.003704648499623,,1,0,1,0,A
O001_W0025,1,LOT_01_01,12,P_B,R_BASE,ETCH,CVD_01,CH_B,1752.2,0,1.3893,0.0513,0.0552,0.0318,0.9251,322.138,320.923,3.2467,856.188,122.645,200.227,0.11907,0.2947,66.979,0.6711,39.7591,1.0037,0.1131,-1.5819,810.5354,41.5357,0.24471,6,1,2,2,1,0,1,,0.9411295940958765,0,0,0,0,GOOD
O001_W0026,1,LOT_01_01,2,P_A,R_BASE,CVD,ETCH_01,CH_A,1827.4,0,1.1836,0.0388,0.0494,0.0323,0.9402,319.453,314.817,2.9898,856.025,126.916,217.891,0.12949,0.4836,62.285,-1.1249,42.8088,1.5462,-2.826,3.1731,778.5363,39.21,0.29619,4,2,0,1,2,0,1,,0.7029757573333859,0,0,0,0,GOOD
O001_W0027,1,LOT_01_06,5,P_A,R_BASE,CVD,ETCH_01,CH_C,1795.7,0,1.1526,0.0296,0.0196,0.0128,0.9463,320.658,310.123,2.622,867.175,124.774,202.217,0.04828,0.4869,60.792,0.9022,43.4181,1.21,2.9163,-6.4056,732.0732,42.002,0.14875,6,1,4,2,3,0,0,,1.301052944448744,0,0,0,0,GOOD
O001_W0028,1,LOT_01_04,15,P_C,R_REWORK,ETCH,PHOTO_01,CH_B,2172.7,0,1.2973,0.0588,0.025,0.0446,0.9432,331.276,307.914,2.9117,880.53,131.806,219.904,0.1421,0.5507,58.847,-1.3481,42.4856,1.4718,-1.6888,-2.1269,774.9077,37.138,0.23074,7,2,2,2,3,0,1,,1.2163277102148464,0,0,0,0,GOOD
O001_W0029,1,LOT_01_04,6,P_B,R_FAST,ETCH,PHOTO_01,CH_C,1851.0,0,1.108,0.0004,0.0289,0.039,0.9464,323.307,321.869,3.3749,825.994,121.632,203.573,0.0845,0.3682,68.563,0.3181,43.9892,1.1819,1.71,7.0114,763.8584,39.9712,0.13017,4,1,0,2,1,1,2,,1.0548209840227851,0,0,0,0,GOOD
O001_W0030,1,LOT_01_01,20,P_C,R_BASE,CVD,CVD_01,CH_C,1671.8,0,1.1054,0.0312,0.0222,0.0,0.9509,324.959,313.35,2.94,824.675,126.592,213.974,0.09417,0.4806,62.759,0.7914,43.5579,1.0182,-0.6527,0.5147,791.3769,36.4935,0.14882,3,0,1,4,0,0,0,,1.075336077593287,0,0,0,0,GOOD
O001_W0031,1,LOT_01_02,12,P_B,R_FAST,CMP,PHOTO_01,CH_B,1776.0,1,1.5177,0.1928,0.0153,0.0307,0.9015,322.444,323.031,3.4067,911.966,117.733,202.289,0.12775,0.5992,61.652,1.1619,41.8747,1.4293,2.0432,0.3573,800.9633,36.2084,0.15897,3,1,1,2,2,0,2,8.433611667312377,,1,0,0,0,A
O001_W0032,1,LOT_01_07,11,P_A,R_BASE,CMP,ETCH_03,CH_A,1886.6,1,1.9013,0.214,0.0012,0.0186,0.8402,319.073,322.547,3.38,902.018,130.257,211.021,0.11803,0.5189,62.014,0.4579,43.471,1.5901,-4.0766,7.1265,794.8715,43.008,0.20445,4,1,2,6,6,0,5,9.457568638182238,,1,0,0,1,A
O001_W0033,1,LOT_01_08,1,P_C,R_BASE,CMP,PHOTO_01,CH_A,1726.9,0,1.2767,0.0358,0.0238,0.0172,0.934,317.257,321.831,2.9606,871.557,122.45,212.84,0.04313,0.3314,65.189,-0.5474,42.8211,0.7631,2.9268,-5.3059,782.5407,40.4577,0.08897,2,2,0,0,0,0,0,,0.9808533108325025,0,0,0,0,GOOD
O001_W0034,1,LOT_01_04,1,P_B,R_FAST,CMP,CVD_01,CH_B,1773.4,0,1.1967,0.0409,0.0077,0.0338,0.9378,326.665,321.667,2.9244,848.507,140.67,214.422,0.0874,0.3567,63.082,-1.2423,41.9212,1.2458,-2.1739,4.2364,797.5454,37.2721,0.03768,6,0,1,2,2,0,2,,0.7717653625172852,0,0,0,0,GOOD
O001_W0035,1,LOT_01_08,5,P_A,R_BASE,ETCH,CMP_01,CH_A,2041.6,0,1.0862,0.0,0.0236,0.0126,0.9435,317.554,317.058,3.0685,861.283,127.706,204.737,0.08063,0.4948,69.696,-0.0106,41.9829,1.0598,6.2273,1.8692,793.7799,34.028,0.1429,1,2,1,1,0,1,0,,0.6885814455028807,0,0,0,0,GOOD
O001_W0036,1,LOT_01_04,13,P_C,R_FAST,CVD,CMP_01,CH_C,1865.3,0,1.3618,0.0503,0.0589,0.0158,0.895,314.049,322.859,3.0417,851.131,122.051,204.966,0.04365,0.416,67.249,1.0856,42.5266,1.2487,4.8629,7.0411,777.7494,38.8858,0.12683,3,2,3,0,0,0,0,,1.0001094777842043,0,0,0,0,GOOD
O001_W0037,1,LOT_01_03,13,P_C,R_BASE,CMP,CMP_01,CH_B,1890.7,0,1.3614,0.0343,0.1255,0.0125,0.9231,307.833,319.448,3.2205,849.719,128.653,197.513,0.03984,0.4867,61.63,-0.515,42.7799,1.1083,3.8996,-7.4809,735.7675,40.7437,0.29285,6,2,5,4,0,1,1,,1.2102676817260376,0,1,0,0,B
O001_W0038,1,LOT_01_01,11,P_C,R_BASE,ETCH,CVD_01,CH_D,1987.4,0,1.221,0.0293,0.0169,0.0234,0.9551,331.037,323.908,2.5765,899.931,125.177,203.448,0.06591,0.3184,59.906,0.3367,43.6096,1.417,-5.6726,2.3512,740.1017,39.6802,0.12078,4,1,1,3,1,0,0,,1.0611219267139083,0,0,0,0,GOOD
O001_W0039,1,LOT_01_02,6,P_A,R_BASE,CMP,ETCH_01,CH_B,1849.2,0,1.1642,0.0521,0.0389,0.0196,0.9362,319.368,309.578,3.1382,869.184,133.203,206.594,0.10315,0.4513,63.656,-0.4143,43.6877,1.0192,-4.7113,-0.3212,739.3425,41.0312,0.16465,3,1,2,3,1,0,1,,0.886514393308285,0,0,0,0,GOOD
O001_W0040,1,LOT_01_03,6,P_A,R_BASE,CMP,ETCH_01,CH_A,1904.3,0,1.165,0.0272,0.0311,0.04,0.9465,322.386,320.707,3.1748,870.08,123.287,232.016,0.09441,0.6508,51.624,-0.1199,43.5485,0.7622,-1.3467,5.0369,745.5264,36.3703,0.2381,1,0,1,0,3,2,0,,1.2477550559750892,0,0,0,0,GOOD
O001_W0041,1,LOT_01_02,11,P_C,R_BASE,CMP,ETCH_02,CH_B,1972.3,0,1.3657,0.0191,0.0411,0.117,0.9236,315.725,323.739,2.7654,835.124,126.247,214.782,0.07338,0.4212,56.929,2.0014,42.1149,1.0561,5.8697,5.6425,799.2421,39.1248,0.1832,8,4,0,2,0,0,1,,1.060214757592861,0,0,1,0,C
O001_W0042,1,LOT_01_05,2,P_A,R_BASE,PHOTO,CMP_01,CH_B,1853.8,0,1.4429,0.0364,0.1432,0.0192,0.9128,315.098,314.635,2.6554,876.923,119.965,209.074,0.12587,0.4575,62.673,0.1563,44.6329,1.0021,6.4149,-6.7569,758.8128,39.4455,0.2404,4,2,4,3,0,2,1,,0.7773803359392114,0,1,0,0,B
O001_W0043,1,LOT_01_06,18,P_B,R_BASE,CMP,ETCH_01,CH_A,1560.4,0,1.2882,0.0532,0.0195,0.0989,0.9286,330.678,313.293,3.4146,833.725,133.816,200.883,0.07241,0.4185,65.005,-1.1282,43.8945,1.0157,-0.8888,-7.3446,809.4412,35.4998,0.2977,8,4,0,2,2,0,0,,1.0808397312312343,0,0,1,0,C
O001_W0044,1,LOT_01_02,20,P_A,R_BASE,ETCH,PHOTO_01,CH_D,2061.2,0,1.0158,0.0527,0.025,0.0151,0.9341,325.086,316.85,2.8826,896.173,131.145,206.009,0.12685,0.5004,59.117,-0.1658,41.6336,1.2425,-8.3248,0.3553,745.8603,39.2737,0.12256,8,4,3,5,0,0,1,,1.0959418131360348,0,0,0,0,GOOD
O001_W0045,1,LOT_01_08,18,P_B,R_FAST,ETCH,ETCH_02,CH_A,1936.2,0,1.34,0.0487,0.1291,0.0114,0.9153,319.518,317.554,2.9179,890.352,124.305,206.091,0.06337,0.4496,65.154,-0.9382,45.5097,1.2015,10.9944,-9.4048,769.7789,36.2658,0.18581,1,0,5,3,2,3,0,,1.1555281498708445,0,1,0,0,B
O001_W0046,1,LOT_01_06,7,P_A,R_REWORK,PHOTO,CVD_01,CH_D,1924.6,0,1.4525,0.0594,0.1302,0.0124,0.91,318.041,322.165,2.7189,860.149,134.0,196.692,0.08723,0.6372,63.15,0.0657,40.9674,1.0241,5.0761,-9.0867,784.2399,35.0251,0.21795,2,0,2,1,3,2,3,,0.9922212820775361,0,1,0,0,B
O001_W0047,1,LOT_01_01,2,P_A,R_BASE,CMP,ETCH_01,CH_A,1733.0,0,1.4933,0.0394,0.0444,0.0186,0.8768,320.11,318.957,3.3337,844.457,129.776,200.923,0.09231,0.31,62.224,0.591,45.2037,1.0983,-5.9477,11.4591,793.1645,42.5761,0.15007,5,2,1,0,4,0,1,,1.178065593179317,0,0,0,1,D
O001_W0048,1,LOT_01_07,4,P_A,R_BASE,ETCH,PHOTO_01,CH_D,2117.5,0,1.0911,0.01,0.0276,0.0,0.9464,316.943,314.838,2.8204,870.217,135.271,230.699,0.07234,0.5457,58.831,1.0875,41.8121,1.1622,-7.6431,4.2093,789.0546,35.5391,0.11875,2,1,1,1,1,0,1,,1.1706334385649175,0,0,0,0,GOOD
O001_W0049,1,LOT_01_02,18,P_B,R_BASE,CVD,ETCH_03,CH_B,1979.3,1,1.998,0.1934,0.017,0.0206,0.8408,328.937,309.554,3.7504,921.361,136.015,210.769,0.13862,0.5371,69.173,0.9176,44.0546,1.809,1.726,-5.5502,832.3284,38.7108,0.25625,4,0,0,10,2,1,3,11.160600455757383,,1,0,0,1,A
O001_W0050,1,LOT_01_06,3,P_A,R_BASE,ETCH,ETCH_02,CH_A,1914.4,0,1.7899,0.0166,0.0415,0.0355,0.9027,326.433,321.37,2.8925,867.942,130.606,224.575,0.08866,0.4289,67.481,-0.1059,42.0486,1.1831,-1.7129,-8.9094,790.7731,41.6051,0.19104,7,0,0,2,6,0,1,,0.9367621134112637,0,0,0,1,D
O001_W0051,1,LOT_01_02,3,P_A,R_BASE,CVD,ETCH_01,CH_B,1811.2,0,1.7213,0.0544,0.1426,0.0217,0.8692,318.875,313.092,2.9938,813.85,134.777,210.502,0.10509,0.5109,51.303,-1.3312,42.293,1.0233,7.3945,-5.2982,796.9966,37.6012,0.13581,6,2,9,2,5,3,1,,0.940780241306058,0,1,0,1,B
O001_W0052,1,LOT_01_07,5,P_A,R_BASE,CVD,CVD_01,CH_A,1750.6,0,1.0502,0.0132,0.0178,0.0173,0.9303,319.615,325.415,2.9674,861.689,110.197,227.758,0.0446,0.3897,56.073,1.8394,43.7596,1.0551,-1.2621,-6.9414,765.4769,36.4402,0.16248,1,0,1,3,0,0,0,,1.0683842270820525,0,0,0,0,GOOD
O001_W0053,1,LOT_01_06,6,P_A,R_BASE,PHOTO,PHOTO_01,CH_C,1810.6,0,1.1463,0.0353,0.0239,0.0424,0.926,314.52,314.522,3.0854,853.881,125.764,208.369,0.10179,0.4902,56.911,1.7093,45.516,1.3297,2.6391,-5.2166,743.2031,33.886,0.17806,7,1,2,2,2,0,1,,0.9631270838785486,0,0,0,0,GOOD
O001_W0054,1,LOT_01_06,8,P_B,R_BASE,CVD,PHOTO_01,CH_B,1763.2,0,1.76,0.0232,0.1235,0.0301,0.8776,312.197,319.196,3.4129,847.425,133.328,212.729,0.07411,0.5899,55.981,0.4615,39.816,0.7933,9.6235,0.0676,792.3739,42.8299,0.13157,6,2,4,3,4,3,0,,0.9701015854258315,0,1,0,1,B
O001_W0055,1,LOT_01_04,6,P_B,R_REWORK,ETCH,ETCH_01,CH_C,2267.9,0,1.3356,0.0329,0.1435,0.0052,0.9081,323.715,321.643,2.9616,870.006,137.879,201.294,0.10052,0.2623,61.382,-0.369,40.7327,1.0495,6.1932,-12.8936,792.882,36.7724,0.28403,6,0,4,3,0,3,0,,0.9872150267177597,0,1,0,0,B
O001_W0056,1,LOT_01_01,25,P_B,R_BASE,CMP,CMP_01,CH_B,1793.9,0,1.3984,0.037,0.0209,0.1087,0.9258,317.163,315.944,3.024,869.867,128.761,197.229,0.05683,0.352,68.515,-0.5599,43.586,1.3099,-4.7975,1.2241,793.0114,39.9544,0.25689,6,6,0,2,2,0,1,,0.8557415068619699,0,0,1,0,C
O001_W0057,1,LOT_01_04,1,P_A,R_FAST,CMP,CVD_01,CH_A,1711.7,0,1.3153,0.0302,0.0183,0.0483,0.9338,326.758,321.702,3.0187,869.596,123.654,213.481,0.05366,0.2108,55.616,-2.5783,40.1344,1.2328,7.9483,-3.0855,806.3909,34.313,0.17961,4,3,1,1,2,0,0,,0.8871479054436606,0,0,0,0,GOOD
O001_W0058,1,LOT_01_02,8,P_C,R_BASE,ETCH,ETCH_01,CH_A,1901.5,0,1.0279,0.0001,0.0366,0.0,0.9507,326.873,324.305,2.8872,841.774,110.521,203.546,0.05667,0.5073,55.503,-0.6191,41.0127,0.9721,2.0711,5.2216,797.4332,37.8004,0.20003,6,2,0,2,0,0,0,,1.121775807517057,0,0,0,0,GOOD
O001_W0059,1,LOT_01_07,11,P_A,R_BASE,ETCH,CVD_01,CH_D,1944.3,0,1.118,0.0389,0.0221,0.0311,0.9381,323.256,319.651,2.9564,859.18,111.763,219.435,0.11442,0.216,61.317,-0.4945,44.1705,1.5666,-4.1738,-3.9917,779.2341,34.8127,0.16559,2,1,1,4,1,0,1,,0.9362940119642688,0,0,0,0,GOOD
O001_W0060,1,LOT_01_01,23,P_A,R_BASE,CVD,ETCH_02,CH_C,1834.7,0,1.1789,0.0113,0.0106,0.0139,0.9732,319.682,308.968,2.8603,824.638,136.493,193.111,0.08422,0.454,56.071,0.5976,39.1511,1.2366,-1.8225,11.6599,775.3554,37.5242,0.23618,4,1,2,2,1,0,1,,0.8416808019429259,0,0,0,0,GOOD
O001_W0061,1,LOT_01_03,14,P_A,R_FAST,CMP,ETCH_02,CH_D,1901.7,0,1.5123,0.0497,0.1636,0.0179,0.8867,322.603,316.101,3.0174,836.146,128.603,218.567,0.1149,0.2683,63.274,-0.8615,39.549,0.8832,8.3635,-4.524,785.4403,34.9554,0.24175,3,0,3,2,2,2,0,,0.7479172332906043,0,1,0,0,B
O001_W0062,1,LOT_01_08,23,P_C,R_BASE,CVD,ETCH_03,CH_A,1720.4,0,1.2159,0.0299,0.0332,0.0393,0.9309,314.798,314.999,3.6273,842.064,126.856,196.466,0.08022,0.3682,68.039,1.3512,42.8168,0.8421,-2.3002,-3.3026,785.9062,31.9909,0.18445,5,0,0,0,2,0,1,,0.9390638087541173,0,0,0,0,GOOD
O001_W0063,1,LOT_01_03,20,P_A,R_BASE,PHOTO,ETCH_02,CH_C,1690.6,0,1.2107,0.0695,0.0164,0.0419,0.9338,323.206,313.113,2.8248,822.564,140.608,200.502,0.04455,0.3812,56.624,0.8132,44.7689,0.9458,-4.2415,-5.4265,787.3999,39.3124,0.26534,5,1,0,3,3,0,0,,1.076097954216623,0,0,0,0,GOOD
O001_W0064,1,LOT_01_07,11,P_A,R_BASE,ETCH,ETCH_02,CH_B,1898.3,0,1.8249,0.0535,0.1349,0.0309,0.8567,327.549,319.791,3.3559,875.599,120.221,204.213,0.07951,0.3492,59.104,-0.5815,41.0801,1.2374,3.4088,4.0116,770.5619,37.5988,0.13033,8,0,8,2,3,2,0,,0.9606187387956188,0,1,0,1,B
O001_W0065,1,LOT_01_01,11,P_A,R_FAST,ETCH,PHOTO_01,CH_A,1912.5,0,1.0894,0.0202,0.03,0.0293,0.9402,318.52,320.263,2.6053,864.306,121.707,216.137,0.06806,0.2766,58.682,-0.6101,39.4735,1.9061,2.3396,0.3268,788.1034,37.9356,0.21374,5,0,0,3,1,0,1,,1.196197494358818,0,0,0,0,GOOD
O001_W0066,1,LOT_01_07,23,P_C,R_BASE,CMP,ETCH_02,CH_D,1741.3,0,1.2377,0.0221,0.0357,0.017,0.953,322.446,323.367,2.8038,870.095,124.722,217.154,0.04936,0.6406,56.718,-0.4842,41.9415,1.4551,-0.6005,-2.3892,812.1933,35.6948,0.21254,2,1,3,2,3,1,2,,1.1316211718160596,0,0,0,0,GOOD
O001_W0067,1,LOT_01_03,24,P_A,R_BASE,ETCH,ETCH_02,CH_C,1966.8,1,1.5703,0.1791,0.0369,0.0033,0.8861,314.316,324.939,3.3578,920.923,126.519,218.576,0.08723,0.5271,68.766,1.1028,41.6048,1.7653,2.7024,-1.7559,812.0965,38.7576,0.15505,3,0,2,6,0,1,7,10.422239459949006,,1,0,0,0,A
O001_W0068,1,LOT_01_02,13,P_C,R_BASE,CVD,ETCH_02,CH_D,1659.2,0,1.3227,0.0222,0.1275,0.01,0.9251,311.433,313.004,3.0135,818.231,130.409,198.811,0.06732,0.3899,63.546,0.3506,38.2018,1.4145,1.3681,0.3284,810.7876,38.9933,0.20376,4,0,7,1,1,0,0,,0.9440815935340633,0,1,0,0,B
O001_W0069,1,LOT_01_05,14,P_C,R_FAST,CMP,CMP_01,CH_D,1798.7,0,1.0194,0.0252,0.0,0.0298,0.9361,318.06,320.17,2.9315,881.632,129.133,213.234,0.05155,0.4547,64.022,0.6768,41.7762,1.254,-1.7563,-7.9952,801.6923,37.403,0.15404,5,0,2,4,0,1,0,,1.1051981685760737,0,0,0,0,GOOD
O001_W0070,1,LOT_01_03,21,P_C,R_FAST,CMP,CVD_01,CH_D,1656.2,0,1.2389,0.0073,0.0356,0.0273,0.9565,321.8,311.02,3.0645,839.639,131.362,202.924,0.0619,0.2415,50.697,-1.0554,42.1843,1.3757,8.66,2.5152,802.5556,44.0661,0.14552,2,1,0,0,1,0,1,,0.9234971491511978,0,0,0,0,GOOD
O001_W0071,1,LOT_01_05,3,P_A,R_BASE,PHOTO,CMP_01,CH_C,1840.8,0,1.1916,0.0046,0.0368,0.029,0.9688,316.357,312.681,3.0225,875.988,121.933,242.301,0.12881,0.3641,64.718,0.0119,43.9491,0.5885,6.7067,10.8862,759.6644,37.8836,0.18441,2,1,0,3,2,2,1,,0.9584270367634319,0,0,0,0,GOOD
O001_W0072,1,LOT_01_01,23,P_A,R_BASE,CVD,ETCH_03,CH_B,1901.5,0,1.0506,0.0317,0.0341,0.022,0.9477,320.814,318.503,3.3901,840.021,119.702,213.926,0.05961,0.4019,59.264,0.9018,43.2511,0.8455,5.8855,5.8369,782.9472,39.0993,0.18508,4,0,1,1,1,0,0,,1.1330067556646513,0,0,0,0,GOOD
O001_W0073,1,LOT_01_03,7,P_C,R_BASE,ETCH,CMP_01,CH_C,1955.6,0,1.1595,0.0205,0.0201,0.0189,0.9551,320.595,315.662,3.0425,862.043,115.794,208.349,0.08632,0.5264,67.088,0.5947,41.5374,0.9829,-1.7652,2.7826,790.488,38.3742,0.06899,5,4,0,1,0,0,2,,1.0126113810685329,0,0,0,0,GOOD
O001_W0074,1,LOT_01_02,12,P_A,R_BASE,ETCH,ETCH_01,CH_D,1952.0,0,1.0065,0.0319,0.0128,0.0332,0.9441,315.92,316.511,2.9867,869.144,129.432,196.291,0.09043,0.3547,54.419,-0.0756,39.0861,0.822,-4.7524,2.1966,796.7643,37.9928,0.20015,4,0,0,1,3,1,0,,1.3231058173592802,0,0,0,0,GOOD
O001_W0075,1,LOT_01_01,20,P_A,R_BASE,CMP,CVD_01,CH_A,1688.5,0,1.308,0.0196,0.023,0.0412,0.9412,318.078,310.618,3.2193,808.842,123.265,215.814,0.05847,0.4938,65.116,-0.7092,40.5763,1.2798,3.959,-1.0689,744.5283,42.3475,0.18637,1,0,0,1,2,1,1,,0.8240707577535709,0,0,0,0,GOOD
O001_W0076,1,LOT_01_03,13,P_A,R_FAST,PHOTO,ETCH_02,CH_A,1732.5,0,1.0457,0.0107,0.0283,0.0339,0.9468,328.527,317.853,2.9424,802.924,122.123,197.157,0.15544,0.3716,67.217,1.8426,42.4935,0.9867,-0.1374,-0.4287,775.7846,39.0146,0.18401,4,0,0,1,1,0,0,,0.8583094086264864,0,0,0,0,GOOD
O001_W0077,1,LOT_01_08,21,P_A,R_BASE,ETCH,ETCH_01,CH_B,2079.9,0,1.1499,0.0675,0.0066,0.0141,0.9475,320.58,320.855,3.0902,892.834,123.359,208.046,0.08812,0.3863,59.354,0.3538,39.8284,1.22,1.2298,-6.518,770.5506,35.9755,0.15752,4,1,1,1,0,1,1,,0.7890319382070491,0,0,0,0,GOOD
O001_W0078,1,LOT_01_01,2,P_C,R_BASE,CMP,CMP_01,CH_B,1765.4,1,1.7865,0.1973,0.124,0.106,0.846,314.442,316.922,3.7125,898.549,133.686,217.826,0.0553,0.4906,66.885,0.785,43.1181,1.7193,4.5852,-6.3931,798.4037,42.8762,0.19652,8,4,7,8,0,1,1,10.11957786811988,,1,1,1,0,A
O001_W0079,1,LOT_01_05,14,P_C,R_FAST,CMP,ETCH_03,CH_B,1973.5,1,1.7553,0.1865,0.1496,0.019,0.8678,329.255,330.215,3.7173,859.763,138.959,183.705,0.10566,0.5726,67.875,0.7992,43.7609,1.9225,11.3121,-2.1778,775.739,39.1217,0.20331,4,1,1,7,1,1,6,8.957907221921749,,1,1,0,0,A
O001_W0080,1,LOT_01_06,4,P_B,R_BASE,ETCH,ETCH_01,CH_B,1946.6,0,1.3509,0.0247,0.1771,0.0244,0.9175,317.639,313.591,3.1887,847.366,132.87,193.92,0.03669,0.5369,61.467,0.0496,42.3283,1.4097,8.8322,0.6781,761.1112,37.7805,0.0651,3,1,5,5,1,0,1,,0.9984502539195026,0,1,0,0,B
O001_W0081,1,LOT_01_07,22,P_A,R_BASE,CMP,PHOTO_01,CH_A,1813.7,0,1.6144,0.0559,0.1121,0.0129,0.9142,324.576,316.329,3.1247,850.172,121.072,216.001,0.09135,0.264,58.479,-0.0257,41.373,0.8873,4.6674,-4.6201,771.9608,41.7662,0.12682,2,0,3,3,0,1,3,,1.101425077016059,0,1,0,0,B
O001_W0082,1,LOT_01_03,6,P_A,R_BASE,ETCH,ETCH_01,CH_B,2097.7,0,1.3189,0.0086,0.1512,0.0171,0.9032,321.961,316.226,3.0554,840.921,130.473,197.349,0.0727,0.431,63.288,-0.5518,41.182,1.2416,6.0445,0.563,756.5326,40.0565,0.21078,5,1,7,1,1,4,3,,0.869152180915969,0,1,0,0,B
O001_W0083,1,LOT_01_08,2,P_B,R_BASE,CVD,ETCH_01,CH_B,1626.2,0,1.1415,0.0447,0.0268,0.0,0.9415,319.435,315.603,3.0082,855.252,110.533,205.926,0.12459,0.3398,55.974,1.0731,40.8532,1.5234,-4.3654,-11.2471,741.8011,35.0462,0.17957,4,2,2,3,1,0,1,,1.1555129052845252,0,0,0,0,GOOD
O001_W0084,1,LOT_01_03,11,P_A,R_REWORK,ETCH,ETCH_03,CH_D,2234.7,0,1.3731,0.0522,0.0253,0.0959,0.9255,319.422,319.716,3.0475,867.626,128.399,198.547,0.07027,0.4177,61.478,1.4587,42.38,1.3247,-2.3449,4.964,798.9916,39.0146,0.24784,7,3,0,1,4,0,0,,0.8850220476714565,0,0,1,0,C
O001_W0085,1,LOT_01_02,23,P_A,R_BASE,CMP,ETCH_03,CH_D,1840.3,0,1.1195,0.074,0.0003,0.021,0.9813,325.842,307.322,2.9243,858.177,119.507,208.6,0.0635,0.3871,53.769,-0.0556,43.9327,0.8452,-10.6246,-2.049,764.6668,39.4883,0.19012,6,0,1,1,1,0,2,,1.2056465161019556,0,0,0,0,GOOD
O001_W0086,1,LOT_01_03,12,P_B,R_REWORK,ETCH,PHOTO_01,CH_A,2042.6,0,1.2885,0.0287,0.0522,0.0122,0.9493,319.601,311.384,3.1691,864.633,131.747,207.85,0.06128,0.4632,57.84,-0.4751,42.3795,1.3343,-1.1507,-4.0988,773.253,39.5941,0.165,6,2,1,4,1,0,0,,0.8164068687995621,0,0,0,0,GOOD
O001_W0087,1,LOT_01_03,17,P_B,R_BASE,CMP,ETCH_02,CH_A,1802.7,0,1.308,0.0811,0.0368,0.0362,0.9441,316.751,323.043,2.7103,838.293,123.072,199.362,0.06356,0.5005,62.762,-0.4921,42.1727,1.1835,4.7264,-0.5594,761.4668,41.6633,0.14478,2,1,4,2,0,0,0,,0.9805408068852025,0,0,0,0,GOOD
O001_W0088,1,LOT_01_05,20,P_B,R_REWORK,ETCH,ETCH_02,CH_A,2132.9,1,1.5987,0.1846,0.0299,0.0241,0.8847,311.427,317.679,3.7078,927.293,124.355,207.315,0.10166,0.5514,66.066,1.5526,43.552,1.1669,10.0952,-1.3625,782.7793,41.8398,0.17929,7,3,0,7,0,1,5,10.792990162658217,,1,0,0,0,A
O001_W0089,1,LOT_01_08,22,P_C,R_BASE,PHOTO,ETCH_01,CH_A,1786.0,0,1.1686,0.0447,0.0296,0.0169,0.9448,326.235,317.833,2.8962,858.84,144.929,208.425,0.09051,0.4418,56.439,-0.5763,42.6047,1.3826,-5.7833,-5.433,812.9565,31.4237,0.15733,3,2,0,3,0,1,0,,0.8993837475222016,0,0,0,0,GOOD
O001_W0090,1,LOT_01_08,20,P_B,R_BASE,ETCH,ETCH_01,CH_A,2090.4,0,1.8187,0.0359,0.1475,0.0283,0.8775,321.783,315.117,2.811,891.967,138.435,212.157,0.14359,0.4241,59.132,-1.9214,42.0679,1.3703,9.475,-3.3189,824.3797,37.862,0.1973,1,3,4,4,3,3,0,,1.0439349544656185,0,1,0,1,B
O001_W0091,1,LOT_01_03,18,P_A,R_BASE,PHOTO,ETCH_03,CH_D,1975.2,0,1.1167,0.0302,0.0244,0.0117,0.9399,320.8,327.285,3.2278,809.68,127.273,192.263,0.08542,0.2488,62.989,-1.7243,42.5574,0.9644,-3.3665,-1.0923,781.1493,40.8185,0.09736,3,1,2,3,0,1,1,,1.0012879415957519,0,0,0,0,GOOD
O001_W0092,1,LOT_01_08,23,P_A,R_BASE,ETCH,ETCH_03,CH_B,2128.6,1,1.52,0.182,0.0169,0.0216,0.8799,329.462,324.834,3.5611,869.906,126.472,216.56,0.07024,0.6341,69.182,1.9455,41.9005,1.3925,-9.3627,4.823,774.3373,40.6144,0.22147,5,0,3,5,1,1,2,8.300048521628739,,1,0,0,0,A
O001_W0093,1,LOT_01_01,15,P_C,R_BASE,CVD,ETCH_03,CH_A,1668.8,0,1.1789,0.0231,0.0265,0.0117,0.956,320.273,315.503,3.3772,869.328,127.772,207.875,0.05363,0.4144,65.089,-0.1149,44.1961,1.2317,-0.7038,-2.427,767.0848,37.8626,0.18141,2,1,2,4,2,1,0,,1.2761362431983647,0,0,0,0,GOOD
O001_W0094,1,LOT_01_06,5,P_C,R_BASE,CVD,CMP_01,CH_B,1902.8,0,1.1681,0.0402,0.0165,0.0145,0.9352,323.564,317.005,2.6969,829.666,128.587,216.872,0.06013,0.3999,63.193,-0.8472,40.1737,0.8813,1.7622,-6.585,744.3838,39.4623,0.1065,4,3,0,2,1,0,0,,1.0690983549601993,0,0,0,0,GOOD
O001_W0095,1,LOT_01_05,18,P_A,R_FAST,CVD,ETCH_03,CH_B,1918.0,0,1.1734,0.0224,0.0022,0.0458,0.9438,324.617,320.397,3.1616,838.454,138.764,216.129,0.10008,0.5109,66.263,-1.517,41.6432,1.0718,8.9731,4.5064,785.321,35.1775,0.20879,4,1,1,4,1,0,1,,0.9241066761468668,0,0,0,0,GOOD
O001_W0096,1,LOT_01_03,19,P_B,R_REWORK,CVD,ETCH_02,CH_C,1956.3,0,1.4337,0.0194,0.1379,0.0315,0.9486,320.295,330.106,2.7701,861.894,117.734,203.149,0.05834,0.3254,65.709,1.0161,41.4381,1.3905,7.5351,-4.5652,768.8838,41.2756,0.16239,4,0,12,2,2,4,0,,1.2012993490257384,0,1,0,0,B
O001_W0097,1,LOT_01_05,7,P_B,R_BASE,ETCH,ETCH_03,CH_C,2189.6,0,1.5928,0.0192,0.0376,0.0219,0.8964,321.04,314.333,2.7647,882.29,114.431,198.001,0.09229,0.6099,62.115,0.0354,42.2244,0.9686,2.3844,-1.9175,780.8808,38.4029,0.09524,3,2,2,0,2,1,2,,0.9659188423658377,0,0,0,1,D
O001_W0098,1,LOT_01_03,5,P_A,R_BASE,ETCH,PHOTO_01,CH_A,2021.9,0,1.1958,0.0531,0.0085,0.0,0.9389,327.335,319.76,2.4647,852.452,137.611,216.729,0.04522,0.4373,58.753,1.6499,42.1806,1.1253,2.0024,-4.4656,782.4076,35.9666,0.17336,5,1,4,3,1,0,0,,1.0607358718898916,0,0,0,0,GOOD
O001_W0099,1,LOT_01_04,9,P_C,R_BASE,ETCH,CVD_01,CH_D,1940.9,0,1.2044,0.0087,0.0344,0.0366,0.9546,321.519,315.905,2.8926,916.52,128.086,211.675,0.03899,0.3729,59.311,0.6395,43.1752,1.2549,0.3546,-1.717,787.7864,39.4297,0.1713,1,0,2,0,4,0,1,,0.9894447378749675,0,0,0,0,GOOD
O001_W0100,1,LOT_01_07,17,P_A,R_BASE,ETCH,ETCH_02,CH_B,1870.7,0,1.2741,0.0386,0.0337,0.0599,0.938,317.809,313.507,2.8858,820.132,143.198,213.764,0.08695,0.4387,60.804,0.1361,41.4091,1.0609,-0.5002,2.4288,729.9544,35.6602,0.14948,2,2,1,4,2,0,0,,0.8726152815315321,0,0,0,0,GOOD
O001_W0101,1,LOT_01_02,21,P_C,R_BASE,CVD,ETCH_03,CH_A,1894.5,1,1.8397,0.1933,0.1458,0.027,0.8553,328.816,316.312,3.3306,952.613,129.187,227.133,0.11774,0.709,58.121,2.2616,44.289,1.5336,12.2852,-7.3608,776.9869,40.2255,0.08495,7,2,5,6,1,2,4,9.28879944620363,,1,1,0,0,A
O001_W0102,1,LOT_01_07,7,P_B,R_BASE,CVD,ETCH_01,CH_D,1804.5,0,1.2555,0.0349,0.0184,0.0222,0.956,325.121,310.915,3.0427,851.637,138.324,219.655,0.10855,0.3683,60.119,0.9817,43.4382,1.0963,1.379,-1.6329,781.9973,38.2164,0.19946,6,1,1,4,1,2,0,,1.0567361280796843,0,0,0,0,GOOD
O001_W0103,1,LOT_01_04,13,P_B,R_BASE,PHOTO,ETCH_02,CH_A,1828.8,0,1.7613,0.0348,0.1396,0.0177,0.8644,316.241,315.311,2.7559,827.436,126.914,211.107,0.04745,0.3075,67.174,1.801,41.0162,1.2738,7.8206,-11.3905,795.158,43.5693,0.19637,4,3,3,3,6,5,1,,1.119914263646386,0,1,0,1,B
O001_W0104,1,LOT_01_01,22,P_A,R_BASE,ETCH,ETCH_01,CH_D,2132.8,0,1.263,0.0743,0.0319,0.0,0.9412,317.975,315.916,2.7486,899.881,122.89,203.532,0.12617,0.5076,66.571,1.1605,40.2451,1.336,1.6122,-1.4499,747.8469,42.5676,0.1675,7,1,3,1,2,1,1,,0.8314298204208661,0,0,0,0,GOOD
O001_W0105,1,LOT_01_04,2,P_A,R_BASE,CVD,CMP_01,CH_D,1654.9,1,1.6991,0.2159,0.0189,0.0163,0.873,308.936,323.654,3.7644,906.475,122.968,218.752,0.07744,0.6342,65.88,1.3739,43.5907,2.1648,-4.2834,2.6288,761.7896,34.9263,0.12104,6,0,2,6,1,0,2,11.905532557136738,,1,0,0,0,A
O001_W0106,1,LOT_01_03,12,P_C,R_BASE,ETCH,ETCH_01,CH_D,1957.3,0,1.4166,0.071,0.0285,0.0222,0.9506,321.826,321.644,2.6414,840.916,146.803,188.217,0.07192,0.559,58.778,-1.1171,42.612,1.2594,2.2762,-3.5723,796.7352,37.9257,0.20435,4,2,0,5,2,0,0,,0.9726175085043469,0,0,0,0,GOOD
O001_W0107,1,LOT_01_03,1,P_B,R_BASE,CMP,ETCH_01,CH_A,1869.0,1,1.6177,0.1942,0.0185,0.0217,0.8901,322.355,323.897,3.0624,881.414,128.033,201.607,0.08351,0.6062,67.483,1.2025,43.0948,1.5703,0.2065,-6.4806,792.7885,39.8377,0.22659,10,0,1,6,1,0,2,9.61079185597549,,1,0,0,0,A
O001_W0108,1,LOT_01_06,23,P_B,R_BASE,CMP,PHOTO_01,CH_C,1933.6,0,1.3514,0.0743,0.0146,0.1121,0.9023,337.259,310.793,3.2837,863.982,128.281,210.694,0.05089,0.6234,58.984,0.1714,40.2569,1.048,2.6743,-0.5528,758.2435,38.8586,0.19178,14,4,1,0,3,0,2,,1.31370192154954,0,0,1,0,C
O001_W0109,1,LOT_01_06,16,P_A,R_BASE,CMP,ETCH_03,CH_B,1820.3,1,1.4979,0.1596,0.0356,0.0108,0.8946,322.614,323.456,3.8213,862.224,132.327,208.95,0.13184,0.4486,67.556,-0.5879,45.2075,1.9471,0.0865,1.304,777.2317,31.032,0.25751,5,0,2,12,1,0,6,11.265331860068638,,1,0,0,0,A
O001_W0110,1,LOT_01_02,22,P_C,R_REWORK,ETCH,ETCH_03,CH_A,2178.9,1,1.7844,0.1941,0.0488,0.0177,0.8747,329.766,318.477,3.8211,893.839,129.001,195.164,0.10328,0.6975,65.701,0.5762,46.452,1.3473,3.0361,1.8842,759.9643,35.969,0.21192,1,2,1,10,2,1,6,10.655030625011959,,1,0,0,0,A
O001_W0111,1,LOT_01_08,2,P_B,R_REWORK,ETCH,CMP_01,CH_D,2072.9,0,0.9875,0.045,0.0,0.0156,0.9633,321.225,322.854,3.113,904.338,130.255,206.726,0.02511,0.4168,66.078,-0.6991,41.8198,1.387,-0.9238,-3.4889,773.9152,40.1271,0.24756,3,0,0,1,1,0,1,,1.066051769864967,0,0,0,0,GOOD
O001_W0112,1,LOT_01_02,21,P_A,R_BASE,CMP,ETCH_02,CH_B,1856.8,0,1.2135,0.0362,0.0203,0.0448,0.9632,314.452,317.371,3.0296,922.002,116.557,205.545,0.09961,0.2616,58.65,-1.18,40.2246,0.9265,5.5834,1.0301,808.4811,39.8878,0.22862,6,0,0,2,1,0,0,,0.7821237397646965,0,0,0,0,GOOD
O001_W0113,1,LOT_01_02,8,P_B,R_BASE,CMP,PHOTO_01,CH_B,1802.9,0,1.7035,0.0712,0.0171,0.0463,0.8583,324.713,325.716,3.4125,821.755,129.268,209.783,0.09095,0.536,63.687,-0.2011,39.6257,1.3184,1.9038,8.9831,811.6354,44.0589,0.16416,5,1,0,7,5,2,0,,0.8896160831413369,0,0,0,1,D
O001_W0114,1,LOT_01_06,12,P_B,R_BASE,CVD,ETCH_01,CH_C,1895.0,0,1.1458,0.0284,0.0098,0.0135,0.9416,321.363,322.948,2.7322,891.012,122.635,214.13,0.08858,0.3883,62.994,-0.7292,40.2537,1.5257,-0.8098,-5.3692,800.0909,35.5783,0.15682,3,1,2,2,1,2,2,,0.9228018255337207,0,0,0,0,GOOD
O001_W0115,1,LOT_01_01,8,P_A,R_BASE,CMP,ETCH_01,CH_D,1661.9,0,1.4638,0.0141,0.0102,0.1387,0.9175,313.611,314.649,2.8618,828.355,110.35,209.634,0.07959,0.5005,56.597,0.4174,45.6918,0.9868,-1.3885,-6.2149,767.3066,41.6662,0.20714,6,4,1,3,2,0,0,,0.9301771374351407,0,0,1,0,C
O001_W0116,1,LOT_01_03,6,P_B,R_BASE,ETCH,ETCH_02,CH_B,2003.4,0,1.2068,0.0119,0.0579,0.0299,0.9387,317.392,320.085,2.8952,884.775,127.351,210.021,0.0898,0.3546,67.225,0.093,40.8869,1.7741,4.1276,-4.6073,781.9454,38.3803,0.12087,3,0,0,2,1,0,0,,1.0315417839743257,0,0,0,0,GOOD
O001_W0117,1,LOT_01_02,8,P_B,R_REWORK,PHOTO,ETCH_02,CH_D,1776.7,0,1.6402,0.0715,0.137,0.0214,0.9167,319.072,316.984,2.8754,833.846,102.79,210.308,0.09688,0.4269,63.914,1.0778,41.8077,1.1625,6.9485,-15.6875,768.925,38.0121,0.15649,5,0,4,5,1,3,1,,1.0665741357711083,0,1,0,0,B
O001_W0118,1,LOT_01_08,15,P_B,R_BASE,ETCH,CVD_01,CH_C,2047.8,1,1.2777,0.1584,0.0187,0.0084,0.9153,318.253,324.507,3.6772,995.131,125.942,211.219,0.09084,0.506,68.746,2.2805,43.6295,1.6802,4.9302,-5.1214,753.6673,38.939,0.21496,2,2,2,8,0,0,5,12.380212508555292,,1,0,0,0,A
O001_W0119,1,LOT_01_07,5,P_B,R_FAST,CMP,ETCH_01,CH_B,1655.3,0,1.153,0.0153,0.0305,0.0204,0.96,315.737,315.868,2.9019,815.82,123.6,204.216,0.08349,0.4034,56.512,-0.9516,42.7862,1.5892,0.167,-2.8548,770.8858,39.7471,0.16912,4,1,2,0,0,1,0,,0.9874499100448901,0,0,0,0,GOOD
O001_W0120,1,LOT_01_06,15,P_A,R_BASE,ETCH,ETCH_03,CH_A,1969.1,0,1.0581,0.0,0.0101,0.0264,0.9503,319.0,322.103,3.7193,841.492,124.959,198.115,0.05097,0.3572,65.777,-0.1361,43.7457,1.2778,6.0158,-12.1347,794.7989,36.8124,0.18745,2,0,1,2,0,0,0,,1.1048145015332158,0,0,0,0,GOOD
O001_W0121,1,LOT_01_08,1,P_A,R_BASE,ETCH,ETCH_01,CH_C,1984.0,1,1.6258,0.182,0.029,0.0167,0.9044,323.064,310.271,3.3967,898.597,138.732,193.146,0.13563,0.6829,70.669,2.5837,45.2126,1.6175,-5.6092,-2.8189,720.6025,36.0909,0.18714,3,2,0,5,1,0,4,10.330352407574159,,1,0,0,0,A
O001_W0122,1,LOT_01_07,11,P_B,R_FAST,CMP,CVD_01,CH_B,1721.4,0,1.4173,0.0088,0.1367,0.0137,0.9474,321.047,316.2,2.798,875.985,119.126,230.807,0.06784,0.3059,53.847,1.7109,41.5365,1.2345,11.7697,-5.2723,772.8227,39.7542,0.20691,4,0,8,3,1,0,1,,0.9242448781205896,0,1,0,0,B
O001_W0123,1,LOT_01_07,24,P_A,R_FAST,CVD,CVD_01,CH_A,1716.7,0,1.3366,0.0656,0.0102,0.0616,0.9447,315.48,312.467,3.1433,854.402,129.255,219.199,0.05186,0.574,58.714,0.8647,42.329,1.3237,0.6582,-3.1098,790.7748,37.5615,0.16793,2,1,0,4,1,1,1,,0.8822116546695419,0,0,0,0,GOOD
O001_W0124,1,LOT_01_03,12,P_A,R_FAST,CVD,ETCH_01,CH_C,1771.1,0,1.0666,0.0,0.0388,0.011,0.9528,321.56,316.137,2.8435,849.971,123.853,207.047,0.12646,0.3725,57.064,-0.1487,37.1758,1.0661,-0.8581,3.6249,799.164,38.7515,0.16329,1,0,3,3,1,1,1,,0.8615921519504672,0,0,0,0,GOOD
O001_W0125,1,LOT_01_03,21,P_A,R_BASE,ETCH,PHOTO_01,CH_A,1862.5,0,1.1819,0.0241,0.032,0.0199,0.9476,323.237,321.957,2.8261,858.185,125.971,207.85,0.08859,0.4977,58.491,-0.9056,44.6275,1.1508,-5.4119,-0.6791,768.6121,38.4124,0.13533,4,0,1,4,1,1,0,,1.122102089468342,0,0,0,0,GOOD
O001_W0126,1,LOT_01_03,15,P_B,R_BASE,ETCH,CVD_01,CH_D,1941.1,0,1.147,0.0041,0.0367,0.0188,0.9793,318.569,312.554,2.7978,911.006,137.537,219.106,0.12262,0.4015,66.66,-0.5144,41.7711,1.5308,-3.2264,-0.6274,741.4465,36.6717,0.12108,3,1,0,2,0,0,0,,0.9621337171931269,0,0,0,0,GOOD
O001_W0127,1,LOT_01_07,20,P_A,R_BASE,PHOTO,CVD_01,CH_A,1878.0,0,1.553,0.0255,0.0222,0.011,0.8889,319.547,322.308,3.4235,807.761,135.968,207.495,0.10787,0.5185,62.669,-0.5713,40.7576,0.8195,6.446,6.9658,788.3376,44.1222,0.17408,6,3,0,0,0,0,0,,1.1267730308945676,0,0,0,1,D
O001_W0128,1,LOT_01_04,22,P_B,R_BASE,ETCH,ETCH_02,CH_A,1983.8,1,1.7098,0.1868,0.0387,0.0479,0.8911,328.719,321.843,3.0367,915.223,137.572,200.167,0.08702,0.5222,63.543,1.4824,46.2223,2.0016,4.0772,-12.4425,785.5751,41.4424,0.05799,4,1,4,8,1,0,2,10.692429003560452,,1,0,0,0,A
O001_W0129,1,LOT_01_08,20,P_A,R_BASE,ETCH,PHOTO_01,CH_C,1991.0,1,1.6739,0.1765,0.0361,0.0353,0.8913,321.643,320.572,3.3447,848.578,122.367,206.352,0.11386,0.739,66.086,3.2506,45.3693,1.4128,-7.5799,4.6124,815.8565,34.3958,0.22112,3,1,1,7,2,0,3,10.777574263457536,,1,0,0,0,A
O001_W0130,1,LOT_01_01,17,P_A,R_FAST,ETCH,ETCH_03,CH_A,2054.4,1,1.505,0.1664,0.0214,0.0002,0.9034,322.406,314.237,3.8437,858.604,133.386,211.549,0.10518,0.4331,61.249,2.1287,45.8275,1.6448,-12.7043,-6.5575,804.8246,39.9779,0.12184,1,3,1,6,0,1,5,9.996289467770357,,1,0,0,0,A
O001_W0131,1,LOT_01_01,10,P_C,R_BASE,PHOTO,ETCH_02,CH_A,1735.4,0,1.2192,0.0449,0.0118,0.0279,0.9449,316.425,322.317,3.178,865.364,130.196,213.029,0.09784,0.4864,69.15,1.4791,41.4334,1.1684,-5.8046,2.1384,796.5459,39.9528,0.2204,7,0,1,2,0,0,1,,0.9391948189732631,0,0,0,0,GOOD
O001_W0132,1,LOT_01_05,11,P_B,R_BASE,CVD,ETCH_02,CH_B,1754.6,0,1.3327,0.0262,0.0189,0.0,0.9471,319.501,324.61,3.1894,855.518,132.936,198.368,0.06342,0.3634,67.731,0.0644,39.482,1.2237,3.2105,4.7217,775.7901,40.8013,0.15228,4,3,1,1,0,0,2,,1.0431737645013057,0,0,0,0,GOOD
O001_W0133,1,LOT_01_05,6,P_B,R_BASE,CMP,ETCH_01,CH_B,1785.2,0,1.2859,0.0618,0.009,0.0215,0.9354,323.513,317.556,2.8222,886.989,118.953,203.485,0.03315,0.2505,63.628,1.4293,43.4947,1.3774,-1.8098,-0.845,741.3057,35.4039,0.1513,9,0,2,0,5,0,1,,0.8685776491759328,0,0,0,0,GOOD
O001_W0134,1,LOT_01_03,7,P_A,R_BASE,CVD,CVD_01,CH_A,1922.7,0,1.2097,0.048,0.0107,0.0349,0.9425,318.644,314.245,2.6646,862.94,145.854,215.902,0.09897,0.3581,60.327,0.4441,40.4406,1.4739,7.5074,-1.8164,792.3665,38.4373,0.20897,5,1,0,1,0,1,1,,1.0831501220326267,0,0,0,0,GOOD
O001_W0135,1,LOT_01_06,24,P_C,R_BASE,ETCH,PHOTO_01,CH_D,1925.4,0,1.4335,0.0136,0.1504,0.0333,0.8966,322.649,317.968,3.1793,867.985,125.918,193.997,0.09217,0.248,56.319,-0.4457,39.9638,1.5834,10.535,-1.9823,762.8455,44.0899,0.14782,3,0,6,0,3,2,2,,0.9465446031282365,0,1,0,0,B
O001_W0136,1,LOT_01_01,22,P_A,R_BASE,ETCH,CVD_01,CH_A,2104.6,0,1.1494,0.0,0.0153,0.1263,0.9278,330.607,314.732,3.021,841.574,122.22,200.377,0.07176,0.6467,62.444,0.505,40.6421,1.3872,6.6938,2.1698,769.8142,35.1489,0.2246,11,0,2,1,1,0,0,,1.0195219064381436,0,0,1,0,C
O001_W0137,1,LOT_01_03,22,P_C,R_BASE,PHOTO,ETCH_01,CH_B,1760.3,0,1.2486,0.0317,0.0475,0.0321,0.9469,326.108,318.261,2.8003,865.339,119.265,201.69,0.09879,0.412,55.611,0.5086,43.2748,1.326,-5.0807,6.1331,733.5844,39.0724,0.20473,5,0,0,2,1,2,1,,1.0150971903861092,0,0,0,0,GOOD
O001_W0138,1,LOT_01_04,23,P_B,R_BASE,CVD,ETCH_03,CH_A,1871.5,0,1.3044,0.0258,0.0481,0.0101,0.9452,328.612,320.929,3.4506,801.919,112.047,215.119,0.06692,0.1769,56.108,-0.6216,39.4362,1.3192,11.6269,5.2638,793.5093,37.9141,0.15792,3,1,1,1,0,0,0,,1.087668292913396,0,0,0,0,GOOD
O001_W0139,1,LOT_01_08,17,P_B,R_BASE,CVD,ETCH_02,CH_A,1746.8,0,1.5839,0.0308,0.0229,0.0287,0.8996,326.939,318.069,3.2663,854.72,120.844,193.729,0.05522,0.4336,58.966,-0.1216,41.5906,1.7833,-10.1185,-13.521,811.6982,44.3578,0.11127,3,2,0,2,2,1,0,,0.9413520003441866,0,0,0,1,D
O001_W0140,1,LOT_01_06,14,P_C,R_FAST,PHOTO,PHOTO_01,CH_B,1762.3,0,1.1605,0.0083,0.041,0.0294,0.9316,320.792,316.829,3.2726,875.089,123.224,210.223,0.07788,0.3498,63.598,-1.233,41.0037,1.1267,-0.5853,8.2796,816.6987,40.1388,0.16435,6,1,4,0,2,1,1,,1.130384089571031,0,0,0,0,GOOD
O001_W0141,1,LOT_01_06,17,P_B,R_BASE,PHOTO,ETCH_03,CH_B,1854.2,0,1.0074,0.007,0.0336,0.0025,0.9675,321.187,313.565,3.4187,866.759,132.271,216.678,0.08799,0.5069,60.113,-0.4008,44.3127,1.4686,7.4224,3.9367,796.2346,39.9356,0.25626,5,1,1,2,0,0,0,,1.3240140893097676,0,0,0,0,GOOD
O001_W0142,1,LOT_01_01,18,P_B,R_FAST,ETCH,CVD_01,CH_C,2002.8,1,1.4998,0.1635,0.0,0.0083,0.9182,334.254,322.015,3.6362,891.256,120.83,214.666,0.09156,0.659,63.666,1.7925,46.0954,1.5559,-2.4717,0.4611,787.8884,41.8023,0.22181,0,1,0,4,0,0,8,8.585491890093035,,1,0,0,0,A
O001_W0143,1,LOT_01_07,19,P_B,R_FAST,ETCH,CVD_01,CH_D,1999.1,0,1.3062,0.0497,0.0168,0.0263,0.9333,320.306,311.527,2.9466,898.993,134.322,208.051,0.09513,0.4393,70.873,1.5699,45.3147,1.4656,2.6213,-5.6809,788.8123,37.612,0.23685,4,0,0,1,2,0,0,,1.0644926044390424,0,0,0,0,GOOD
O001_W0144,1,LOT_01_07,4,P_A,R_BASE,CMP,ETCH_01,CH_B,1869.4,0,1.1192,0.0284,0.0238,0.0144,0.9474,319.362,315.823,2.8843,851.752,129.057,217.352,0.03093,0.3624,53.752,-1.7421,38.9583,1.6124,-0.9228,7.606,773.3233,35.3314,0.16615,6,2,4,4,2,0,0,,0.890046063424475,0,0,0,0,GOOD
O001_W0145,1,LOT_01_03,4,P_B,R_FAST,CVD,ETCH_02,CH_C,1749.3,1,1.6061,0.1963,0.0033,0.0413,0.9061,322.686,321.332,3.4003,857.52,122.368,192.6,0.05489,0.4123,63.893,1.0781,44.3098,2.2633,-8.292,-0.8054,766.7976,35.6654,0.17919,9,0,1,8,0,0,3,9.516401323743825,,1,0,0,0,A
O001_W0146,1,LOT_01_05,16,P_B,R_BASE,ETCH,ETCH_02,CH_A,1863.9,0,1.0392,0.0071,0.0192,0.0,0.9549,328.024,323.54,2.6629,897.509,124.177,227.148,0.09976,0.4847,61.001,1.0353,41.2988,1.2089,1.4913,-7.6364,769.1112,35.6565,0.19786,3,0,1,3,3,0,1,,0.9924112149643902,0,0,0,0,GOOD
O001_W0147,1,LOT_01_08,15,P_C,R_FAST,CVD,CMP_01,CH_A,1809.3,0,1.123,0.0514,0.0397,0.0237,0.9219,316.119,324.77,2.7178,832.084,114.635,214.81,0.09495,0.5509,71.576,-0.1928,40.7026,1.6418,-7.6975,-2.8687,737.3464,35.098,0.18763,2,0,1,1,1,0,0,,0.857823936386788,0,0,0,0,GOOD
O001_W0148,1,LOT_01_01,9,P_A,R_BASE,CMP,CMP_01,CH_A,1606.3,0,1.065,0.0,0.0284,0.0309,0.9474,324.749,319.308,2.9857,853.346,131.034,210.547,0.07304,0.4898,47.113,-0.7082,41.7229,0.8661,-4.0112,-4.2469,773.5602,34.7518,0.15561,7,1,2,1,0,1,1,,1.0837954037501505,0,0,0,0,GOOD
O001_W0149,1,LOT_01_05,9,P_A,R_BASE,CMP,PHOTO_01,CH_B,1903.8,0,1.0651,0.0,0.0398,0.0173,0.9792,327.48,315.233,2.3871,841.121,136.963,200.542,0.08042,0.3515,63.81,-0.9061,40.1997,1.3078,0.9878,-1.713,783.7819,37.4516,0.2241,4,1,1,2,0,0,0,,1.1120315004646466,0,0,0,0,GOOD
O001_W0150,1,LOT_01_07,21,P_A,R_BASE,ETCH,CVD_01,CH_D,2042.4,0,1.171,0.0162,0.0154,0.0263,0.9704,313.29,318.467,2.8981,896.752,119.206,207.751,0.0632,0.3483,60.828,1.776,39.6042,0.8809,-0.6459,-7.7684,762.8075,35.1961,0.17615,2,1,0,1,1,0,1,,1.0846636860555052,0,0,0,0,GOOD
O001_W0151,1,LOT_01_06,7,P_C,R_BASE,ETCH,PHOTO_01,CH_D,2057.7,0,1.4316,0.0285,0.037,0.0205,0.8989,316.351,317.0,2.9585,905.084,121.323,213.258,0.08447,0.3513,57.44,0.9968,42.0748,1.1221,-0.859,7.1031,806.3657,41.8569,0.15968,6,1,1,1,4,0,0,,1.2038180281410056,0,0,0,1,D
O001_W0152,1,LOT_01_08,25,P_C,R_BASE,CVD,ETCH_03,CH_D,2011.1,1,1.5883,0.133,0.0564,0.1282,0.8942,317.389,316.463,3.46,891.24,137.534,205.687,0.11685,0.5542,71.133,0.3559,41.5991,1.8496,-0.2424,-3.0051,751.8717,42.0537,0.20967,10,5,0,8,3,0,5,10.964658671439054,,1,0,1,0,A
O001_W0153,1,LOT_01_06,14,P_C,R_BASE,CMP,ETCH_03,CH_B,1834.7,0,1.1985,0.0184,0.0513,0.1097,0.9386,328.029,315.036,3.866,854.7,125.807,196.748,0.06655,0.4931,58.03,-0.1113,44.2934,1.0009,0.505,9.2106,798.9577,40.3167,0.18591,3,7,1,2,2,1,1,,1.120276441143548,0,0,1,0,C
O001_W0154,1,LOT_01_08,17,P_A,R_BASE,CVD,CMP_01,CH_A,1776.5,0,1.281,0.0366,0.0337,0.0849,0.9282,314.107,312.07,3.2234,889.799,116.708,209.238,0.05296,0.3698,59.413,1.7244,41.6867,0.7417,-3.7416,-5.4817,813.1549,37.021,0.21645,9,5,0,3,0,0,0,,0.8630875378491206,0,0,1,0,C
O001_W0155,1,LOT_01_07,22,P_B,R_FAST,ETCH,CMP_01,CH_C,1937.1,0,1.1811,0.0199,0.0045,0.0392,0.9636,316.135,320.017,3.1119,922.766,136.025,198.709,0.03704,0.375,56.932,-0.0144,42.6559,1.2994,-2.1413,5.8272,783.0465,37.8242,0.14376,4,0,2,3,0,0,0,,1.017380683394749,0,0,0,0,GOOD
O001_W0156,1,LOT_01_02,15,P_C,R_BASE,CMP,ETCH_02,CH_A,1675.6,1,1.2775,0.0212,0.0382,0.1093,0.8944,323.022,319.46,3.1241,795.01,125.174,205.844,0.07732,0.1985,57.641,0.4898,37.9219,0.8294,5.0074,0.0802,830.5344,39.669,0.16039,6,5,0,6,1,1,1,11.620760577322514,,0,0,1,0,C
O001_W0157,1,LOT_01_03,15,P_A,R_REWORK,ETCH,CVD_01,CH_A,2294.4,0,1.9971,0.0655,0.0409,0.1054,0.8762,335.64,314.678,3.0438,880.923,131.234,210.978,0.09606,0.4132,70.586,-0.824,43.5044,1.4444,1.3714,-7.5212,775.8904,39.6443,0.23979,8,4,2,3,2,0,0,,0.8214579027673834,0,0,1,1,C
O001_W0158,1,LOT_01_04,6,P_B,R_BASE,PHOTO,ETCH_01,CH_C,1849.0,1,1.8959,0.2053,0.0195,0.1433,0.8679,320.706,318.815,3.4978,854.917,125.564,198.611,0.08729,0.674,69.593,2.4152,43.7295,1.5237,-0.0942,-0.0632,735.657,34.7422,0.22984,4,3,1,3,2,1,4,8.304351770358892,,1,0,1,0,A
O001_W0159,1,LOT_01_04,21,P_B,R_FAST,ETCH,ETCH_02,CH_B,2049.4,0,1.2616,0.0,0.0,0.0394,0.9472,326.461,313.952,2.9998,907.689,136.796,228.283,0.08945,0.3387,72.979,-1.3832,41.1898,1.4287,-6.7239,-5.7453,769.4076,33.8881,0.14185,2,0,2,1,3,0,3,,1.1040309829000068,0,0,0,0,GOOD
O001_W0160,1,LOT_01_06,11,P_C,R_BASE,CMP,PHOTO_01,CH_C,1689.8,0,1.1852,0.0186,0.0375,0.0135,0.9621,312.083,307.833,2.9305,885.638,124.774,199.653,0.04779,0.1777,63.197,1.5283,42.0327,0.8938,-6.9123,-0.5761,776.5326,39.2664,0.12264,8,0,0,3,0,2,0,,1.027209518415281,0,0,0,0,GOOD
O001_W0161,1,LOT_01_05,18,P_B,R_REWORK,ETCH,CMP_01,CH_B,2188.8,0,1.2036,0.0404,0.0232,0.0025,0.9413,323.625,316.728,3.1383,822.873,121.893,221.661,0.03916,0.2492,49.459,-1.3206,42.5382,1.0814,-2.2396,5.4664,793.4505,32.817,0.12327,5,2,1,2,2,0,0,,0.8867192463385066,0,0,0,0,GOOD
O001_W0162,1,LOT_01_05,23,P_B,R_BASE,PHOTO,CMP_01,CH_D,1727.2,0,1.3233,0.0502,0.0472,0.0363,0.9419,316.402,319.454,2.9674,882.841,139.68,204.393,0.0693,0.4565,65.568,1.9178,42.792,1.0256,-3.9673,-2.5925,776.0319,34.3432,0.25933,5,0,1,1,1,1,0,,1.0927461929736337,0,0,0,0,GOOD
O001_W0163,1,LOT_01_01,16,P_B,R_BASE,ETCH,ETCH_03,CH_A,2038.5,1,1.9184,0.199,0.0392,0.0279,0.8469,323.396,321.341,3.5453,900.963,121.947,208.588,0.10393,0.6021,69.953,1.4805,43.0663,2.1482,-4.2913,-9.6197,796.0188,43.2516,0.13995,4,0,2,9,2,0,9,9.43006022058019,,1,0,0,1,A
O001_W0164,1,LOT_01_05,21,P_B,R_BASE,ETCH,CMP_01,CH_A,2095.5,1,1.5097,0.2068,0.0171,0.0279,0.8792,325.236,314.348,3.0851,945.268,121.341,219.857,0.09912,0.6515,67.988,3.2717,43.1885,1.5195,4.6179,-6.7034,765.8122,36.7806,0.18896,1,0,3,7,2,0,4,13.768602972646175,,1,0,0,0,A
O001_W0165,1,LOT_01_05,12,P_C,R_FAST,CVD,ETCH_03,CH_A,1888.2,1,1.4913,0.1845,0.0334,0.0,0.8791,325.511,315.558,3.6757,871.94,131.6,193.032,0.1444,0.6232,59.896,0.4378,44.8615,1.3535,1.8283,8.0193,762.7265,34.5406,0.26075,5,0,2,10,2,2,3,12.526818800851258,,1,0,0,0,A
O001_W0166,1,LOT_01_07,19,P_A,R_BASE,CVD,PHOTO_01,CH_C,1872.1,0,1.386,0.0701,0.0357,0.0064,0.9316,318.058,314.589,2.8418,882.438,116.883,213.58,0.08187,0.3755,54.859,-0.5603,43.2646,1.5529,1.3137,1.2078,777.2508,36.1348,0.26419,5,0,1,2,4,0,1,,0.7889190023969297,0,0,0,0,GOOD
O001_W0167,1,LOT_01_03,2,P_B,R_BASE,CMP,CVD_01,CH_B,1895.9,0,1.3381,0.0591,0.022,0.1212,0.9126,327.971,315.978,2.7789,877.133,131.763,203.339,0.11868,0.5164,63.294,-0.6919,41.6539,0.9938,1.9392,1.7316,754.4315,34.7845,0.15345,6,2,1,0,3,0,0,,0.9072394752954882,0,0,1,0,C
O001_W0168,1,LOT_01_01,23,P_A,R_REWORK,ETCH,ETCH_01,CH_B,2063.2,0,1.7922,0.0237,0.0546,0.1243,0.8792,320.106,311.509,2.6055,828.181,114.647,204.76,0.05604,0.2475,61.867,0.5856,44.273,1.3804,-3.8573,2.0069,771.8917,39.6479,0.28359,7,5,2,1,3,0,0,,1.0746552964763967,0,0,1,1,C
O001_W0169,1,LOT_01_03,15,P_C,R_REWORK,CMP,CMP_01,CH_B,1806.1,0,1.1514,0.0234,0.0178,0.0202,0.9594,324.273,317.17,3.1129,823.913,122.657,204.207,0.11345,0.3512,60.051,-0.9937,43.7708,0.823,1.7786,10.6248,744.0516,39.0776,0.09648,4,0,0,7,1,0,0,,1.0065492087801993,0,0,0,0,GOOD
O001_W0170,1,LOT_01_01,11,P_A,R_REWORK,ETCH,CVD_01,CH_B,2111.7,0,1.1399,0.0413,0.019,0.0207,0.9329,323.08,308.897,3.1474,853.862,131.834,211.065,0.07634,0.346,66.709,0.4407,42.8187,1.2069,-7.1587,4.607,792.1358,39.4527,0.3023,3,0,1,3,0,1,1,,0.9012811943189422,0,0,0,0,GOOD
O001_W0171,1,LOT_01_05,14,P_C,R_REWORK,CVD,ETCH_01,CH_B,1988.6,0,1.193,0.0523,0.0,0.0135,0.9467,327.627,314.082,3.1297,899.012,128.293,221.727,0.07475,0.473,68.535,-0.036,43.8442,1.5771,-1.1101,-1.0888,745.9678,35.7819,0.1412,5,1,1,3,0,1,1,,0.7825297957936652,0,0,0,0,GOOD
O001_W0172,1,LOT_01_07,19,P_B,R_BASE,ETCH,ETCH_01,CH_A,2023.6,1,1.5208,0.1838,0.0268,0.0251,0.8966,311.5,317.165,3.4196,896.489,135.791,217.406,0.10684,0.7631,63.278,1.3061,48.2486,1.8523,-3.1325,4.05,772.2268,41.5114,0.09052,7,0,4,10,2,1,2,10.041087691743213,,1,0,0,0,A
O001_W0173,1,LOT_01_02,18,P_B,R_FAST,PHOTO,ETCH_02,CH_A,1793.6,0,1.5014,0.0158,0.0194,0.0045,0.8945,314.56,313.138,3.0764,841.061,128.184,185.538,0.1035,0.5666,61.613,-0.5388,42.6803,1.2407,1.088,-2.8376,788.6997,41.6151,0.18713,7,1,3,0,3,2,1,,1.207190040126201,0,0,0,1,D
O001_W0174,1,LOT_01_02,5,P_A,R_FAST,CMP,ETCH_01,CH_C,1793.7,0,1.298,0.0261,0.0372,0.0946,0.9235,320.589,324.692,2.7697,892.956,103.369,213.884,0.09253,0.4988,53.052,0.7066,39.9811,1.4436,-0.3503,6.3202,815.1209,33.0176,0.31216,9,3,1,3,1,1,1,,0.9941081646067739,0,0,1,0,C
O001_W0175,1,LOT_01_01,11,P_A,R_BASE,ETCH,ETCH_02,CH_A,1948.1,1,1.7985,0.1329,0.0292,0.0277,0.8654,328.878,323.641,3.2755,882.166,110.42,202.392,0.10503,0.5811,71.055,1.0527,40.4113,1.4675,1.1512,-0.8157,808.978,44.0345,0.17472,7,0,0,6,3,0,2,8.729711170853122,,1,0,0,1,A
O001_W0176,1,LOT_01_05,14,P_B,R_BASE,PHOTO,ETCH_03,CH_A,1877.9,0,1.3873,0.0302,0.1529,0.0337,0.929,325.784,316.241,3.0134,849.363,129.361,206.901,0.09938,0.2923,62.616,0.1533,41.7511,0.9084,14.0956,-7.4664,766.8483,34.1068,0.22055,6,0,5,2,1,2,0,,0.8750271065535791,0,1,0,0,B
O001_W0177,1,LOT_01_01,17,P_B,R_FAST,PHOTO,PHOTO_01,CH_D,1704.1,1,1.9385,0.1818,0.022,0.0244,0.8334,323.741,319.915,3.1054,858.238,117.934,206.869,0.1378,0.7379,55.987,0.9632,43.7237,1.8552,-5.9488,-5.5211,786.2865,48.0629,0.22331,3,0,0,4,2,1,1,8.196486173163937,,1,0,0,1,A
O001_W0178,1,LOT_01_07,17,P_B,R_FAST,CMP,ETCH_01,CH_D,1784.4,0,1.2031,0.0182,0.045,0.034,0.9439,335.248,325.283,3.1178,874.098,127.095,200.541,0.05685,0.2095,68.908,-0.0287,43.9991,1.1117,3.143,2.403,762.722,37.8919,0.14203,10,0,1,1,1,0,0,,1.0086970648540492,0,0,0,0,GOOD
O001_W0179,1,LOT_01_02,9,P_A,R_BASE,ETCH,ETCH_01,CH_B,1921.1,0,1.209,0.0109,0.0498,0.0447,0.9524,319.058,320.904,3.2456,871.261,124.99,215.228,0.05019,0.443,57.833,-1.4265,38.7829,0.949,4.8363,1.7392,760.2928,41.2499,0.16435,6,0,1,1,3,1,0,,0.8971800020445642,0,0,0,0,GOOD
O001_W0180,1,LOT_01_02,14,P_A,R_BASE,ETCH,ETCH_03,CH_A,2047.2,1,1.6202,0.1658,0.0267,0.0206,0.9188,318.84,324.347,3.3785,901.195,139.374,214.675,0.05729,0.5114,71.813,0.1203,42.3866,2.0585,4.7172,-4.8032,818.6859,38.7241,0.15571,9,1,1,7,4,0,4,10.83523067957068,,1,0,0,0,A
O001_W0181,1,LOT_01_02,3,P_A,R_BASE,ETCH,ETCH_01,CH_D,2055.1,0,1.104,0.0152,0.0052,0.0215,0.9619,318.099,306.187,2.6708,823.324,126.181,206.58,0.11862,0.3284,57.739,-0.3205,39.5891,1.6168,3.5131,-2.3853,788.9329,37.9628,0.19338,2,4,2,0,0,1,0,,1.3404688200084844,0,0,0,0,GOOD
O001_W0182,1,LOT_01_08,1,P_B,R_BASE,CVD,CVD_01,CH_D,1950.6,1,1.7652,0.1821,0.0439,0.0898,0.8831,310.451,320.664,3.6834,917.548,116.915,218.072,0.11941,0.771,65.691,1.9441,42.9723,1.6954,-0.1657,1.3279,778.0947,36.8298,0.16794,4,3,0,7,1,0,5,9.834419816956453,,1,0,1,0,A
O001_W0183,1,LOT_01_07,17,P_A,R_BASE,CMP,ETCH_03,CH_B,1991.5,0,1.195,0.0223,0.0217,0.047,0.9462,326.32,315.563,2.7382,820.875,126.166,193.014,0.07698,0.3803,63.815,0.4622,45.1631,1.2905,4.7571,3.5791,766.0493,37.3491,0.12269,5,1,0,1,1,2,1,,0.9254450064620031,0,0,0,0,GOOD
O001_W0184,1,LOT_01_07,25,P_C,R_BASE,PHOTO,ETCH_01,CH_C,1843.9,0,1.5674,0.072,0.1458,0.006,0.908,312.328,319.365,3.0757,835.693,122.748,226.239,0.04849,0.424,58.941,0.2345,40.9667,1.0484,-0.003,-4.9552,784.7551,30.8959,0.15809,3,0,4,2,1,1,0,,0.8782389863871416,0,1,0,0,B
O001_W0185,1,LOT_01_08,11,P_A,R_FAST,ETCH,ETCH_01,CH_C,2006.4,0,1.1617,0.0026,0.0255,0.0277,0.9653,321.255,319.783,3.2344,879.535,127.894,206.626,0.1041,0.4299,68.052,0.7988,45.8044,1.4328,2.2502,-0.3114,762.9578,39.6973,0.33476,6,1,2,1,1,0,2,,0.8129842669048686,0,0,0,0,GOOD
O001_W0186,1,LOT_01_06,9,P_B,R_BASE,CVD,ETCH_03,CH_A,1855.9,0,1.7739,0.0567,0.1392,0.0059,0.8714,312.443,315.798,3.3338,799.939,123.779,230.226,0.06024,0.4047,59.334,-0.5138,40.3259,1.2861,6.6215,-3.9025,794.1817,44.9319,0.20641,6,0,4,0,1,5,0,,1.2389375422138023,0,1,0,1,B
O001_W0187,1,LOT_01_05,17,P_A,R_BASE,ETCH,CMP_01,CH_C,1889.4,0,1.1835,0.0292,0.0372,0.0231,0.9558,326.32,317.552,3.1136,858.294,112.251,208.834,0.09131,0.2893,65.16,1.4097,40.5263,1.1781,-2.6309,5.3782,811.9425,37.7545,0.16202,5,0,0,3,0,0,2,,1.1711444327651626,0,0,0,0,GOOD
O001_W0188,1,LOT_01_03,22,P_C,R_BASE,CMP,ETCH_01,CH_C,1818.3,0,1.3241,0.0475,0.0186,0.0228,0.9273,339.507,323.909,2.9977,884.321,130.413,211.234,0.07657,0.2482,62.383,1.5217,40.3648,1.5534,10.0825,-14.8971,762.2711,41.5742,0.17609,3,0,1,2,0,1,1,,0.9741342269134206,0,0,0,0,GOOD
O001_W0189,1,LOT_01_04,18,P_C,R_REWORK,CVD,ETCH_03,CH_C,2060.9,0,1.2233,0.0587,0.0315,0.0212,0.9503,312.668,314.881,3.2932,905.493,118.381,215.841,0.09923,0.4489,65.513,1.3452,41.6213,1.1305,-7.7581,-0.8278,784.4761,36.124,0.29612,4,0,1,4,3,1,1,,1.0602050980415207,0,0,0,0,GOOD
O001_W0190,1,LOT_01_03,19,P_A,R_BASE,PHOTO,CMP_01,CH_D,1748.2,0,1.2516,0.0274,0.0246,0.0028,0.9609,313.48,321.473,2.9278,824.655,133.788,197.028,0.14864,0.3829,63.993,-0.0359,37.8867,1.0491,12.3485,-3.9571,795.404,38.6311,0.14913,3,1,1,3,1,0,1,,1.401999987089949,0,0,0,0,GOOD
O001_W0191,1,LOT_01_07,9,P_B,R_FAST,ETCH,CVD_01,CH_C,1987.3,0,1.0491,0.0329,0.0031,0.0309,0.9635,322.387,310.686,2.932,878.146,115.503,212.2,0.07902,0.5576,61.303,-0.6803,42.4487,1.2866,-2.5621,8.771,778.9879,39.5477,0.23129,3,1,0,1,1,0,0,,0.8337970687775852,0,0,0,0,GOOD
O001_W0192,1,LOT_01_07,23,P_A,R_BASE,CVD,CVD_01,CH_D,1762.9,0,1.441,0.0363,0.1325,0.0174,0.9271,322.982,317.904,2.7289,857.224,132.582,208.707,0.08651,0.1768,58.6,1.4135,46.1366,1.3523,-0.362,-0.8149,749.5225,35.5239,0.09877,7,0,7,2,2,5,0,,1.142548253921031,0,1,0,0,B
O001_W0193,1,LOT_01_08,4,P_A,R_REWORK,ETCH,ETCH_03,CH_B,2391.6,1,1.6333,0.1876,0.0328,0.0444,0.8887,322.878,319.137,3.4794,887.001,135.389,210.383,0.1274,0.4867,62.044,1.7265,40.4359,1.5575,5.1287,-0.3623,776.8849,38.0679,0.12366,6,1,3,4,0,1,3,11.036396817382482,,1,0,0,0,A
O001_W0194,1,LOT_01_03,16,P_B,R_BASE,ETCH,ETCH_02,CH_D,2125.2,0,0.9924,0.0325,0.0337,0.0094,0.9812,319.518,314.501,3.1065,893.912,129.286,223.958,0.08245,0.4947,60.808,-0.3501,40.48,0.8005,-3.0046,5.6365,778.8542,38.5618,0.28457,3,0,1,2,1,1,1,,1.074664507385687,0,0,0,0,GOOD
O001_W0195,1,LOT_01_06,14,P_A,R_BASE,CVD,CMP_01,CH_C,1785.3,0,1.3307,0.0195,0.0538,0.0312,0.9381,315.092,324.243,3.0249,834.491,129.51,211.708,0.09295,0.298,62.608,0.0158,42.4971,0.6169,6.0961,-5.6661,791.661,40.6776,0.17234,2,2,2,3,1,0,0,,1.1238020252494219,0,0,0,0,GOOD
O001_W0196,1,LOT_01_07,3,P_A,R_BASE,PHOTO,CMP_01,CH_D,1733.5,0,1.3305,0.0604,0.1252,0.0048,0.913,328.684,326.734,3.0308,835.072,118.503,199.61,0.10342,0.3123,58.945,1.7757,38.8518,1.2104,0.7715,-6.1915,780.5838,34.6505,0.16835,2,2,2,2,2,3,1,,1.0424390668346573,0,1,0,0,B
O001_W0197,1,LOT_01_05,23,P_B,R_BASE,ETCH,CVD_01,CH_D,2075.8,0,1.0509,0.0359,0.0,0.0195,0.9532,310.007,318.844,2.9526,795.769,133.88,218.459,0.05252,0.6803,62.204,-0.4607,41.9696,1.54,4.0754,-2.1565,770.3523,31.8226,0.15615,5,0,0,2,0,1,1,,0.6599503446541602,0,0,0,0,GOOD
O001_W0198,1,LOT_01_06,19,P_B,R_REWORK,ETCH,ETCH_02,CH_C,2240.3,1,1.7842,0.2035,0.1555,0.0136,0.8548,322.967,329.759,3.4748,930.03,144.663,210.99,0.13166,0.6811,70.872,0.9614,44.3293,2.1384,11.6555,6.0975,771.8997,38.2418,0.15284,6,0,5,6,0,0,6,11.624499714110918,,1,1,0,0,A
O001_W0199,1,LOT_01_06,14,P_A,R_BASE,ETCH,ETCH_01,CH_C,2057.7,0,1.0782,0.0231,0.0076,0.0043,0.9522,326.09,320.999,2.5881,904.537,127.063,201.28,0.09312,0.2585,61.488,1.1919,43.2622,1.046,0.1351,4.2201,771.6799,41.6762,0.12831,5,1,2,1,1,1,0,,0.9369321050426858,0,0,0,0,GOOD
O001_W0200,1,LOT_01_07,7,P_B,R_REWORK,ETCH,PHOTO_01,CH_A,2017.5,1,1.4873,0.1483,0.0295,0.0191,0.9235,330.294,325.498,3.6671,921.881,122.093,216.484,0.14746,0.3549,65.416,0.9174,42.9094,1.7353,3.9082,0.9449,794.6716,40.817,0.11786,4,0,1,5,0,1,10,11.06133038444037,,1,0,0,0,A
O001_W0201,1,LOT_01_02,20,P_A,R_BASE,ETCH,CMP_01,CH_B,1871.8,0,1.3219,0.0574,0.0275,0.0091,0.9383,322.857,311.658,3.3149,867.189,130.347,209.153,0.05093,0.3878,64.262,-0.4216,43.1048,1.0266,7.2733,-4.566,775.5908,35.5844,0.21388,5,0,2,4,2,0,0,,1.1413427767216828,0,0,0,0,GOOD
O001_W0202,1,LOT_01_04,23,P_A,R_BASE,PHOTO,ETCH_01,CH_B,1882.5,0,1.2813,0.0415,0.0452,0.0256,0.9281,324.092,326.45,3.1719,872.924,126.634,211.408,0.10208,0.4738,70.758,-0.5851,42.5311,1.451,10.5404,1.585,795.5617,34.0116,0.21627,4,0,1,1,0,0,0,,0.9243912232975828,0,0,0,0,GOOD
O001_W0203,1,LOT_01_06,14,P_A,R_BASE,PHOTO,ETCH_01,CH_D,1759.4,0,1.6502,0.0239,0.0422,0.0252,0.8737,328.285,311.401,3.2491,851.678,132.18,206.558,0.05853,0.4394,64.97,0.6752,43.8836,1.0481,-11.0023,6.6809,853.7148,44.9263,0.26174,6,2,2,5,6,1,1,,0.8520159674969642,0,0,0,1,D
O001_W0204,1,LOT_01_04,2,P_B,R_BASE,ETCH,ETCH_02,CH_B,1891.5,0,1.2819,0.0505,0.0171,0.0403,0.9358,320.428,316.84,3.2963,831.326,117.018,220.074,0.09165,0.4645,58.986,-1.5806,42.1485,1.0675,-2.3326,1.0767,805.8508,33.6369,0.1528,3,1,0,2,0,1,2,,1.132739845181647,0,0,0,0,GOOD
O001_W0205,1,LOT_01_06,23,P_B,R_FAST,CMP,ETCH_01,CH_C,1798.9,0,1.2038,0.0197,0.0362,0.0157,0.9547,310.321,321.051,3.0348,853.064,132.761,216.592,0.09123,0.2747,65.122,1.65,43.8254,1.205,5.5846,1.4644,771.4007,36.0949,0.27081,2,1,0,3,1,0,0,,1.2590005505137407,0,0,0,0,GOOD
O001_W0206,1,LOT_01_05,24,P_A,R_BASE,CVD,CMP_01,CH_D,1777.6,0,1.2209,0.0473,0.0031,0.0259,0.9317,320.274,316.093,3.0523,863.353,135.028,207.716,0.03382,0.5234,67.712,-0.2983,41.8655,1.4594,5.8131,-2.8094,765.5374,35.2412,0.23616,6,1,2,2,2,0,0,,0.714652023343868,0,0,0,0,GOOD
O001_W0207,1,LOT_01_02,14,P_B,R_BASE,ETCH,ETCH_02,CH_D,2047.5,0,1.5772,0.0366,0.1392,0.0368,0.9094,321.831,322.354,3.335,886.75,120.134,215.559,0.08695,0.4601,64.603,-1.2042,43.0372,1.0375,15.1074,-2.1703,784.9292,42.8415,0.22517,1,0,5,1,0,3,1,,0.9576127748668118,0,1,0,0,B
O001_W0208,1,LOT_01_07,8,P_A,R_BASE,ETCH,CVD_01,CH_C,2003.3,0,1.2376,0.0297,0.0137,0.0533,0.9405,321.866,320.648,3.0371,875.543,118.338,230.777,0.11309,0.5067,62.045,0.1341,42.495,0.9272,6.6407,5.4405,790.1889,40.1528,0.20488,5,1,1,5,1,2,0,,0.9829867298258588,0,0,0,0,GOOD
O001_W0209,1,LOT_01_08,19,P_A,R_FAST,ETCH,ETCH_01,CH_D,1921.4,0,1.8344,0.0471,0.0532,0.0283,0.8965,317.151,322.836,2.9399,811.78,122.201,223.027,0.11852,0.5357,62.971,-0.5794,42.701,0.7112,0.7423,9.8673,769.6619,45.475,0.12558,3,0,3,3,6,0,1,,1.1841310617066263,0,0,0,1,D
O001_W0210,1,LOT_01_01,9,P_A,R_FAST,ETCH,CVD_01,CH_B,1869.3,0,1.0468,0.004,0.0315,0.0423,0.9582,316.689,316.623,2.9828,853.544,129.58,203.673,0.11955,0.0653,58.969,-1.0148,43.1004,1.3002,0.4212,2.4642,792.696,39.5264,0.20335,1,1,1,4,1,0,0,,0.9050354252293665,0,0,0,0,GOOD
O001_W0211,1,LOT_01_07,16,P_A,R_BASE,ETCH,CMP_01,CH_D,1990.0,1,1.7713,0.1801,0.1665,0.0132,0.8625,317.403,319.307,3.3748,899.582,117.476,188.272,0.07634,0.505,69.506,1.7894,43.6987,1.4286,7.384,-2.8499,771.9566,37.8917,0.23052,6,1,3,5,1,0,6,10.813599749553054,,1,1,0,0,A
O001_W0212,1,LOT_01_01,14,P_A,R_BASE,ETCH,ETCH_02,CH_B,2022.7,0,1.1978,0.0288,0.0207,0.0272,0.9239,322.129,321.948,3.4612,887.283,130.388,230.596,0.11416,0.4044,60.53,-0.2537,43.2709,1.2061,-0.8465,-3.5722,777.4664,41.515,0.24101,3,0,0,3,0,0,1,,1.1665048025112341,0,0,0,0,GOOD
O001_W0213,1,LOT_01_02,14,P_B,R_BASE,ETCH,PHOTO_01,CH_A,2034.1,0,1.1538,0.0314,0.0201,0.0086,0.9459,316.969,319.371,3.1892,893.198,128.719,185.842,0.09582,0.5187,62.986,-1.2602,42.0377,1.3313,1.8676,-9.738,758.9212,38.9802,0.12355,3,1,0,1,0,0,0,,1.0980845243154944,0,0,0,0,GOOD
O001_W0214,1,LOT_01_02,18,P_B,R_BASE,ETCH,CMP_01,CH_D,1920.5,0,1.3292,0.0518,0.0353,0.0117,0.9419,327.598,317.109,3.0543,837.361,117.439,216.828,0.11052,0.3337,57.217,0.2226,41.5361,1.7372,-5.3473,-8.11,782.8358,38.7201,0.15303,4,0,1,0,2,0,0,,0.8478296877488369,0,0,0,0,GOOD
O001_W0215,1,LOT_01_08,19,P_B,R_FAST,CVD,ETCH_02,CH_B,1661.0,0,1.3247,0.0363,0.0238,0.11,0.9243,329.121,314.068,2.736,823.287,130.777,212.568,0.06427,0.3513,55.777,0.353,42.901,1.1753,-2.3297,6.9685,770.1962,41.1534,0.28775,6,2,0,1,0,0,0,,0.844704768528286,0,0,1,0,C
O001_W0216,1,LOT_01_03,9,P_A,R_BASE,ETCH,CMP_01,CH_B,2014.2,1,1.6278,0.1638,0.0578,0.0375,0.8865,326.759,321.614,3.6239,910.193,130.71,213.866,0.09257,0.5925,69.845,1.3952,42.2809,2.2162,3.8527,1.1048,769.5099,35.9323,0.24371,4,1,0,7,1,0,6,10.130242031946437,,1,0,0,0,A
O001_W0217,1,LOT_01_06,4,P_B,R_BASE,ETCH,CMP_01,CH_D,1971.0,0,1.1874,0.0457,0.0141,0.0349,0.9258,320.993,316.571,3.0795,882.963,130.642,215.985,0.0714,0.4667,66.004,0.0631,40.5346,0.6534,-1.0201,-0.9852,777.1592,39.1077,0.23834,7,0,0,4,0,0,0,,1.4445239132054133,0,0,0,0,GOOD
O001_W0218,1,LOT_01_04,3,P_A,R_FAST,ETCH,ETCH_01,CH_A,1858.6,0,1.2729,0.0545,0.0254,0.0,0.9383,323.472,312.487,2.7245,878.059,110.416,218.085,0.09259,0.3833,68.319,0.393,42.034,1.0152,-2.8977,3.923,784.329,36.9872,0.19852,5,1,0,3,2,0,0,,0.8985563209407832,0,0,0,0,GOOD
O001_W0219,1,LOT_01_06,12,P_A,R_REWORK,PHOTO,CMP_01,CH_B,1953.8,0,1.5364,0.0511,0.0431,0.0269,0.8675,319.767,318.641,3.0532,895.167,123.685,206.735,0.0587,0.4418,69.2,-0.1314,41.1418,1.1065,2.5612,7.3165,814.6487,45.0225,0.19661,6,1,3,3,1,0,0,,1.006158752730111,0,0,0,1,D
O001_W0220,1,LOT_01_03,21,P_B,R_BASE,CVD,CVD_01,CH_B,1756.3,0,1.1594,0.0476,0.0203,0.0119,0.9436,310.751,312.194,2.9303,850.656,135.667,196.772,0.12015,0.2245,67.875,-1.143,39.6305,1.1117,9.4676,6.0529,751.5548,37.4047,0.22234,2,1,1,3,1,2,0,,1.1023340096960699,0,0,0,0,GOOD
O001_W0221,1,LOT_01_04,20,P_B,R_FAST,CVD,ETCH_03,CH_B,1919.8,1,1.5861,0.1922,0.017,0.0205,0.8982,322.062,318.131,3.3786,904.262,120.045,210.835,0.11446,0.5119,66.384,2.7534,40.652,2.0413,1.4301,2.4623,789.1201,35.3712,0.15512,3,2,0,8,0,3,3,8.43851836098286,,1,0,0,0,A
O001_W0222,1,LOT_01_02,18,P_A,R_FAST,ETCH,ETCH_02,CH_D,2108.3,0,1.1673,0.0269,0.0062,0.0312,0.9588,330.429,324.833,2.8576,893.713,135.361,211.503,0.08993,0.4273,59.072,-0.6176,43.6383,0.9377,6.0291,5.4142,802.3761,39.8534,0.27143,5,0,1,2,1,0,1,,0.9926814095242464,0,0,0,0,GOOD
O001_W0223,1,LOT_01_01,4,P_A,R_FAST,PHOTO,ETCH_02,CH_A,1681.1,0,1.2773,0.0149,0.1476,0.0285,0.9058,325.183,318.085,3.1625,841.948,115.921,195.346,0.07427,0.3374,66.367,-0.2561,44.6949,0.7675,7.7471,-2.3294,760.7112,33.9446,0.19812,3,1,5,2,1,2,1,,1.1910229079094425,0,1,0,0,B
O001_W0224,1,LOT_01_07,22,P_B,R_BASE,PHOTO,PHOTO_01,CH_A,1870.0,0,1.2033,0.0374,0.0395,0.0236,0.9666,317.202,311.47,2.7206,896.455,131.973,208.483,0.0916,0.2386,54.344,-0.3553,38.6468,1.172,-2.9316,0.6042,763.4956,36.0229,0.1128,7,1,2,1,0,0,1,,0.981774000261606,0,0,0,0,GOOD
O001_W0225,1,LOT_01_05,21,P_A,R_FAST,CVD,ETCH_01,CH_A,1755.6,0,1.0473,0.0261,0.0165,0.0283,0.9335,319.961,310.433,3.0819,863.307,127.506,190.015,0.12627,0.4733,63.835,1.7083,40.1138,1.1005,-2.7736,2.027,759.5215,38.8423,0.1476,2,1,2,5,1,0,0,,1.2107794354079655,0,0,0,0,GOOD
O001_W0226,1,LOT_01_05,6,P_B,R_BASE,PHOTO,ETCH_02,CH_A,1710.6,0,1.3498,0.03,0.1356,0.0222,0.9231,313.567,321.04,3.249,825.782,125.435,213.355,0.07064,0.4007,62.293,0.8214,44.5147,1.4028,6.729,-5.3266,787.614,41.6846,0.12373,3,0,7,3,0,2,0,,1.0657897841973654,0,1,0,0,B
O001_W0227,1,LOT_01_02,15,P_A,R_BASE,CMP,ETCH_01,CH_A,1862.9,1,1.8039,0.1772,0.0,0.1375,0.8654,325.91,316.047,3.5555,873.764,123.561,217.062,0.10185,0.6703,61.389,1.8729,43.6184,1.73,-9.2998,-6.2635,810.265,43.739,0.23597,6,5,1,7,1,1,2,10.495749533524371,,1,0,1,0,A
O001_W0228,1,LOT_01_07,7,P_A,R_BASE,ETCH,ETCH_03,CH_D,2043.7,0,1.2431,0.0592,0.0367,0.0268,0.9552,319.643,316.928,3.1586,869.528,136.312,206.386,0.13219,0.2648,56.32,1.2162,42.4846,1.0363,-3.0816,1.9014,764.9046,32.9777,0.10594,4,1,1,0,2,0,1,,0.7967920229475511,0,0,0,0,GOOD
O001_W0229,1,LOT_01_07,18,P_A,R_BASE,PHOTO,ETCH_01,CH_B,1883.9,0,1.2089,0.0265,0.0354,0.0445,0.9523,312.518,312.791,3.3968,836.591,123.297,227.673,0.02893,0.3975,67.726,-0.5055,44.3067,1.1729,-2.7456,-4.4898,757.9774,39.5087,0.23311,1,1,1,1,2,2,0,,0.7072613920421791,0,0,0,0,GOOD
O001_W0230,1,LOT_01_06,17,P_A,R_BASE,CVD,CVD_01,CH_D,1779.8,0,1.5936,0.046,0.0201,0.0398,0.8852,321.457,313.717,2.8845,852.871,134.235,210.75,0.05353,0.4532,60.473,0.5235,42.9068,1.3334,0.6775,2.1343,785.0125,43.1141,0.23145,2,0,0,3,3,1,4,,1.0240997571787824,0,0,0,1,D
O001_W0231,1,LOT_01_05,2,P_B,R_BASE,ETCH,ETCH_03,CH_B,2002.0,1,1.6759,0.1811,0.0397,0.0,0.904,320.239,317.193,3.5907,898.817,125.581,183.014,0.11326,0.5128,63.669,0.3256,42.8838,1.629,-1.1032,0.6015,747.9557,36.5028,0.21792,3,1,0,3,1,0,3,11.210568013027293,,1,0,0,0,A
O001_W0232,1,LOT_01_05,17,P_C,R_REWORK,ETCH,ETCH_03,CH_A,2134.7,0,1.6036,0.0,0.0318,0.1186,0.8713,333.905,315.222,2.8415,868.041,118.246,182.914,0.09126,0.4102,65.515,-1.1275,41.3167,1.2363,-3.7441,-6.8042,805.3383,42.1196,0.26881,7,5,0,4,3,1,1,,0.8414531006293893,0,0,1,1,C
O001_W0233,1,LOT_01_03,17,P_B,R_BASE,ETCH,ETCH_03,CH_B,2309.7,1,1.921,0.1913,0.0159,0.0309,0.8519,322.113,319.836,3.394,912.896,124.814,214.812,0.10807,0.7012,64.918,1.0298,44.6435,1.451,-1.0224,10.8314,796.3951,35.9749,0.23987,2,1,1,10,4,0,1,6.576869096868341,,1,0,0,1,A
O001_W0234,1,LOT_01_04,12,P_B,R_BASE,CMP,ETCH_01,CH_B,1792.8,1,1.9454,0.1798,0.1666,0.1149,0.8436,323.497,308.453,3.5089,898.992,129.6,201.054,0.11693,0.548,57.327,1.5557,43.0009,1.9361,-3.1456,-6.6801,754.9594,37.3397,0.24193,9,2,4,13,3,4,5,8.29013771568189,,1,1,1,0,A
O001_W0235,1,LOT_01_03,5,P_B,R_BASE,ETCH,CMP_01,CH_D,1954.8,0,1.2278,0.0382,0.0373,0.0,0.9425,322.759,323.738,3.3312,890.034,114.348,209.218,0.09285,0.3847,53.872,-0.7946,44.5019,1.2838,3.3495,3.1723,751.1754,41.4658,0.20411,2,2,0,0,1,0,2,,1.1318507206435522,0,0,0,0,GOOD
O001_W0236,1,LOT_01_08,3,P_B,R_FAST,ETCH,ETCH_01,CH_C,1998.1,1,1.5765,0.1508,0.033,0.0074,0.9129,314.408,312.248,3.8061,857.507,124.842,196.034,0.03416,0.5312,62.358,1.9919,44.9401,1.7223,-5.7478,4.8383,814.1679,34.2296,0.15566,6,2,0,4,2,0,10,10.147078777232093,,1,0,0,0,A
O001_W0237,1,LOT_01_02,15,P_A,R_BASE,PHOTO,ETCH_01,CH_D,1728.9,1,1.4763,0.1865,0.0293,0.0126,0.9008,318.15,321.059,3.5196,883.551,122.286,204.386,0.05891,0.5487,67.934,1.0316,41.5993,1.8083,1.5808,0.1063,778.2871,36.413,0.20317,6,2,0,7,1,0,3,10.03901522733653,,1,0,0,0,A
O001_W0238,1,LOT_01_06,4,P_A,R_BASE,CMP,CVD_01,CH_B,1800.2,0,1.2163,0.039,0.0363,0.0113,0.9493,320.7,320.045,3.229,866.262,122.2,214.913,0.06615,0.4061,61.472,-1.386,42.0769,1.1554,7.0601,2.119,799.5962,42.0617,0.20894,5,1,0,4,0,0,1,,1.2583673542485636,0,0,0,0,GOOD
O001_W0239,1,LOT_01_03,18,P_A,R_FAST,ETCH,CMP_01,CH_B,1935.2,0,1.5196,0.0308,0.0576,0.1077,0.9101,321.862,325.262,3.1396,841.775,116.474,211.029,0.03493,0.3762,59.845,-1.4363,43.2271,1.0808,-4.0289,4.7626,742.4414,38.0945,0.20056,6,3,1,5,1,0,1,,1.0253080388691647,0,0,1,0,C
O001_W0240,1,LOT_01_02,21,P_A,R_FAST,ETCH,CMP_01,CH_A,1962.0,0,1.6352,0.047,0.0499,0.0407,0.8925,317.432,314.03,2.9154,852.818,133.169,193.048,0.10729,0.4612,60.912,-0.9774,39.5121,1.3878,3.817,-1.7299,807.0672,39.5769,0.2291,4,0,0,2,4,1,1,,1.08170483087762,0,0,0,1,D
O001_W0241,1,LOT_01_01,7,P_A,R_BASE,ETCH,CVD_01,CH_C,2021.4,0,1.0604,0.0022,0.0153,0.0344,0.9594,321.991,320.604,3.0907,863.574,111.371,196.014,0.0763,0.5502,63.54,0.0601,40.8317,0.7578,-1.0551,0.8082,788.2972,35.829,0.17537,3,3,1,1,2,0,1,,1.16063627932198,0,0,0,0,GOOD
O001_W0242,1,LOT_01_05,2,P_A,R_REWORK,ETCH,CMP_01,CH_C,2044.1,1,2.0848,0.1711,0.0467,0.1294,0.8264,326.677,323.427,3.2436,916.981,137.463,201.899,0.0909,0.5022,63.583,0.5554,44.1846,1.6664,-3.0422,4.6372,785.2819,39.2622,0.25318,7,3,1,4,1,0,2,10.584317572874902,,1,0,1,1,A
O001_W0243,1,LOT_01_01,9,P_A,R_BASE,CMP,ETCH_03,CH_D,1943.8,0,1.2316,0.0309,0.0392,0.0273,0.9431,320.977,316.759,3.1848,876.333,128.026,214.534,0.06149,0.5721,66.42,-0.5509,41.1533,1.5291,-6.8184,-10.6034,760.1128,40.5759,0.17405,8,1,3,1,0,1,0,,1.0520243625668737,0,0,0,0,GOOD
O001_W0244,1,LOT_01_03,11,P_B,R_FAST,ETCH,ETCH_01,CH_B,2083.7,0,1.2639,0.0243,0.0455,0.0215,0.9478,322.439,312.787,2.7091,835.771,125.937,217.588,0.03958,0.5538,66.153,0.214,40.5381,1.6293,1.606,-0.836,787.0407,43.3511,0.23444,7,2,0,2,1,0,0,,0.8742032838021042,0,0,0,0,GOOD
O001_W0245,1,LOT_01_07,25,P_B,R_FAST,CMP,ETCH_03,CH_B,1973.4,0,1.1757,0.0439,0.0028,0.0443,0.9494,319.828,320.948,3.1361,836.35,130.144,235.184,0.10044,0.4293,65.618,0.7191,41.5485,0.9746,4.029,0.3998,768.6431,39.9704,0.21698,4,0,1,2,4,0,0,,1.0104531265408068,0,0,0,0,GOOD
O001_W0246,1,LOT_01_05,17,P_A,R_BASE,ETCH,CVD_01,CH_D,1955.2,0,1.1238,0.0464,0.033,0.0088,0.9452,329.535,321.201,3.1036,871.943,121.821,218.802,0.06237,0.4977,67.306,-0.2927,41.0615,1.3091,1.1456,9.3289,780.419,38.3394,0.18263,3,0,1,0,2,1,0,,0.8768896406656892,0,0,0,0,GOOD
O001_W0247,1,LOT_01_02,17,P_C,R_REWORK,PHOTO,CVD_01,CH_C,1856.0,0,1.2966,0.0648,0.0162,0.0302,0.9181,321.532,317.746,2.5297,841.508,129.816,200.291,0.06188,0.4662,58.19,0.7632,41.7976,1.1802,-2.3993,3.1249,777.1823,40.9765,0.19003,6,4,2,2,3,0,0,,0.9763673217677922,0,0,0,0,GOOD
O001_W0248,1,LOT_01_06,2,P_B,R_BASE,CVD,CVD_01,CH_B,1943.3,0,1.0373,0.012,0.0178,0.0065,0.9542,324.206,310.153,3.1943,864.113,131.338,218.124,0.10001,0.4827,58.488,0.2538,40.5536,1.0064,6.5846,-2.2428,787.3503,34.4365,0.21762,8,1,0,5,0,0,1,,0.94597575479171,0,0,0,0,GOOD
O001_W0249,1,LOT_01_03,19,P_C,R_BASE,CMP,ETCH_02,CH_B,1879.8,0,1.2591,0.0145,0.0435,0.0429,0.9236,319.687,325.131,2.6832,863.641,132.062,204.86,0.10125,0.2716,66.053,0.4953,41.8436,1.227,1.5664,-9.5163,816.7203,36.2482,0.18951,6,2,1,1,2,1,0,,0.9976586773929583,0,0,0,0,GOOD
O001_W0250,1,LOT_01_03,10,P_A,R_FAST,CVD,ETCH_01,CH_C,1723.8,0,1.2301,0.0164,0.0086,0.0222,0.9396,324.443,322.298,2.8758,867.273,119.529,199.723,0.0935,0.5356,61.433,0.7668,39.6494,1.6821,7.4587,1.2527,774.0123,39.6898,0.22145,4,1,3,1,1,0,1,,0.8640767822780446,0,0,0,0,GOOD
O001_W0251,1,LOT_01_08,12,P_A,R_BASE,ETCH,CVD_01,CH_C,1982.9,1,1.6827,0.2033,0.0222,0.0232,0.902,318.93,320.579,3.273,981.051,129.394,209.159,0.15243,0.4966,71.112,2.318,42.9977,1.8863,-7.2518,-9.7424,774.6078,36.6168,0.29058,5,4,0,3,1,0,2,10.677168833954887,,1,0,0,0,A
O001_W0252,1,LOT_01_02,7,P_C,R_BASE,ETCH,CVD_01,CH_B,2154.6,0,1.2286,0.025,0.0193,0.0427,0.9533,323.608,305.49,3.1458,854.624,129.615,217.623,0.07796,0.6857,65.658,0.6777,41.3408,1.2548,8.5863,1.9033,783.7289,39.031,0.1021,2,4,2,3,2,2,1,,0.9813296256305343,0,0,0,0,GOOD
O001_W0253,1,LOT_01_01,17,P_B,R_FAST,CVD,ETCH_03,CH_A,1949.1,1,1.6799,0.2072,0.0365,0.0217,0.8766,319.794,319.014,3.6543,870.63,141.365,218.248,0.11059,0.5365,65.33,0.4698,46.8572,2.2357,9.5814,-2.2787,793.1317,33.3253,0.20323,3,1,1,5,0,0,3,8.73807391882437,,1,0,0,0,A
O001_W0254,1,LOT_01_06,8,P_C,R_FAST,PHOTO,ETCH_03,CH_C,1984.3,1,2.2662,0.1911,0.1398,0.0444,0.8214,325.394,323.63,3.8031,894.937,129.267,191.804,0.09882,0.6488,67.169,0.697,46.8727,1.2921,6.2894,-0.0392,798.6639,41.0094,0.19604,6,0,3,6,8,3,9,9.485388040754781,,1,1,0,1,A
O001_W0255,1,LOT_01_08,20,P_A,R_BASE,ETCH,ETCH_03,CH_A,1926.6,1,1.4945,0.1705,0.0011,0.0093,0.9085,319.98,323.422,3.5641,894.08,133.098,223.526,0.11982,0.5464,67.229,2.5722,42.2064,1.5443,-0.4327,-4.7039,754.7812,35.7933,0.14725,3,0,0,8,0,1,5,10.114521067750555,,1,0,0,0,A
O001_W0256,1,LOT_01_04,25,P_C,R_BASE,CVD,CVD_01,CH_A,1765.5,0,1.6148,0.0381,0.0291,0.1136,0.8606,324.143,322.117,2.9108,785.767,117.176,203.5,0.09723,0.4365,60.232,1.3022,40.88,1.0454,17.039,2.4845,804.0545,41.9327,0.1733,4,7,1,2,4,0,0,,1.1993793782729454,0,0,1,1,C
O001_W0257,1,LOT_01_02,19,P_B,R_FAST,CVD,ETCH_02,CH_C,1826.4,0,1.0383,0.0141,0.0305,0.0094,0.9768,324.71,323.373,2.5725,800.868,129.158,211.414,0.03329,0.3978,52.305,0.0192,41.4691,1.4874,-4.7541,9.9669,759.5109,35.8772,0.11356,6,1,1,2,0,0,1,,1.1501684495650863,0,0,0,0,GOOD
O001_W0258,1,LOT_01_08,19,P_A,R_BASE,ETCH,ETCH_02,CH_D,2003.6,0,1.197,0.0075,0.0131,0.0319,0.9571,320.588,316.534,3.4062,840.934,131.883,206.731,0.10152,0.3558,65.151,-0.1766,43.344,0.784,-5.9935,-3.0751,785.2552,34.8816,0.15055,4,1,1,2,3,0,1,,0.7523655260460873,0,0,0,0,GOOD
O001_W0259,1,LOT_01_07,16,P_A,R_BASE,PHOTO,PHOTO_01,CH_D,1757.3,0,1.55,0.0252,0.1541,0.0152,0.9129,318.568,316.283,2.9338,884.977,116.84,192.414,0.1235,0.4404,59.103,-0.8946,40.1754,0.9586,6.0398,-5.9712,806.2861,33.9799,0.17981,4,0,3,3,1,0,0,,0.8499796192393054,0,1,0,0,B
O001_W0260,1,LOT_01_08,23,P_B,R_FAST,CVD,CMP_01,CH_A,1739.5,0,1.0845,0.0114,0.0063,0.0243,0.9481,327.877,321.159,2.3988,815.989,123.521,199.204,0.04954,0.5679,64.423,-1.2709,42.808,1.0656,-12.0809,-2.5239,770.6005,31.9576,0.18839,5,2,1,3,1,1,0,,0.8856881140319011,0,0,0,0,GOOD
O001_W0261,1,LOT_01_05,25,P_B,R_BASE,CVD,CVD_01,CH_B,1660.2,0,1.0307,0.0173,0.0077,0.0099,0.9495,321.239,313.452,2.8771,865.74,133.315,218.783,0.12444,0.5788,58.082,2.5879,42.6756,0.9842,-3.734,6.5671,793.4608,35.5532,0.21345,5,0,1,4,0,1,1,,0.9891172007833618,0,0,0,0,GOOD
O001_W0262,1,LOT_01_01,17,P_A,R_BASE,ETCH,CVD_01,CH_A,1916.6,0,1.1688,0.0609,0.0,0.0,0.9329,326.659,325.478,3.2245,881.539,121.3,218.132,0.11599,0.4467,67.11,-0.3282,41.6044,1.4025,3.7186,3.9748,761.5295,33.8575,0.19667,2,2,1,2,1,1,2,,0.8835188594880685,0,0,0,0,GOOD
O001_W0263,1,LOT_01_01,22,P_C,R_FAST,ETCH,CMP_01,CH_C,1944.7,0,1.4801,0.0267,0.0243,0.0063,0.8907,332.288,313.79,2.922,872.559,126.626,200.342,0.0695,0.5303,60.467,-0.5737,41.2434,1.297,-1.7542,-0.4902,779.7155,42.6462,0.08369,1,2,2,1,0,0,0,,1.016421685952414,0,0,0,1,D
O001_W0264,1,LOT_01_05,18,P_A,R_BASE,CVD,ETCH_01,CH_A,1974.5,0,1.2525,0.0535,0.0537,0.0098,0.9243,321.733,316.195,3.082,859.856,124.861,212.492,0.06575,0.6654,59.386,-1.9752,41.1087,1.3014,7.9035,2.2162,767.0684,41.942,0.17221,6,1,2,1,0,0,2,,1.0319259528016722,0,0,0,0,GOOD
O001_W0265,1,LOT_01_01,13,P_A,R_BASE,CVD,ETCH_03,CH_A,1987.3,1,1.3319,0.1717,0.0,0.0174,0.873,324.004,313.366,3.5987,860.992,109.975,199.724,0.11137,0.5061,66.968,0.5169,43.6257,1.5717,-0.4061,-7.6677,778.2546,34.3949,0.12388,2,2,2,6,0,1,3,9.431281350964237,,1,0,0,0,A
O001_W0266,1,LOT_01_07,1,P_A,R_BASE,ETCH,CVD_01,CH_D,2034.8,0,1.1021,0.0308,0.0,0.0312,0.9648,322.356,321.178,2.8268,878.189,119.157,206.994,0.04924,0.6653,60.016,-0.2884,41.1877,1.0845,2.5301,-3.3053,785.9892,41.2628,0.20697,5,0,1,2,6,0,1,,0.822002980498763,0,0,0,0,GOOD
O001_W0267,1,LOT_01_07,13,P_A,R_BASE,CMP,ETCH_02,CH_A,1877.1,0,1.06,0.0316,0.0108,0.0119,0.9369,321.404,308.344,3.264,883.675,121.526,197.212,0.06578,0.5122,66.923,0.3144,43.0812,1.3084,-0.3827,1.7968,810.1653,40.3569,0.18488,3,1,0,3,1,1,1,,0.9691257490358922,0,0,0,0,GOOD
O001_W0268,1,LOT_01_03,6,P_B,R_BASE,ETCH,ETCH_02,CH_C,2048.1,0,1.1658,0.0207,0.0258,0.0225,0.933,312.488,311.232,3.2929,892.818,145.918,197.278,0.04901,0.4095,63.675,1.8855,43.3,1.1868,0.9096,0.2424,782.3083,39.4423,0.22372,3,1,2,2,4,0,1,,0.8758868928190793,0,0,0,0,GOOD
O001_W0269,1,LOT_01_08,25,P_C,R_BASE,ETCH,CVD_01,CH_D,1936.7,0,1.1076,0.0461,0.0035,0.0336,0.929,320.666,314.305,3.0204,908.75,133.035,220.619,0.08814,0.3636,62.142,-0.9423,44.7526,1.3151,5.5527,4.5656,794.2486,43.5132,0.17335,2,0,0,1,1,1,0,,1.1208907618752386,0,0,0,0,GOOD
O001_W0270,1,LOT_01_06,12,P_B,R_BASE,ETCH,CVD_01,CH_D,1916.1,0,1.4302,0.0537,0.1316,0.0172,0.9289,318.052,316.885,2.772,861.964,109.764,208.82,0.11829,0.4009,62.692,0.828,42.7833,0.8653,-1.8832,0.3394,772.222,40.7009,0.13567,3,1,4,0,3,4,0,,0.7258825314876143,0,1,0,0,B
O001_W0271,1,LOT_01_07,2,P_B,R_FAST,CVD,CMP_01,CH_C,1626.1,0,1.6232,0.0221,0.0292,0.0038,0.9112,315.029,317.001,2.774,843.553,129.957,203.532,0.04624,0.3792,62.629,-0.4917,43.8376,1.606,0.6938,-8.9575,801.5084,41.7377,0.18247,5,0,1,0,4,1,1,,1.026075851613152,0,0,0,1,D
O001_W0272,1,LOT_01_08,23,P_B,R_BASE,CMP,CVD_01,CH_A,1746.9,0,1.4753,0.0269,0.1312,0.0279,0.9408,321.557,321.101,3.1013,826.343,118.403,195.82,0.07414,0.4853,61.768,0.2778,43.5179,0.6102,8.0051,-6.7074,780.7335,32.229,0.15899,8,1,7,1,1,3,1,,1.1473058362469388,0,1,0,0,B
O001_W0273,1,LOT_01_04,23,P_A,R_FAST,CVD,ETCH_03,CH_B,1854.2,1,1.6416,0.2008,0.0217,0.0235,0.8904,329.548,314.561,3.4286,920.256,127.874,206.41,0.12089,0.5579,67.128,0.6549,45.2428,1.3441,-1.2455,8.675,761.3965,37.3778,0.19112,2,0,1,4,2,0,6,8.021136618031026,,1,0,0,0,A
O001_W0274,1,LOT_01_06,6,P_C,R_BASE,CMP,ETCH_03,CH_A,1791.5,1,1.9322,0.1708,0.1435,0.0451,0.8643,327.114,307.901,3.9458,886.61,116.067,210.382,0.10063,0.6403,58.835,0.0125,42.6104,2.0402,3.478,-7.372,785.7191,36.0465,0.24413,6,0,6,10,0,0,3,10.350039090334535,,1,1,0,0,A
O001_W0275,1,LOT_01_05,24,P_B,R_REWORK,ETCH,ETCH_03,CH_D,2066.7,0,1.2054,0.0417,0.0525,0.008,0.9487,327.348,302.329,3.091,881.522,125.943,216.337,0.07357,0.4937,67.955,-1.1582,43.2358,1.2489,4.6664,3.5782,796.5445,35.0882,0.15216,3,1,0,2,0,0,0,,0.8967333130973261,0,0,0,0,GOOD
O001_W0276,1,LOT_01_04,23,P_B,R_BASE,PHOTO,CMP_01,CH_C,1773.2,0,1.4167,0.0226,0.1414,0.0,0.9387,321.415,319.355,2.6837,834.169,131.027,192.04,0.09841,0.4698,66.398,0.3951,44.1959,1.2082,-5.4778,2.2252,811.9484,37.7769,0.14682,4,1,2,2,1,4,2,,0.8876708086710104,0,1,0,0,B
O001_W0277,1,LOT_01_08,18,P_B,R_FAST,PHOTO,ETCH_02,CH_B,1797.0,0,1.4124,0.0485,0.0378,0.0228,0.9309,322.188,313.717,2.9535,845.066,115.284,201.782,0.03566,0.3733,60.653,-0.7055,44.5165,1.4841,-3.1546,-5.9714,762.2116,37.178,0.17718,4,1,3,4,2,2,0,,0.976068408761002,0,0,0,0,GOOD
O001_W0278,1,LOT_01_04,21,P_A,R_BASE,CMP,CMP_01,CH_C,1704.5,0,1.5209,0.032,0.0279,0.02,0.8878,332.008,313.809,3.216,896.731,120.783,205.347,0.04897,0.2692,61.113,-1.4015,42.1509,0.9471,-7.0311,-8.6305,788.6363,41.1057,0.12485,0,1,0,2,4,1,0,,0.9042203888556667,0,0,0,1,D
O001_W0279,1,LOT_01_05,8,P_A,R_FAST,ETCH,ETCH_02,CH_D,2095.7,0,1.1149,0.0266,0.0342,0.0336,0.9419,316.655,315.846,3.122,859.52,139.805,195.691,0.04844,0.526,61.514,-1.6904,41.9988,1.3795,-0.2851,1.9523,756.8148,38.4008,0.13715,2,1,2,2,1,1,2,,1.0558245481466053,0,0,0,0,GOOD
O001_W0280,1,LOT_01_08,15,P_A,R_BASE,ETCH,ETCH_02,CH_A,1994.4,0,1.3911,0.0243,0.0249,0.1156,0.9293,319.728,319.704,3.5383,874.685,117.634,204.821,0.08632,0.5681,64.151,-0.607,44.0593,1.0848,-3.4185,2.0531,807.4837,41.8362,0.165,9,1,2,0,1,0,2,,1.0917856306416351,0,0,1,0,C
O001_W0281,1,LOT_01_05,5,P_C,R_FAST,ETCH,CVD_01,CH_A,2029.4,0,1.6848,0.0618,0.0572,0.0244,0.8775,328.425,318.369,2.778,863.616,129.501,195.853,0.04471,0.3979,62.693,0.2094,44.7072,1.2723,4.6908,7.4714,805.4475,46.0346,0.21278,7,1,1,4,2,0,0,,0.8620697067151372,0,0,0,1,D
O001_W0282,1,LOT_01_02,17,P_B,R_BASE,ETCH,CMP_01,CH_C,2053.1,0,1.0169,0.0438,0.0183,0.0512,0.9364,319.147,320.573,2.63,841.507,120.542,222.142,0.06366,0.3917,60.602,0.524,43.1231,1.1756,-7.1146,3.729,779.2348,33.9978,0.11363,5,2,1,2,0,0,0,,0.9136079894020481,0,0,0,0,GOOD
O001_W0283,1,LOT_01_08,21,P_A,R_FAST,ETCH,CVD_01,CH_A,1900.6,0,1.2013,0.0377,0.0144,0.0125,0.9506,328.059,323.038,2.8926,880.535,133.99,206.273,0.07832,0.4841,62.537,0.8325,41.0463,0.7346,6.8182,-8.7259,788.8923,40.602,0.25577,6,2,0,2,1,0,0,,1.0606432007523463,0,0,0,0,GOOD
O001_W0284,1,LOT_01_06,9,P_A,R_FAST,ETCH,PHOTO_01,CH_A,2011.5,0,1.7521,0.0246,0.1466,0.0134,0.8768,321.419,313.251,3.5007,870.552,134.726,194.43,0.07507,0.4624,57.359,0.4544,41.4457,1.0778,5.3003,-9.2645,789.518,42.5917,0.1344,2,0,2,3,3,9,0,,1.0674444406768346,0,1,0,1,B
O001_W0285,1,LOT_01_07,6,P_B,R_BASE,ETCH,ETCH_01,CH_B,2026.7,0,1.196,0.0443,0.0384,0.0176,0.9364,323.098,305.157,2.8526,874.917,129.235,202.031,0.11629,0.5305,58.753,0.7755,41.3249,1.6388,-2.1722,2.5253,780.9902,40.5862,0.11406,1,1,1,2,3,0,2,,1.1081266417419704,0,0,0,0,GOOD
O001_W0286,1,LOT_01_08,8,P_B,R_FAST,CVD,CMP_01,CH_A,1635.0,0,1.3648,0.0568,0.0243,0.0226,0.9261,324.248,322.63,2.6764,906.278,114.49,187.448,0.03333,0.4409,65.629,-0.4239,38.5307,0.7569,0.0557,-1.557,770.8794,39.5282,0.18779,3,0,3,3,0,1,0,,1.0530612142665743,0,0,0,0,GOOD
O001_W0287,1,LOT_01_05,23,P_A,R_BASE,ETCH,PHOTO_01,CH_C,1885.8,0,1.2224,0.0384,0.027,0.0426,0.9322,320.643,320.642,2.9208,873.216,133.041,229.605,0.058,0.4673,66.701,0.9741,40.0279,0.9415,-5.8094,-7.7438,750.8001,34.9855,0.10107,3,1,0,1,1,1,0,,1.0960384022852914,0,0,0,0,GOOD
O001_W0288,1,LOT_01_04,11,P_B,R_BASE,ETCH,CMP_01,CH_C,2061.8,0,1.2676,0.0233,0.0474,0.114,0.9068,319.334,326.702,2.7275,907.222,127.456,197.34,0.09483,0.4246,62.264,0.8723,41.7091,1.5984,1.304,6.1008,775.675,37.7478,0.23364,3,1,3,2,2,0,1,,0.9291949254411853,0,0,1,0,C
O001_W0289,1,LOT_01_08,14,P_A,R_FAST,ETCH,CMP_01,CH_C,2059.6,0,1.1887,0.0283,0.0082,0.0139,0.9749,318.43,313.745,3.3324,891.246,121.207,207.968,0.10465,0.3522,63.736,-1.2753,42.2228,1.0207,5.0931,10.2689,771.3254,38.6049,0.1794,6,1,0,4,0,0,2,,0.8514862171517821,0,0,0,0,GOOD
O001_W0290,1,LOT_01_04,25,P_A,R_FAST,ETCH,ETCH_01,CH_A,1896.9,0,1.5587,0.0611,0.0112,0.0157,0.8808,317.994,324.695,2.6536,875.357,133.75,213.592,0.0685,0.7112,68.991,-1.5604,42.4858,1.6328,6.8948,4.3994,795.4917,38.1106,0.10447,4,0,3,1,4,0,1,,1.0964907942003017,0,0,0,1,D
O001_W0291,1,LOT_01_02,3,P_B,R_BASE,CVD,ETCH_03,CH_D,1945.6,1,1.5771,0.1918,0.0494,0.0,0.8621,317.612,316.039,3.5819,862.647,112.398,221.404,0.11522,0.5509,72.689,0.5487,42.6904,1.6602,0.4772,-7.0375,787.7816,36.5344,0.12003,4,0,2,8,0,0,6,9.759278554657492,,1,0,0,0,A
O001_W0292,1,LOT_01_02,1,P_A,R_BASE,CMP,ETCH_03,CH_C,1851.4,1,1.5453,0.1761,0.0449,0.0262,0.8781,327.634,310.409,3.9412,900.184,139.3,224.393,0.05,0.5285,58.43,3.3401,43.1984,1.6557,-2.3229,-2.5626,782.4056,34.8752,0.22408,7,0,2,11,1,0,4,9.750403490355636,,1,0,0,0,A
O001_W0293,1,LOT_01_02,10,P_A,R_BASE,ETCH,ETCH_03,CH_C,2019.4,1,1.5857,0.1873,0.0,0.0437,0.9068,325.848,312.832,3.5973,889.752,128.656,203.955,0.09031,0.5124,67.122,1.3257,45.2706,1.7335,1.6031,-1.5013,752.8173,39.7451,0.17491,8,0,0,3,3,0,3,12.410959764626435,,1,0,0,0,A
O001_W0294,1,LOT_01_08,3,P_B,R_BASE,CVD,ETCH_01,CH_A,1701.0,0,1.2997,0.0421,0.05,0.0402,0.933,322.132,325.818,2.7523,902.474,128.637,194.303,0.07848,0.234,61.383,0.0332,41.2015,0.821,-4.732,0.4246,786.5027,38.4238,0.23121,7,2,0,3,2,0,0,,0.8138001628141447,0,0,0,0,GOOD
O001_W0295,1,LOT_01_04,21,P_B,R_FAST,ETCH,PHOTO_01,CH_A,2116.3,0,1.179,0.0303,0.0288,0.0294,0.9365,325.164,323.053,2.8841,913.274,113.121,210.725,0.08213,0.4579,70.079,0.6756,41.3533,1.0465,-0.4972,-4.472,771.4695,40.0106,0.1105,6,1,1,4,1,0,1,,0.8726616183168964,0,0,0,0,GOOD
O001_W0296,1,LOT_01_08,17,P_A,R_BASE,CMP,ETCH_03,CH_C,1789.7,0,1.3301,0.0383,0.1373,0.0116,0.9186,310.013,316.847,3.3175,863.861,118.733,183.655,0.11189,0.5882,62.418,0.4954,41.0659,1.1077,9.6391,-15.6792,801.3904,37.8283,0.19686,5,0,1,2,1,2,1,,0.9633797006329342,0,1,0,0,B
O001_W0297,1,LOT_01_05,7,P_C,R_BASE,CMP,ETCH_02,CH_A,1771.7,0,1.2062,0.0376,0.0316,0.043,0.9305,322.383,318.249,2.7497,822.844,127.455,229.457,0.10316,0.3243,62.834,0.8308,42.2446,1.4699,7.1753,-4.1912,797.3082,37.3806,0.15061,7,1,3,1,2,0,0,,1.0826925599218824,0,0,0,0,GOOD
O001_W0298,1,LOT_01_08,5,P_B,R_BASE,CVD,CMP_01,CH_A,1792.5,0,1.1822,0.0304,0.0201,0.0421,0.9587,321.206,315.709,3.311,811.432,136.344,210.41,0.07963,0.3806,70.748,-0.9273,43.9128,1.4717,8.3732,-1.1762,758.6654,35.7335,0.23883,1,1,1,1,0,0,1,,1.0564990430949495,0,0,0,0,GOOD
O001_W0299,1,LOT_01_02,20,P_A,R_BASE,CVD,ETCH_02,CH_D,1706.3,0,1.1409,0.0423,0.0229,0.0093,0.9353,324.289,315.116,3.2431,846.116,130.33,206.778,0.0506,0.2994,60.622,-0.2691,42.9057,1.4508,-5.9108,5.4872,782.7101,40.2192,0.1673,3,0,1,4,2,1,0,,1.0720477599886595,0,0,0,0,GOOD
O001_W0300,1,LOT_01_03,21,P_C,R_BASE,CVD,ETCH_03,CH_A,1821.4,0,1.547,0.0655,0.0,0.0361,0.8893,325.448,320.763,2.6786,862.005,126.468,205.407,0.06076,0.3519,70.212,0.1354,44.2896,1.5642,0.6324,10.8589,807.0153,40.2092,0.2716,1,0,2,5,10,0,1,,1.0153271049984085,0,0,0,1,D
O001_W0301,1,LOT_01_05,21,P_B,R_BASE,ETCH,ETCH_01,CH_B,1850.3,0,1.2179,0.0451,0.0494,0.0069,0.9113,328.182,316.052,3.0599,873.448,127.713,225.753,0.08968,0.3507,67.16,-0.003,43.9691,1.1577,5.3632,0.3746,783.3694,36.5459,0.17435,4,0,0,2,2,0,0,,1.0522892502346448,0,0,0,0,GOOD
O001_W0302,1,LOT_01_06,6,P_B,R_BASE,ETCH,CVD_01,CH_A,2011.2,1,1.655,0.191,0.0348,0.0097,0.8964,323.2,317.37,3.0855,903.753,124.995,221.244,0.07828,0.5646,65.685,2.2203,48.3487,1.6726,-6.2297,-2.6903,789.687,36.0844,0.14557,4,1,0,3,1,2,5,10.51788031554325,,1,0,0,0,A
O001_W0303,1,LOT_01_04,2,P_C,R_BASE,ETCH,PHOTO_01,CH_A,1900.3,0,1.235,0.0524,0.0387,0.0404,0.9267,318.261,319.976,3.3463,892.333,136.308,210.464,0.06605,0.3154,56.678,-1.6968,41.8116,0.9161,4.4713,-2.2872,773.3796,37.9954,0.16736,0,0,1,2,1,0,1,,1.0285781074035079,0,0,0,0,GOOD
O001_W0304,1,LOT_01_05,6,P_C,R_REWORK,CMP,ETCH_01,CH_C,2074.3,0,1.2432,0.0427,0.0141,0.0379,0.9551,316.494,313.791,3.2393,834.798,126.423,215.294,0.08234,0.6121,64.601,1.651,42.8614,0.9094,-1.9768,0.4208,805.6658,40.1368,0.12541,5,1,1,7,0,0,1,,1.2092573249011562,0,0,0,0,GOOD
O001_W0305,1,LOT_01_06,8,P_A,R_REWORK,ETCH,ETCH_02,CH_A,1997.4,0,1.248,0.0,0.0258,0.1107,0.92,319.152,316.784,2.9856,870.151,121.739,218.775,0.11583,0.2438,64.522,0.6401,41.5503,0.5495,6.5978,-4.1995,787.2372,40.0849,0.14644,4,4,1,2,0,1,0,,0.9952704470299233,0,0,1,0,C
O001_W0306,1,LOT_01_03,20,P_B,R_BASE,CMP,ETCH_02,CH_B,1705.5,0,1.27,0.0415,0.0299,0.0069,0.9061,319.896,311.461,3.1673,885.369,124.219,209.996,0.10083,0.4444,61.249,1.3925,45.9478,1.2257,-2.0815,5.4473,747.1378,37.5868,0.16065,7,1,0,4,3,0,0,,1.519091653353423,0,0,0,0,GOOD
O001_W0307,1,LOT_01_02,16,P_A,R_BASE,CVD,ETCH_01,CH_D,1794.1,0,1.2149,0.041,0.0287,0.0469,0.9533,309.822,317.558,3.1376,879.712,120.919,200.027,0.08682,0.5747,58.682,0.0415,44.127,1.1095,3.6229,-0.1598,771.1177,39.8724,0.18688,1,0,1,1,1,0,1,,1.0346473530693654,0,0,0,0,GOOD
O001_W0308,1,LOT_01_03,16,P_A,R_BASE,CVD,ETCH_01,CH_B,1679.0,0,1.4655,0.0165,0.0452,0.025,0.9005,322.045,325.195,2.9412,855.464,125.356,221.372,0.05588,0.3932,63.251,0.3701,43.4164,0.6077,-4.385,4.8847,812.6974,46.6887,0.17027,6,0,1,2,2,0,2,,0.9200140372654104,0,0,0,1,D
O001_W0309,1,LOT_01_04,7,P_B,R_BASE,CVD,ETCH_03,CH_C,1942.1,0,1.3722,0.0292,0.1281,0.0119,0.9205,311.985,306.378,2.9404,852.903,136.704,206.355,0.08895,0.4988,54.013,0.3921,43.3233,1.1722,5.7124,-4.8677,777.6485,36.0571,0.12832,3,1,4,6,3,2,0,,1.0974479453577244,0,1,0,0,B
O001_W0310,1,LOT_01_05,13,P_C,R_FAST,CMP,CVD_01,CH_C,1854.8,0,1.0768,0.0346,0.0203,0.0194,0.9478,313.493,317.044,3.1704,828.123,127.688,202.359,0.0845,0.4884,53.99,-0.0999,41.1984,1.4369,1.3096,0.759,796.9237,35.3266,0.14655,4,1,0,3,1,0,1,,1.0333998766681862,0,0,0,0,GOOD
O001_W0311,1,LOT_01_03,8,P_A,R_REWORK,PHOTO,ETCH_01,CH_D,1926.4,0,1.1536,0.0273,0.0222,0.0152,0.9288,322.082,313.869,2.8204,824.346,124.301,216.229,0.11009,0.3842,60.93,-0.3173,42.9636,1.1009,0.2041,9.7019,766.1151,36.1438,0.17192,7,0,3,5,0,1,1,,0.9586520517524315,0,0,0,0,GOOD
O001_W0312,1,LOT_01_03,7,P_A,R_BASE,CMP,PHOTO_01,CH_D,1811.4,0,1.1432,0.0384,0.026,0.0283,0.9504,315.225,314.17,2.7542,836.723,131.528,204.125,0.08009,0.4819,61.127,0.8944,43.0712,1.2903,0.0877,8.1069,772.1271,39.1958,0.24367,3,0,1,1,3,0,0,,0.8764115064518421,0,0,0,0,GOOD
O001_W0313,1,LOT_01_06,2,P_A,R_FAST,CVD,PHOTO_01,CH_C,1880.8,0,1.2004,0.0396,0.0184,0.0297,0.9486,322.755,310.813,2.653,830.006,125.091,193.667,0.09317,0.4884,63.23,-0.1276,45.1439,1.4469,-1.1823,-5.7907,766.0298,39.6697,0.22536,4,0,0,3,1,0,0,,1.1010546288042495,0,0,0,0,GOOD
O001_W0314,1,LOT_01_03,23,P_B,R_REWORK,CVD,ETCH_01,CH_A,1853.3,0,1.2002,0.05,0.0084,0.0249,0.9596,321.206,312.477,3.2272,807.531,122.696,194.06,0.12094,0.4052,68.396,0.6986,41.8877,1.4326,-3.6203,5.1069,787.7984,36.1322,0.1037,9,1,1,5,0,0,0,,1.083483550152949,0,0,0,0,GOOD
O001_W0315,1,LOT_01_02,1,P_B,R_BASE,CVD,CVD_01,CH_B,1753.9,0,1.293,0.0339,0.0345,0.0408,0.9551,330.214,322.678,2.6635,849.673,141.218,221.047,0.11801,0.5811,70.84,-0.0146,39.2843,1.2767,-5.8151,-0.5597,752.0554,35.2343,0.2078,3,0,2,2,2,0,0,,1.1867820172062846,0,0,0,0,GOOD
O001_W0316,1,LOT_01_05,22,P_B,R_BASE,CMP,CVD_01,CH_D,1794.6,0,1.7922,0.0458,0.0358,0.1315,0.8456,319.082,323.316,2.9982,793.528,130.375,201.418,0.03479,0.5364,59.933,0.0985,42.3452,0.859,-2.3663,1.1184,790.0615,42.4436,0.2542,8,8,0,2,4,1,1,,0.9973114494458964,0,0,1,1,C
O001_W0317,1,LOT_01_02,16,P_A,R_BASE,PHOTO,ETCH_01,CH_D,1712.3,0,1.1898,0.0254,0.0162,0.0022,0.9552,322.22,313.439,3.0331,850.881,134.151,207.434,0.08225,0.4782,59.259,0.0323,43.1193,1.1832,-1.3868,-6.5138,812.9269,44.5962,0.21029,4,1,3,2,0,1,0,,0.9971254704986707,0,0,0,0,GOOD
O001_W0318,1,LOT_01_08,8,P_A,R_REWORK,ETCH,ETCH_02,CH_C,2172.4,0,1.0437,0.0219,0.035,0.0112,0.9382,316.476,320.787,2.6329,844.351,113.575,210.923,0.04718,0.6143,64.205,1.6422,42.3245,1.5591,0.8822,3.815,809.3508,38.3943,0.22185,5,0,3,0,1,1,1,,0.9791205045074148,0,0,0,0,GOOD
O001_W0319,1,LOT_01_05,21,P_A,R_BASE,CMP,CVD_01,CH_A,1835.7,0,1.3178,0.0217,0.0228,0.111,0.9244,329.523,310.968,3.298,865.408,137.394,202.644,0.08521,0.3227,58.893,0.1126,41.8192,0.8972,-3.1426,1.01,766.7866,36.0236,0.30563,8,8,2,1,3,1,0,,0.8608452735187211,0,0,1,0,C
O002_W0000,2,LOT_02_08,7,P_B,R_BASE,PHOTO,CMP_01,CH_D,1781.9,0,1.0406,0.0006,0.0257,0.001,0.9422,323.398,313.808,2.9998,855.434,125.251,207.963,0.0905,0.4399,71.088,0.3356,43.8591,1.9073,2.8505,7.9284,767.0957,34.8384,0.22606,4,0,1,3,1,0,0,,1.2570253687574424,0,0,0,0,GOOD
O002_W0001,2,LOT_02_07,1,P_B,R_BASE,ETCH,CVD_01,CH_D,2150.5,1,1.4827,0.1754,0.0212,0.0264,0.9222,316.892,316.421,3.7062,889.151,120.325,206.73,0.12084,0.6354,59.667,0.4641,41.7848,1.6729,8.4873,-8.3272,753.7115,42.8029,0.20839,6,1,2,7,2,0,7,8.814668915219734,,1,0,0,0,A
O002_W0002,2,LOT_02_06,16,P_A,R_FAST,CMP,ETCH_02,CH_A,1685.2,0,0.9947,0.0412,0.0021,0.0,0.9471,320.313,319.104,2.9559,862.692,114.576,207.117,0.06424,0.3565,65.251,-0.4318,41.2868,1.0561,5.2052,-0.4602,809.3744,36.788,0.13472,7,0,0,0,3,2,0,,0.9089394339227326,0,0,0,0,GOOD
O002_W0003,2,LOT_02_04,8,P_C,R_BASE,CMP,CMP_01,CH_B,1681.2,0,1.5883,0.0681,0.1395,0.0248,0.9088,334.209,319.523,2.8539,868.399,127.128,222.74,0.0789,0.3673,55.302,1.349,43.533,0.6585,4.7479,-3.3077,770.7279,33.9272,0.21423,2,0,6,3,1,2,0,,0.9316413047946418,0,1,0,0,B
O002_W0004,2,LOT_02_01,20,P_B,R_BASE,ETCH,PHOTO_01,CH_A,1922.8,0,1.3214,0.0217,0.1662,0.0384,0.922,319.475,316.349,3.1224,881.279,134.32,210.12,0.10469,0.3464,57.035,-0.0487,42.1824,1.1464,1.799,-9.6985,787.632,37.4451,0.19183,4,0,5,0,2,3,0,,0.727653880256435,0,1,0,0,B
O002_W0005,2,LOT_02_07,23,P_C,R_BASE,PHOTO,CMP_01,CH_A,1743.8,0,1.5281,0.0413,0.0094,0.0472,0.8842,321.421,317.839,2.9986,843.328,117.279,195.928,0.12762,0.4447,61.796,1.1594,43.0094,1.007,8.1095,-0.769,815.6776,41.8773,0.17426,7,0,2,1,1,0,0,,1.1756352294644148,0,0,0,1,D
O002_W0006,2,LOT_02_03,6,P_A,R_BASE,ETCH,CVD_01,CH_B,2018.1,0,1.3782,0.0466,0.0464,0.0415,0.9471,323.048,314.688,2.753,833.706,120.474,216.126,0.09652,0.2593,65.183,-1.2867,41.5953,1.2921,-2.907,2.1056,789.4162,37.3482,0.17619,4,0,0,2,1,0,0,,1.154632519122374,0,0,0,0,GOOD
O002_W0007,2,LOT_02_04,1,P_B,R_BASE,CVD,ETCH_02,CH_C,1836.9,0,1.1399,0.0494,0.0277,0.0366,0.9389,318.223,314.5,3.3799,848.228,123.577,210.237,0.02002,0.6159,58.505,0.6909,39.7954,1.4373,-6.2662,-4.6926,801.1711,38.1305,0.13585,5,0,2,1,1,0,0,,0.8282000834652734,0,0,0,0,GOOD
O002_W0008,2,LOT_02_04,16,P_B,R_FAST,CMP,CMP_01,CH_D,1677.2,0,1.3293,0.0698,0.0267,0.0218,0.9298,323.677,319.393,2.9089,822.151,115.987,214.773,0.12355,0.513,58.003,-1.2293,40.3708,1.0968,-3.6473,3.4967,755.0301,38.0539,0.29281,4,0,1,3,0,0,0,,1.0358525107104857,0,0,0,0,GOOD
O002_W0009,2,LOT_02_03,17,P_B,R_REWORK,ETCH,ETCH_01,CH_C,2155.5,0,1.4486,0.0389,0.134,0.06,0.9042,328.926,312.146,3.2867,899.26,132.057,210.779,0.08914,0.2914,60.484,0.294,45.3076,1.3824,9.7975,1.9517,783.3204,40.0987,0.12653,5,1,5,3,3,3,1,,0.9542749300208426,0,1,0,0,B
O002_W0010,2,LOT_02_05,10,P_B,R_BASE,CVD,PHOTO_01,CH_A,1803.9,1,1.4303,0.1723,0.0029,0.0245,0.9095,324.436,308.08,3.6298,859.142,129.342,216.432,0.14038,0.397,59.06,1.5159,44.3467,1.9045,-3.7612,-7.3022,757.7057,38.1299,0.12766,3,0,0,1,2,0,1,11.092855848518104,,1,0,0,0,A
O002_W0011,2,LOT_02_03,12,P_B,R_BASE,CVD,ETCH_01,CH_C,1874.7,0,1.2113,0.0309,0.0194,0.0339,0.9434,332.69,319.416,2.8863,853.002,121.151,206.387,0.11686,0.5197,61.936,0.9711,40.6333,1.4424,-0.9556,0.8761,780.9797,33.7043,0.05465,8,0,0,1,0,1,0,,1.0044878613794501,0,0,0,0,GOOD
O002_W0012,2,LOT_02_04,18,P_B,R_BASE,CVD,ETCH_03,CH_C,1933.5,1,1.914,0.198,0.1383,0.0,0.8739,320.233,315.411,3.698,922.593,129.72,202.453,0.12168,0.3846,66.567,0.4023,43.3718,1.5966,-0.7322,-0.5252,790.9109,38.8182,0.21874,3,1,4,8,0,2,2,11.055302812868069,,1,1,0,0,A
O002_W0013,2,LOT_02_06,8,P_C,R_BASE,ETCH,ETCH_02,CH_A,1960.2,0,1.4004,0.0527,0.0297,0.036,0.9168,327.835,317.387,2.5049,890.458,124.217,210.766,0.0723,0.4808,64.535,0.8878,41.9779,0.9865,-2.2417,-0.8761,758.6176,37.2793,0.28675,4,3,3,3,2,0,0,,1.2433663740556966,0,0,0,0,GOOD
O002_W0014,2,LOT_02_02,4,P_A,R_BASE,CVD,ETCH_03,CH_C,1962.3,1,1.506,0.1517,0.0151,0.0447,0.8979,324.74,320.289,3.4387,896.447,116.159,203.932,0.13413,0.6036,64.406,0.7433,45.163,1.4825,2.4973,-0.8742,775.1522,42.7707,0.17129,4,0,5,6,1,0,6,9.590659012531034,,1,0,0,0,A
O002_W0015,2,LOT_02_04,3,P_A,R_BASE,ETCH,PHOTO_01,CH_B,1986.9,0,1.2092,0.042,0.0296,0.0,0.9307,322.245,323.768,2.942,873.151,111.296,192.247,0.05614,0.337,60.408,-0.3119,40.7132,1.2827,-10.2762,10.3737,782.7709,38.6423,0.15006,3,0,0,0,2,2,0,,1.1695020197312054,0,0,0,0,GOOD
O002_W0016,2,LOT_02_02,2,P_B,R_BASE,ETCH,ETCH_02,CH_D,2044.0,0,1.2597,0.0412,0.0346,0.0042,0.9268,320.088,317.32,2.9234,855.38,116.951,213.55,0.07731,0.3632,60.908,-0.2467,42.4085,0.9222,-1.6101,6.3608,784.4118,38.2965,0.16438,5,3,2,2,3,0,0,,0.8244012646745602,0,0,0,0,GOOD
O002_W0017,2,LOT_02_06,17,P_A,R_FAST,CMP,PHOTO_01,CH_C,1818.5,1,1.7198,0.196,0.0279,0.0415,0.9021,324.274,318.766,3.3626,900.378,118.779,215.223,0.10837,0.4325,64.733,0.8296,45.8106,2.2624,0.4823,0.0169,770.5931,40.4431,0.18564,4,2,1,3,2,1,7,8.90903776693255,,1,0,0,0,A
O002_W0018,2,LOT_02_08,15,P_A,R_BASE,PHOTO,CMP_01,CH_C,1769.3,0,1.0307,0.0,0.0527,0.0364,0.9382,322.748,322.127,2.8643,878.15,134.665,212.831,0.11036,0.249,62.166,2.0983,44.7966,0.9422,0.2303,1.2487,812.8797,40.6981,0.17019,2,1,3,2,1,1,1,,0.9489892739703457,0,0,0,0,GOOD
O002_W0019,2,LOT_02_01,15,P_B,R_BASE,ETCH,ETCH_01,CH_C,1794.8,0,1.1715,0.0338,0.0234,0.0386,0.94,324.812,318.173,2.8038,857.82,133.388,189.963,0.08205,0.6506,66.756,0.3923,43.4194,0.9565,-2.3976,3.0476,802.0741,37.1789,0.14964,3,0,1,2,1,0,0,,1.1793718931969446,0,0,0,0,GOOD
O002_W0020,2,LOT_02_02,16,P_A,R_BASE,CVD,PHOTO_01,CH_A,1730.1,0,1.2214,0.0425,0.0466,0.0176,0.9212,311.069,317.045,2.7445,815.701,128.879,207.213,0.04485,0.4977,59.09,-0.7828,40.1225,1.0826,-4.3861,2.1032,758.1441,34.2627,0.15628,4,1,1,2,3,2,1,,0.9580447884156451,0,0,0,0,GOOD
O002_W0021,2,LOT_02_06,24,P_A,R_FAST,CVD,ETCH_03,CH_D,1895.1,0,1.1599,0.0241,0.0422,0.0,0.9414,319.37,317.544,3.1155,816.212,128.222,207.216,0.0858,0.5871,64.998,1.7104,40.9847,1.0037,1.0259,-1.6461,823.5215,42.5609,0.21768,5,2,0,3,2,0,1,,0.8151121018484251,0,0,0,0,GOOD
O002_W0022,2,LOT_02_06,24,P_C,R_REWORK,PHOTO,PHOTO_01,CH_C,1803.4,0,1.5319,0.0639,0.1313,0.0008,0.925,320.957,311.747,2.6146,906.348,124.403,205.846,0.09151,0.7259,58.681,0.1439,44.7884,1.0282,11.5859,-7.1422,774.1715,40.1056,0.25114,5,0,3,1,1,2,0,,1.0627356229400986,0,1,0,0,B
O002_W0023,2,LOT_02_04,10,P_B,R_FAST,PHOTO,ETCH_01,CH_B,1711.6,0,1.2604,0.0353,0.0212,0.0365,0.9325,337.012,327.533,2.6541,861.871,129.516,203.38,0.07206,0.5894,65.68,-1.1281,43.8036,1.4578,-3.1608,-5.2518,775.9855,33.3447,0.20497,5,0,2,2,1,0,0,,0.8167347586907507,0,0,0,0,GOOD
O002_W0024,2,LOT_02_04,22,P_C,R_BASE,ETCH,CVD_01,CH_B,2071.2,0,1.1958,0.0318,0.0129,0.022,0.9317,328.934,316.422,2.6066,880.454,112.09,213.429,0.08698,0.424,64.962,-0.4439,43.4051,1.005,-6.2651,-0.5581,765.4675,43.3825,0.17692,6,1,0,1,4,0,1,,0.8389504561103482,0,0,0,0,GOOD
O002_W0025,2,LOT_02_06,7,P_A,R_BASE,ETCH,ETCH_03,CH_B,1924.1,0,1.1761,0.0196,0.0123,0.0251,0.9336,315.292,319.133,3.2678,922.453,115.299,208.507,0.06475,0.5168,61.431,0.5772,40.7441,1.0049,1.5818,-0.6801,785.2652,36.303,0.14573,10,0,3,1,2,1,3,,1.039364935970079,0,0,0,0,GOOD
O002_W0026,2,LOT_02_06,23,P_C,R_BASE,ETCH,ETCH_02,CH_A,1871.2,0,1.5237,0.0548,0.1225,0.0491,0.9134,322.583,322.376,2.8172,841.434,121.251,226.066,0.07031,0.3965,64.46,-1.6662,40.4295,1.123,5.2581,-16.6863,776.8713,39.3865,0.22571,3,1,5,5,0,4,0,,1.0490951427544197,0,1,0,0,B
O002_W0027,2,LOT_02_03,25,P_B,R_BASE,CVD,CVD_01,CH_D,1924.9,0,1.6046,0.0116,0.1369,0.1159,0.9123,322.519,313.857,3.0359,796.199,119.372,224.44,0.07494,0.6302,62.634,0.0452,41.577,1.0709,10.7241,-6.715,753.4416,40.0396,0.30629,10,7,6,1,2,3,1,,0.9316713473114975,0,1,1,0,B
O002_W0028,2,LOT_02_07,21,P_B,R_BASE,CMP,CMP_01,CH_C,1780.7,0,1.712,0.0533,0.1521,0.1181,0.8915,316.444,303.849,3.0026,862.474,124.305,218.119,0.13598,0.579,50.321,-1.2829,40.774,1.0468,13.7163,1.8787,780.2814,39.9034,0.30487,4,6,2,5,2,1,0,,0.9772955921615367,0,1,1,0,B
O002_W0029,2,LOT_02_02,6,P_A,R_BASE,ETCH,ETCH_03,CH_D,2038.8,0,1.4361,0.0689,0.0327,0.0208,0.9275,303.875,326.324,3.1548,814.276,103.548,211.919,0.05414,0.3985,55.853,-0.5698,40.3685,1.3586,8.639,-5.5619,765.2625,43.4034,0.09395,4,1,1,1,1,0,2,,1.0331001038355268,0,0,0,0,GOOD
O002_W0030,2,LOT_02_08,20,P_C,R_REWORK,ETCH,ETCH_01,CH_B,2087.5,0,1.4329,0.0738,0.045,0.0265,0.9161,322.022,323.053,3.2531,929.511,132.941,213.064,0.09794,0.2155,65.299,1.5492,40.2732,1.4643,11.751,0.8391,803.6447,43.1929,0.14448,4,1,1,2,3,1,0,,0.9459299961110416,0,0,0,0,GOOD
O002_W0031,2,LOT_02_05,12,P_B,R_BASE,CMP,CVD_01,CH_A,1948.1,1,1.6639,0.1462,0.1581,0.0251,0.8924,323.903,317.446,3.2805,915.937,127.767,193.993,0.13197,0.5622,64.113,-0.2814,47.6717,2.2512,1.8456,-6.954,787.1643,35.2061,0.10574,4,0,7,10,1,0,7,7.17697547957032,,1,1,0,0,A
O002_W0032,2,LOT_02_08,21,P_B,R_BASE,CMP,ETCH_03,CH_A,1793.1,1,1.9397,0.1997,0.1283,0.0341,0.8785,320.244,323.61,3.3855,883.554,117.497,215.995,0.12414,0.652,65.042,1.4734,43.8592,2.0706,10.7085,2.3985,786.0608,38.0252,0.1439,6,0,7,13,3,0,4,10.087108822078326,,1,1,0,0,A
O002_W0033,2,LOT_02_05,14,P_C,R_BASE,CVD,CVD_01,CH_B,1716.5,0,1.3096,0.0027,0.0175,0.0478,0.9389,319.588,318.649,3.0312,869.321,137.254,216.702,0.08173,0.4126,62.127,0.8487,40.5907,0.6427,-0.4834,1.9857,778.2703,38.0632,0.17397,3,0,0,1,2,2,2,,1.0536203378472908,0,0,0,0,GOOD
O002_W0034,2,LOT_02_01,2,P_B,R_BASE,CVD,CVD_01,CH_D,1827.9,0,1.2164,0.015,0.0351,0.0215,0.9598,327.261,324.68,3.2324,861.603,125.006,200.081,0.03758,0.356,63.73,-0.2126,43.455,0.8679,3.6287,3.3986,810.3157,41.7671,0.21587,3,0,1,2,1,1,0,,1.1257615834562982,0,0,0,0,GOOD
O002_W0035,2,LOT_02_04,24,P_A,R_FAST,CVD,ETCH_02,CH_C,1853.3,0,1.718,0.0477,0.0049,0.0152,0.9172,315.028,316.706,2.486,877.426,131.08,199.766,0.09603,0.2835,60.586,0.223,40.4661,1.4541,-0.3396,-0.6131,768.5232,39.9932,0.19422,4,2,0,2,6,0,1,,1.1434121929394452,0,0,0,1,D
O002_W0036,2,LOT_02_06,13,P_B,R_BASE,CMP,CMP_01,CH_C,1707.1,0,0.9971,0.0077,0.0251,0.0,0.9631,322.678,317.829,3.1541,853.151,118.559,209.917,0.09175,0.488,61.4,0.1996,41.3964,1.1638,-2.3514,2.5774,770.3812,37.1415,0.194,3,0,1,3,0,0,1,,1.0356150892365565,0,0,0,0,GOOD
O002_W0037,2,LOT_02_03,20,P_B,R_BASE,CMP,CVD_01,CH_D,1549.5,0,1.3692,0.0234,0.0359,0.1242,0.9232,321.745,316.03,3.1791,848.703,129.275,208.989,0.09398,0.6798,64.686,-0.4751,40.9344,0.9027,-0.8155,-1.3473,791.6517,38.4271,0.17865,8,3,0,4,1,0,0,,0.8473373514715773,0,0,1,0,C
O002_W0038,2,LOT_02_03,25,P_B,R_REWORK,CVD,CVD_01,CH_D,1678.5,0,1.2969,0.035,0.0225,0.0316,0.9171,310.378,325.353,3.0702,853.899,125.011,189.945,0.08936,0.4255,65.446,0.2227,39.763,1.3333,-6.719,0.5301,814.9564,35.4087,0.16829,6,1,0,2,0,2,0,,1.2043472088604341,0,0,0,0,GOOD
O002_W0039,2,LOT_02_03,9,P_A,R_BASE,ETCH,CVD_01,CH_C,1869.2,1,1.8116,0.2086,0.0215,0.0219,0.876,316.125,322.437,3.2296,913.083,132.41,213.442,0.08225,0.5108,61.93,1.0692,46.2409,1.9033,-1.0029,-1.6015,775.9544,40.4771,0.23458,7,0,0,5,1,2,8,8.269963384469794,,1,0,0,0,A
O002_W0040,2,LOT_02_02,17,P_C,R_BASE,CVD,ETCH_02,CH_B,1803.8,0,1.2738,0.0616,0.0276,0.0392,0.9399,317.266,325.308,2.8189,896.577,124.129,209.243,0.09049,0.3708,65.067,-0.152,45.183,1.4794,1.7616,4.6863,767.77,39.5504,0.18819,4,0,1,2,2,0,1,,1.3817733177441591,0,0,0,0,GOOD
O002_W0041,2,LOT_02_03,23,P_B,R_BASE,ETCH,CMP_01,CH_C,1980.1,0,1.4353,0.037,0.1397,0.0103,0.9297,322.102,317.327,2.668,884.626,122.338,225.818,0.06872,0.4548,60.148,1.3706,40.5573,1.4218,3.1675,-10.7554,759.5833,42.2591,0.1365,2,1,5,4,3,1,1,,1.2534525739706135,0,1,0,0,B
O002_W0042,2,LOT_02_04,24,P_B,R_REWORK,ETCH,CMP_01,CH_A,2056.5,0,1.3948,0.0484,0.0075,0.1311,0.9165,325.376,310.465,3.1307,857.318,119.821,194.782,0.09357,0.3763,67.48,-0.1641,42.2387,1.2403,-5.5744,-2.1452,765.292,38.799,0.1641,6,2,2,0,3,1,1,,1.0473067616578076,0,0,1,0,C
O002_W0043,2,LOT_02_04,23,P_A,R_BASE,CVD,ETCH_03,CH_D,1908.3,0,1.1849,0.0369,0.0095,0.0339,0.9299,320.886,309.189,3.2049,839.684,125.01,203.083,0.05577,0.5322,76.98,-0.2414,43.3252,1.4133,-1.1248,0.6915,787.2696,35.2127,0.13132,8,0,2,3,2,3,1,,1.044361409877638,0,0,0,0,GOOD
O002_W0044,2,LOT_02_05,7,P_A,R_FAST,PHOTO,ETCH_02,CH_A,1871.0,0,1.2611,0.0594,0.0191,0.0104,0.9527,323.271,310.758,3.289,878.204,116.245,204.733,0.10379,0.4348,63.075,0.7397,42.9049,1.2638,-2.4991,4.1944,787.1134,35.1205,0.2542,8,0,1,2,1,0,0,,1.0927505111763693,0,0,0,0,GOOD
O002_W0045,2,LOT_02_03,18,P_A,R_BASE,CVD,ETCH_01,CH_C,1738.9,0,1.4203,0.0408,0.1401,0.0323,0.9173,309.635,317.19,3.1369,855.882,116.773,219.117,0.07664,0.4936,67.419,-0.5274,43.9195,0.9418,6.2521,-3.308,799.0346,37.4438,0.16962,3,1,3,2,1,3,0,,0.7004451961239039,0,1,0,0,B
O002_W0046,2,LOT_02_02,21,P_A,R_REWORK,CMP,ETCH_02,CH_A,1882.2,1,1.4121,0.1653,0.0235,0.021,0.9154,324.582,320.229,3.3663,858.851,124.123,212.756,0.0953,0.5358,66.936,1.1777,46.3412,0.9987,-4.3237,-6.3714,756.3386,39.567,0.12404,6,0,0,8,0,1,7,10.680839108233718,,1,0,0,0,A
O002_W0047,2,LOT_02_06,3,P_C,R_BASE,PHOTO,CVD_01,CH_C,1754.6,0,1.1828,0.0317,0.0278,0.0019,0.9343,309.726,313.878,2.7744,852.58,124.875,214.37,0.05881,0.5706,63.0,0.9067,42.6862,1.3696,0.005,-0.1419,779.4706,41.8272,0.18161,3,0,1,5,2,1,2,,0.9376618993683554,0,0,0,0,GOOD
O002_W0048,2,LOT_02_03,13,P_B,R_REWORK,ETCH,PHOTO_01,CH_A,2012.3,1,1.8629,0.178,0.0434,0.0483,0.8946,316.366,313.868,3.3337,877.293,126.501,191.685,0.12096,0.591,62.922,1.401,47.076,1.7885,8.8499,-4.5466,768.1122,45.6721,0.20411,4,1,2,9,1,2,6,10.073815839479344,,1,0,0,0,A
O002_W0049,2,LOT_02_04,9,P_B,R_BASE,CMP,ETCH_03,CH_B,1862.6,0,1.3211,0.0466,0.0388,0.0,0.943,322.498,322.394,3.1467,855.475,137.221,215.549,0.06471,0.3088,64.189,0.0674,44.1309,1.051,1.1346,1.4908,783.0909,40.5053,0.16483,7,1,0,2,4,0,1,,0.8647084127076946,0,0,0,0,GOOD
O002_W0050,2,LOT_02_05,25,P_C,R_FAST,ETCH,ETCH_03,CH_D,2124.9,0,1.2672,0.039,0.0325,0.1078,0.9266,318.376,313.084,3.3396,879.259,135.263,191.053,0.10314,0.6123,61.718,-0.4921,40.6607,1.2358,4.0887,2.2933,812.0648,39.3375,0.23159,9,2,2,2,2,0,0,,1.2213886781175596,0,0,1,0,C
O002_W0051,2,LOT_02_05,22,P_A,R_BASE,CVD,ETCH_02,CH_D,1949.4,0,1.2654,0.0527,0.0293,0.0124,0.9461,316.179,324.775,2.4601,832.675,124.917,210.365,0.09328,0.4854,57.227,-0.2487,40.767,1.7627,1.0128,-10.1668,767.4487,39.6375,0.08501,4,0,1,2,2,2,0,,1.0556613502018735,0,0,0,0,GOOD
O002_W0052,2,LOT_02_01,3,P_A,R_BASE,CMP,ETCH_02,CH_B,1725.7,0,1.3618,0.0654,0.0396,0.1277,0.9024,326.821,322.145,3.2708,835.66,115.874,212.034,0.07233,0.5776,62.478,-0.9168,38.6937,1.3172,0.8033,-4.3857,792.7709,34.4247,0.29875,6,3,0,1,0,0,0,,1.1053897562755792,0,0,1,0,C
O002_W0053,2,LOT_02_03,14,P_C,R_BASE,CMP,ETCH_01,CH_B,1901.5,0,1.123,0.0217,0.0167,0.0234,0.9224,324.91,319.875,2.4038,838.556,120.708,235.925,0.11562,0.2603,66.14,0.4177,42.4644,1.3687,2.7,-0.0306,762.4366,36.2147,0.2212,2,0,0,6,1,0,2,,0.9846626264625433,0,0,0,0,GOOD
O002_W0054,2,LOT_02_05,5,P_C,R_FAST,CMP,ETCH_01,CH_A,1860.7,0,1.5602,0.0278,0.0143,0.0022,0.9037,318.629,318.267,3.0179,853.934,117.077,196.439,0.06528,0.5366,60.189,-0.0393,42.6105,1.1604,-2.9544,5.9777,829.2504,41.3683,0.17199,6,2,2,1,6,0,1,,1.163467378812308,0,0,0,1,D
O002_W0055,2,LOT_02_06,4,P_B,R_BASE,ETCH,PHOTO_01,CH_A,2020.5,0,1.1649,0.0272,0.0321,0.0231,0.9465,321.553,316.123,2.8706,886.542,103.972,198.437,0.05357,0.4913,67.506,-0.6121,42.2322,1.3104,-5.0945,-2.3769,784.2573,37.4101,0.29824,5,0,1,3,2,0,1,,1.084849502607547,0,0,0,0,GOOD
O002_W0056,2,LOT_02_03,13,P_B,R_BASE,ETCH,ETCH_03,CH_A,2074.0,0,1.0986,0.0214,0.0178,0.0135,0.9779,318.096,316.789,3.145,861.634,118.722,217.831,0.06872,0.2994,60.801,-0.351,43.2282,0.9526,-4.0285,4.4973,803.716,37.7932,0.15302,5,1,1,4,0,1,1,,1.1173971288087239,0,0,0,0,GOOD
O002_W0057,2,LOT_02_07,14,P_A,R_BASE,ETCH,CVD_01,CH_A,1917.8,1,1.4396,0.169,0.024,0.0207,0.9134,313.366,314.489,3.442,902.207,140.59,205.283,0.1196,0.4028,72.53,1.432,42.968,2.0709,0.3584,6.0498,783.7817,36.6647,0.23203,1,1,1,8,1,2,4,10.156849404572027,,1,0,0,0,A
O002_W0058,2,LOT_02_05,20,P_B,R_BASE,ETCH,ETCH_01,CH_D,2073.3,0,1.1417,0.0405,0.0,0.0214,0.9625,324.923,314.369,2.6478,874.875,134.452,208.584,0.09097,0.4045,62.895,1.0691,40.8374,1.2521,-2.3836,-0.2637,774.7949,40.6664,0.19305,2,0,0,1,2,1,0,,0.9282031972378816,0,0,0,0,GOOD
O002_W0059,2,LOT_02_02,5,P_B,R_BASE,ETCH,ETCH_03,CH_C,1893.0,0,1.0336,0.0209,0.0005,0.0211,0.9518,318.016,308.771,3.2095,848.855,121.555,206.211,0.07156,0.3348,65.104,0.8036,41.2665,1.0098,-0.2202,2.3654,782.5089,39.966,0.16872,5,1,0,0,2,0,2,,0.9034356872627686,0,0,0,0,GOOD
O002_W0060,2,LOT_02_01,14,P_B,R_BASE,PHOTO,CVD_01,CH_B,1776.1,0,1.1719,0.0389,0.019,0.0192,0.9306,329.285,308.872,2.76,854.225,128.283,216.376,0.08786,0.6866,63.803,0.6609,39.8959,0.9331,4.9158,6.7303,791.9918,36.0698,0.12804,3,2,0,1,1,3,1,,1.337227895545928,0,0,0,0,GOOD
O002_W0061,2,LOT_02_07,17,P_A,R_BASE,CVD,ETCH_01,CH_B,1681.9,0,1.3835,0.0174,0.0168,0.138,0.9276,313.612,316.667,2.7296,847.564,127.645,218.597,0.02583,0.4402,66.574,-0.4059,40.4398,1.4463,13.0509,-4.3689,784.0221,40.1359,0.15294,5,3,2,3,1,0,2,,0.8937572346150653,0,0,1,0,C
O002_W0062,2,LOT_02_04,25,P_B,R_BASE,ETCH,PHOTO_01,CH_D,2031.1,0,1.2847,0.0352,0.1314,0.0347,0.9262,314.309,327.813,2.7796,907.769,112.677,229.296,0.06805,0.6154,55.84,0.9993,40.7814,0.9756,2.3574,0.8313,782.9497,38.2254,0.1493,5,0,4,1,4,4,0,,0.9535951621329174,0,1,0,0,B
O002_W0063,2,LOT_02_01,15,P_C,R_BASE,CMP,CVD_01,CH_D,1902.7,0,1.2616,0.0522,0.0515,0.0164,0.9057,320.48,315.633,2.8963,876.282,117.436,210.202,0.06577,0.4567,57.996,-0.794,41.1084,1.0704,7.6763,-0.8617,790.166,35.3964,0.14835,6,0,4,4,1,0,2,,1.0976630460136243,0,0,0,0,GOOD
O002_W0064,2,LOT_02_06,18,P_B,R_REWORK,ETCH,ETCH_02,CH_A,2078.9,0,1.1885,0.0222,0.0261,0.0061,0.9554,320.166,320.443,2.8506,871.765,125.788,200.712,0.08558,0.3634,62.03,-0.3294,42.3793,1.3144,8.9993,-2.3431,765.9975,39.3526,0.22606,3,1,0,3,1,1,1,,1.0211400406590037,0,0,0,0,GOOD
O002_W0065,2,LOT_02_01,1,P_B,R_BASE,CMP,ETCH_02,CH_D,1807.2,0,1.0955,0.0351,0.0211,0.0181,0.9437,317.494,321.438,2.9257,859.796,113.654,195.845,0.08901,0.3972,64.709,0.2652,45.1579,1.1173,7.0763,1.956,785.5174,33.2238,0.2292,7,1,2,2,1,0,0,,0.9090898189255638,0,0,0,0,GOOD
O002_W0066,2,LOT_02_01,17,P_A,R_FAST,CVD,ETCH_03,CH_C,1911.6,0,1.1736,0.014,0.0077,0.0206,0.9637,328.313,319.387,3.1739,827.383,132.696,210.9,0.05821,0.2984,60.639,0.2601,42.1422,1.1141,-4.5448,2.7419,764.4804,38.2223,0.12734,1,2,0,1,0,0,0,,1.132407917317822,0,0,0,0,GOOD
O002_W0067,2,LOT_02_05,20,P_B,R_BASE,ETCH,PHOTO_01,CH_B,2027.1,1,1.5502,0.1707,0.0153,0.1211,0.8825,319.555,321.686,3.2761,901.552,117.87,206.653,0.11059,0.6225,64.452,0.9487,43.7963,1.9605,3.8217,0.181,772.4425,38.8199,0.29994,6,3,2,9,0,0,8,12.393281996648621,,1,0,1,0,A
O002_W0068,2,LOT_02_03,17,P_A,R_FAST,CVD,CVD_01,CH_B,1771.7,0,1.5012,0.0581,0.1195,0.0153,0.9141,326.599,321.597,2.7552,830.728,129.777,196.08,0.09118,0.4575,66.103,-1.2218,43.1996,1.0574,11.4128,-6.2789,809.1412,34.8124,0.19115,6,1,5,0,1,4,0,,0.8975738309720208,0,1,0,0,B
O002_W0069,2,LOT_02_02,11,P_A,R_BASE,CMP,CMP_01,CH_C,1823.4,1,1.7291,0.1713,0.0183,0.0345,0.9181,309.305,322.491,3.4179,847.25,123.971,192.261,0.10833,0.4386,68.532,2.5986,44.7798,1.749,-10.9656,-1.579,786.5518,39.3027,0.17344,2,0,0,7,1,1,7,11.854833900570423,,1,0,0,0,A
O002_W0070,2,LOT_02_07,24,P_A,R_BASE,ETCH,CVD_01,CH_D,2054.8,1,1.4816,0.1405,0.0077,0.0322,0.9097,322.965,312.648,3.4063,923.601,123.844,204.289,0.0598,0.5831,62.137,3.2933,44.8818,1.9871,-2.9568,2.9527,783.3414,35.7184,0.19037,3,2,2,6,3,0,3,8.163560309601287,,1,0,0,0,A
O002_W0071,2,LOT_02_04,18,P_A,R_FAST,PHOTO,ETCH_01,CH_B,1838.7,0,1.3643,0.0161,0.0013,0.0246,0.9256,322.082,312.746,3.0139,819.774,127.859,220.952,0.12823,0.6335,59.379,0.9538,39.9924,1.075,-4.2004,0.9714,836.6757,43.8403,0.148,4,0,0,1,5,1,0,,0.8369224743933964,0,0,0,1,D
O002_W0072,2,LOT_02_05,4,P_A,R_BASE,ETCH,PHOTO_01,CH_C,2103.7,0,1.0818,0.0356,0.0,0.0181,0.9536,316.216,318.67,2.9933,894.349,127.858,194.752,0.08328,0.3726,61.806,-0.0517,44.5189,1.3207,-11.6235,-11.2979,791.1196,36.9828,0.17791,3,2,0,1,1,0,0,,1.239117260082606,0,0,0,0,GOOD
O002_W0073,2,LOT_02_06,23,P_A,R_BASE,PHOTO,CVD_01,CH_B,1846.0,0,1.361,0.05,0.1122,0.0034,0.9282,317.224,330.277,3.0611,842.871,138.932,217.952,0.10742,0.3962,64.133,0.5406,41.2714,1.0555,1.9346,-1.3458,775.6745,35.2955,0.25003,5,0,8,1,3,4,1,,1.0077351553214502,0,1,0,0,B
O002_W0074,2,LOT_02_05,9,P_A,R_BASE,CMP,ETCH_02,CH_C,1793.2,0,1.1566,0.0592,0.0052,0.0369,0.9193,319.312,317.529,2.8325,849.277,129.286,201.458,0.10143,0.3894,52.692,1.7291,43.9152,1.1585,-0.1466,1.9971,806.9492,39.9001,0.21875,1,2,2,1,2,1,0,,0.98005734990163,0,0,0,0,GOOD
O002_W0075,2,LOT_02_06,8,P_B,R_BASE,PHOTO,ETCH_01,CH_C,1966.7,0,1.3986,0.0754,0.0375,0.0242,0.9212,314.821,318.586,3.2746,870.595,128.345,208.184,0.05185,0.6093,65.823,0.0755,44.8424,0.8057,2.7531,0.8706,744.8464,36.6366,0.17605,4,0,2,2,2,1,1,,0.9956336482969191,0,0,0,0,GOOD
O002_W0076,2,LOT_02_03,7,P_B,R_BASE,PHOTO,ETCH_02,CH_D,1702.3,0,1.4173,0.0123,0.1583,0.0264,0.9273,318.87,317.181,3.2048,857.688,131.534,221.592,0.07568,0.3213,60.902,-0.6752,43.7474,1.3136,3.4157,-5.4653,794.9058,36.5483,0.1844,2,0,6,2,0,0,1,,1.1611743676915218,0,1,0,0,B
O002_W0077,2,LOT_02_02,12,P_A,R_BASE,ETCH,CMP_01,CH_C,1946.7,0,1.2777,0.0484,0.0185,0.041,0.936,333.945,318.008,2.8677,861.579,136.45,196.203,0.09045,0.2817,61.866,-0.1216,43.2885,1.0912,-4.8314,-0.1082,786.8397,37.509,0.19459,3,0,1,3,2,0,1,,0.9330543991632908,0,0,0,0,GOOD
O002_W0078,2,LOT_02_06,16,P_A,R_BASE,CVD,CMP_01,CH_A,1649.7,0,1.4426,0.0638,0.0,0.014,0.9093,326.671,304.913,2.8757,835.473,121.24,209.169,0.02596,0.3741,54.12,1.4644,42.4624,1.0479,-4.191,4.3047,811.7192,37.334,0.21733,1,1,0,0,4,0,2,,0.8859264059504466,0,0,0,1,D
O002_W0079,2,LOT_02_05,12,P_A,R_BASE,ETCH,PHOTO_01,CH_B,1890.2,0,1.619,0.0343,0.0163,0.0639,0.8704,322.981,317.563,3.1633,865.44,132.071,195.482,0.11012,0.4997,65.767,-0.1574,44.3691,1.6687,2.3647,-5.0849,776.6669,43.2045,0.07269,5,1,3,3,3,0,0,,0.8918955235781089,0,0,0,1,D
O002_W0080,2,LOT_02_08,2,P_B,R_BASE,PHOTO,CVD_01,CH_D,1756.9,0,1.2204,0.0534,0.0033,0.0443,0.9328,316.104,323.315,3.1353,851.187,115.224,213.159,0.09908,0.4256,70.196,-0.4598,42.1524,1.3624,1.6493,2.7684,796.251,33.8301,0.21067,2,1,0,4,2,2,0,,1.1516677274167768,0,0,0,0,GOOD
O002_W0081,2,LOT_02_05,21,P_A,R_FAST,ETCH,ETCH_01,CH_C,1965.4,1,1.5831,0.2198,0.02,0.0118,0.8665,318.405,321.741,3.4496,901.156,128.648,204.71,0.12464,0.5278,61.47,0.8209,43.1974,2.0547,-2.4621,-12.1371,762.0647,35.4082,0.26323,2,0,1,7,0,0,5,8.603400872613198,,1,0,0,0,A
O002_W0082,2,LOT_02_03,16,P_C,R_FAST,CVD,CVD_01,CH_D,1751.6,0,1.1651,0.0729,0.009,0.0,0.9478,323.106,318.194,3.0322,789.201,120.168,212.257,0.08985,0.4225,60.454,0.0745,41.9569,0.652,-0.7346,-9.7466,784.9783,37.3044,0.19363,4,0,0,1,1,0,1,,1.1868534806413684,0,0,0,0,GOOD
O002_W0083,2,LOT_02_07,24,P_A,R_REWORK,CMP,ETCH_01,CH_C,1977.9,1,1.6304,0.0489,0.1543,0.001,0.8925,329.976,323.395,3.0473,844.022,135.343,195.129,0.10254,0.4761,66.166,-0.331,45.5553,1.2028,-2.2416,2.4265,803.3606,36.7842,0.13492,4,1,4,1,0,0,1,9.711231510636685,,0,1,0,0,B
O002_W0084,2,LOT_02_07,3,P_A,R_BASE,CVD,CMP_01,CH_B,1829.1,0,1.5851,0.0553,0.0099,0.0375,0.8963,320.386,315.598,3.0798,858.574,135.021,207.972,0.08119,0.6456,60.312,-0.7686,42.0719,1.4464,-0.6794,9.8639,777.4307,42.0012,0.08187,1,1,0,2,5,3,1,,0.8600477785237173,0,0,0,1,D
O002_W0085,2,LOT_02_07,1,P_A,R_BASE,ETCH,ETCH_01,CH_D,1884.9,0,1.0725,0.0359,0.0208,0.0267,0.9557,307.273,316.502,3.0163,904.211,129.06,214.296,0.11772,0.5838,59.224,0.0832,40.12,1.5843,5.7384,-2.2948,793.9071,42.9881,0.20248,2,1,1,4,3,0,1,,0.8116092516892768,0,0,0,0,GOOD
O002_W0086,2,LOT_02_01,10,P_A,R_BASE,PHOTO,ETCH_02,CH_A,1756.2,0,1.1344,0.0327,0.0015,0.0051,0.9466,328.779,315.112,2.6027,827.899,127.412,192.912,0.05047,0.5859,55.424,-1.1315,42.5309,1.0288,4.6254,-3.7361,743.8159,34.234,0.14648,7,1,2,3,1,0,0,,1.0648620647977955,0,0,0,0,GOOD
O002_W0087,2,LOT_02_05,20,P_A,R_BASE,ETCH,CVD_01,CH_A,1812.4,1,1.8308,0.1712,0.1623,0.0,0.8905,317.94,315.031,3.4194,902.003,130.534,197.607,0.10937,0.5061,66.735,1.0302,46.1007,1.9663,8.8771,-7.8013,794.6922,40.78,0.19474,1,2,3,2,0,0,7,8.901181995496108,,1,1,0,0,A
O002_W0088,2,LOT_02_06,20,P_C,R_BASE,CVD,CVD_01,CH_A,1715.4,0,1.1289,0.0305,0.0423,0.0095,0.9568,319.344,318.858,3.1683,827.489,118.032,205.996,0.05953,0.4533,67.553,-1.6094,42.9377,1.2349,10.7495,3.6293,795.0465,36.9302,0.27822,6,0,1,3,2,0,0,,0.8002266976115125,0,0,0,0,GOOD
O002_W0089,2,LOT_02_07,16,P_A,R_BASE,CVD,ETCH_02,CH_B,1779.9,0,1.5377,0.0415,0.0273,0.0282,0.8965,327.06,307.868,3.0899,819.451,111.527,200.22,0.06846,0.4467,64.574,0.7181,42.1609,1.334,0.713,-2.7186,792.3492,46.2111,0.10691,4,0,0,2,2,0,0,,1.0832886812917697,0,0,0,1,D
O002_W0090,2,LOT_02_05,25,P_B,R_BASE,CVD,CVD_01,CH_A,1817.7,0,1.1841,0.0101,0.015,0.0058,0.9532,319.869,321.139,2.8623,885.109,139.654,194.98,0.07888,0.3554,60.906,-0.9765,43.6002,0.8692,-2.7952,5.3209,806.0039,38.1039,0.17377,2,2,1,2,0,0,0,,0.8613649431776413,0,0,0,0,GOOD
O002_W0091,2,LOT_02_03,20,P_B,R_BASE,ETCH,ETCH_02,CH_A,1899.3,0,1.0868,0.035,0.0188,0.0111,0.9489,320.646,324.359,3.1728,919.62,132.443,218.962,0.08491,0.5251,60.613,1.551,40.6771,1.1693,-5.8611,-3.8417,768.4973,30.3867,0.2543,4,0,0,2,1,0,1,,1.1244323920558421,0,0,0,0,GOOD
O002_W0092,2,LOT_02_06,23,P_A,R_REWORK,CMP,ETCH_02,CH_A,1890.8,0,1.4981,0.0358,0.0068,0.1332,0.9168,318.204,320.203,2.3613,859.629,128.203,213.148,0.10544,0.493,63.438,0.8511,40.1164,1.2182,8.4973,-1.6246,764.2647,38.106,0.19735,5,6,1,2,1,1,2,,0.9181727400867009,0,0,1,0,C
O002_W0093,2,LOT_02_03,22,P_C,R_BASE,CVD,ETCH_03,CH_A,1888.8,0,1.2633,0.0625,0.0303,0.0344,0.9458,326.153,317.109,3.495,846.15,126.088,193.167,0.05807,0.6897,68.753,-0.8034,42.1794,1.0821,-0.1267,7.856,772.9695,38.4853,0.16981,5,2,0,2,0,0,0,,1.0099151570009477,0,0,0,0,GOOD
O002_W0094,2,LOT_02_08,2,P_C,R_BASE,CVD,ETCH_02,CH_A,1812.1,0,1.1904,0.0345,0.0331,0.0106,0.9389,323.085,315.163,2.982,821.258,113.574,195.594,0.11999,0.4264,62.141,1.2136,42.3684,0.9685,3.1308,4.2056,790.6976,40.0605,0.27525,3,3,2,4,0,0,1,,1.0630275729944518,0,0,0,0,GOOD
O002_W0095,2,LOT_02_05,7,P_C,R_BASE,CMP,ETCH_01,CH_A,1883.4,0,1.1449,0.0305,0.0224,0.016,0.9318,324.906,316.795,3.4134,828.787,124.034,217.874,0.10065,0.4282,60.125,1.7224,43.8506,1.1547,-7.1681,-0.1855,750.0969,35.8306,0.19017,3,1,0,2,0,0,0,,1.0230840613072612,0,0,0,0,GOOD
O002_W0096,2,LOT_02_08,20,P_C,R_FAST,ETCH,CVD_01,CH_A,1992.3,0,1.3149,0.0454,0.0177,0.0402,0.9367,316.981,312.156,2.8868,876.136,116.007,227.731,0.0992,0.6175,57.51,0.5861,41.2287,1.1386,-3.311,2.9536,760.8674,38.9211,0.15879,5,1,1,1,1,2,2,,0.9738144256506964,0,0,0,0,GOOD
O002_W0097,2,LOT_02_05,7,P_C,R_BASE,CMP,PHOTO_01,CH_A,1794.3,0,1.1382,0.0498,0.0276,0.0065,0.9185,312.095,321.48,2.8817,864.194,130.431,213.456,0.0378,0.5736,60.811,0.7097,41.0857,1.0745,-0.917,1.6498,793.3528,37.7366,0.2672,3,0,3,2,2,0,0,,1.0544986800295197,0,0,0,0,GOOD
O002_W0098,2,LOT_02_07,23,P_B,R_BASE,CMP,CMP_01,CH_C,1657.1,0,1.1452,0.0214,0.0204,0.0,0.9506,327.411,320.801,3.1267,812.952,124.046,215.697,0.08762,0.4187,64.598,1.7281,42.8291,1.6975,3.384,3.0349,790.0573,41.2679,0.21373,3,0,0,0,1,0,1,,0.960534187928227,0,0,0,0,GOOD
O002_W0099,2,LOT_02_07,10,P_A,R_FAST,CMP,CVD_01,CH_B,1640.0,0,1.1563,0.0343,0.0165,0.0338,0.9278,324.225,307.799,3.0347,840.539,117.816,211.303,0.07226,0.3147,64.415,-0.0095,41.5362,1.2363,4.3347,-2.3163,789.3688,34.013,0.22217,5,2,0,1,1,0,0,,1.1040607131174485,0,0,0,0,GOOD
O002_W0100,2,LOT_02_01,20,P_B,R_BASE,CVD,ETCH_02,CH_B,1829.1,0,1.1207,0.0168,0.0328,0.0333,0.9641,326.752,326.67,2.9753,840.845,122.652,193.624,0.08777,0.2828,61.874,-1.0276,41.3677,1.3948,-2.7029,6.2303,748.5123,38.0031,0.0724,5,0,2,1,0,1,0,,0.902426611658246,0,0,0,0,GOOD
O002_W0101,2,LOT_02_05,9,P_A,R_BASE,CMP,CMP_01,CH_A,1787.8,1,1.4031,0.1429,0.0349,0.0104,0.9126,337.493,325.405,3.0795,894.686,124.048,208.401,0.08971,0.4956,61.435,1.7832,42.147,1.4514,3.8545,-2.5425,737.5545,37.2008,0.11812,7,1,1,8,4,0,6,9.842207755586193,,1,0,0,0,A
O002_W0102,2,LOT_02_07,24,P_A,R_BASE,CMP,CMP_01,CH_D,1615.2,0,1.5007,0.034,0.1412,0.0193,0.9075,314.995,328.258,2.7635,829.778,116.032,206.485,0.08476,0.4708,67.365,0.4894,41.0272,1.0372,12.6076,-9.0885,784.9671,38.8196,0.14709,8,2,4,5,3,2,2,,1.0753528224989672,0,1,0,0,B
O002_W0103,2,LOT_02_03,8,P_C,R_BASE,CVD,CMP_01,CH_C,1839.7,0,0.9788,0.0069,0.0165,0.0163,0.9661,318.584,320.582,2.6891,871.002,128.152,190.936,0.07749,0.2177,55.659,0.3734,43.7517,0.636,1.0571,-5.2815,761.5081,40.4243,0.22962,7,3,1,3,0,1,0,,1.0473119807666642,0,0,0,0,GOOD
O002_W0104,2,LOT_02_02,10,P_A,R_BASE,CMP,CMP_01,CH_A,1711.3,0,1.5014,0.0365,0.0136,0.0394,0.8808,312.404,306.216,3.2437,881.002,125.588,217.962,0.09989,0.3572,56.085,0.8077,42.8043,1.2095,-2.6941,4.6107,797.8287,44.2261,0.20319,3,2,2,2,3,0,0,,0.7596597580173838,0,0,0,1,D
O002_W0105,2,LOT_02_08,1,P_A,R_REWORK,PHOTO,CVD_01,CH_C,1949.1,0,1.182,0.0418,0.0036,0.0,0.9519,331.462,321.477,3.2125,890.724,130.65,198.748,0.06309,0.4272,63.431,0.4806,42.3998,1.0622,-1.2027,-5.1375,767.8306,40.4615,0.2182,7,1,2,0,1,2,0,,1.2044406770497171,0,0,0,0,GOOD
O002_W0106,2,LOT_02_05,1,P_A,R_BASE,PHOTO,CMP_01,CH_B,1797.5,0,1.1542,0.0675,0.0211,0.0211,0.935,317.584,312.391,3.247,846.497,138.807,195.213,0.06589,0.4659,60.671,-1.2346,41.9772,1.0999,-12.1359,-3.8492,842.0485,33.2491,0.15706,6,1,0,0,3,0,0,,0.9795235075602085,0,0,0,0,GOOD
O002_W0107,2,LOT_02_07,3,P_C,R_BASE,CVD,PHOTO_01,CH_D,1627.0,0,1.5009,0.063,0.14,0.0175,0.8975,326.756,315.621,2.4748,837.763,121.865,212.789,0.02636,0.3171,59.455,0.636,43.7006,0.99,1.5339,-6.4535,778.6144,36.1205,0.17735,5,1,1,3,1,1,0,,1.0022287928410514,0,1,0,0,B
O002_W0108,2,LOT_02_08,15,P_A,R_BASE,CMP,ETCH_01,CH_B,1748.1,0,1.7392,0.0321,0.168,0.1335,0.8891,323.429,317.661,3.0968,868.313,115.776,208.703,0.09252,0.2726,61.476,0.0692,42.7487,1.1305,6.0551,5.3202,785.7642,35.1752,0.25488,7,4,1,3,1,3,1,,0.9163439221466942,0,1,1,0,B
O002_W0109,2,LOT_02_03,3,P_A,R_REWORK,CVD,ETCH_02,CH_B,2032.8,0,1.1485,0.0191,0.016,0.0178,0.9473,320.197,311.557,3.2107,797.579,117.868,219.579,0.03389,0.5469,58.562,-0.9663,41.8163,1.5545,2.6248,5.1532,791.3972,36.7458,0.25051,5,0,0,1,2,0,1,,1.180640102023728,0,0,0,0,GOOD
O002_W0110,2,LOT_02_07,22,P_C,R_BASE,ETCH,ETCH_02,CH_B,1879.2,0,1.3593,0.0454,0.0082,0.0416,0.9227,315.176,320.884,2.8792,864.232,117.722,199.907,0.06146,0.5405,55.981,0.2447,43.4745,1.2267,7.989,-10.0202,786.1339,39.2115,0.19375,2,1,2,4,0,1,1,,0.7589613105664175,0,0,0,0,GOOD
O002_W0111,2,LOT_02_02,3,P_C,R_REWORK,CMP,ETCH_01,CH_D,1774.1,0,1.2508,0.0338,0.0179,0.0158,0.9118,323.349,318.658,2.9043,857.069,133.065,208.753,0.08986,0.5564,65.561,-0.3637,39.9273,1.2827,0.5807,0.9628,786.4396,38.0795,0.14305,6,2,1,2,1,0,0,,0.8982318163957627,0,0,0,0,GOOD
O002_W0112,2,LOT_02_05,18,P_C,R_FAST,CMP,CVD_01,CH_A,1733.0,0,1.2195,0.053,0.0316,0.0226,0.9464,321.46,324.486,2.4862,824.342,115.001,214.069,0.07684,0.3249,71.956,-0.8816,42.1443,0.9745,-0.0962,11.0084,777.9101,40.6886,0.13571,6,1,0,3,2,1,2,,0.9823411765268654,0,0,0,0,GOOD
O002_W0113,2,LOT_02_07,2,P_A,R_REWORK,CMP,ETCH_01,CH_B,1856.0,0,1.3005,0.0381,0.0235,0.0065,0.8924,324.148,323.222,2.9628,852.026,116.225,196.438,0.09991,0.3293,66.506,0.6268,41.2111,1.1976,0.5156,-5.4222,764.9147,44.1037,0.2353,5,1,0,3,6,0,0,,1.056759468040842,0,0,0,1,D
O002_W0114,2,LOT_02_08,14,P_A,R_BASE,ETCH,ETCH_01,CH_B,1971.9,0,1.2462,0.0765,0.0217,0.0161,0.9321,324.326,321.763,3.0748,838.783,128.847,224.508,0.07478,0.372,64.437,-0.304,43.9368,0.7516,-2.2792,1.4662,803.8185,39.4659,0.19872,0,1,1,2,1,1,1,,1.0010879063209117,0,0,0,0,GOOD
O002_W0115,2,LOT_02_03,4,P_C,R_FAST,CMP,CMP_01,CH_A,1820.7,0,1.1546,0.035,0.0096,0.0343,0.9401,326.861,324.147,3.1226,865.213,135.685,233.878,0.06524,0.1823,62.821,-0.4699,43.7139,1.5887,-6.8664,-6.2144,766.6947,38.8604,0.14206,3,1,1,2,3,0,0,,1.0986416634345513,0,0,0,0,GOOD
O002_W0116,2,LOT_02_07,14,P_C,R_BASE,CVD,ETCH_01,CH_C,1630.7,1,1.6868,0.2043,0.0,0.0334,0.8973,325.968,324.867,3.1447,887.947,130.409,210.815,0.09161,0.6267,68.783,1.3834,43.147,1.6765,-0.9455,1.7255,757.9739,40.5761,0.23566,7,1,1,5,2,0,5,11.02464798616371,,1,0,0,0,A
O002_W0117,2,LOT_02_07,3,P_C,R_FAST,CMP,ETCH_01,CH_C,1781.4,0,1.1418,0.0593,0.0206,0.0024,0.9123,316.387,315.967,3.1881,819.565,131.76,202.062,0.07253,0.1666,55.944,-0.1934,44.5041,1.0068,-3.808,-3.5279,783.8042,34.9441,0.21124,3,4,2,2,0,1,1,,0.9426941888609616,0,0,0,0,GOOD
O002_W0118,2,LOT_02_07,15,P_B,R_BASE,CMP,ETCH_02,CH_A,1730.0,0,1.2647,0.0224,0.0145,0.0346,0.9321,319.167,317.836,3.7588,780.984,131.952,200.287,0.10666,0.3432,64.495,-0.1092,44.7293,1.3616,0.8674,3.3452,796.0447,40.9254,0.18914,4,0,0,4,0,0,1,,0.9234736644206806,0,0,0,0,GOOD
O002_W0119,2,LOT_02_07,17,P_B,R_REWORK,CVD,PHOTO_01,CH_B,2179.6,1,1.6155,0.1648,0.0558,0.044,0.8836,322.672,313.621,3.378,904.828,124.886,200.106,0.13329,0.5757,72.605,2.1167,43.641,1.752,-10.2856,6.7505,787.9092,40.9758,0.15149,4,0,2,8,1,1,6,7.515533093001185,,1,0,0,0,A
O002_W0120,2,LOT_02_08,2,P_A,R_BASE,ETCH,ETCH_03,CH_C,2039.4,1,1.5885,0.1734,0.0078,0.0,0.9058,325.011,317.556,3.7529,872.273,126.44,207.908,0.09174,0.5961,62.955,3.4756,45.3395,1.5002,3.8603,-2.6813,789.5408,34.5797,0.22387,2,0,1,6,3,1,5,12.037434352401235,,1,0,0,0,A
O002_W0121,2,LOT_02_01,3,P_A,R_BASE,PHOTO,CVD_01,CH_D,1886.7,1,1.5378,0.176,0.0464,0.0181,0.8986,318.084,320.726,3.5429,891.036,118.984,215.262,0.07597,0.5534,72.572,1.0487,42.4016,1.5941,4.1172,3.3496,797.5723,34.7101,0.20411,1,4,1,7,0,0,5,9.342053124084812,,1,0,0,0,A
O002_W0122,2,LOT_02_01,7,P_A,R_BASE,CMP,ETCH_01,CH_A,1766.9,0,1.178,0.026,0.0299,0.0221,0.9182,327.581,329.757,3.0497,808.064,119.628,212.194,0.09378,0.3173,56.356,1.0374,41.8424,1.2785,-5.8816,-9.5959,766.0366,38.4963,0.19095,3,3,2,4,0,0,0,,1.1587950068547583,0,0,0,0,GOOD
O002_W0123,2,LOT_02_08,3,P_A,R_BASE,CVD,ETCH_01,CH_A,1890.0,0,1.1649,0.0495,0.0227,0.0038,0.9422,318.663,314.44,2.8083,858.413,145.376,200.547,0.08085,0.4021,70.473,-1.5032,43.3992,0.816,-2.4381,-1.8692,768.2486,39.0166,0.27244,2,2,0,2,0,0,0,,1.283030371846221,0,0,0,0,GOOD
O002_W0124,2,LOT_02_03,6,P_A,R_FAST,CMP,CVD_01,CH_A,1871.0,0,1.4476,0.047,0.0233,0.1153,0.8985,321.0,307.764,3.3479,882.935,128.181,205.812,0.06557,0.3815,62.429,0.0016,41.7908,1.1139,2.5197,-1.6666,786.8169,38.385,0.20143,5,5,0,0,3,1,0,,1.2555532852859739,0,0,1,0,C
O002_W0125,2,LOT_02_05,4,P_A,R_BASE,ETCH,ETCH_01,CH_A,1833.1,0,1.287,0.0485,0.0002,0.1455,0.9328,319.632,326.845,3.3216,849.639,130.156,194.91,0.08568,0.5308,56.551,-0.4567,42.3392,1.008,-2.2848,7.0344,791.0961,39.7763,0.20991,5,2,0,2,0,1,0,,0.8380368222913235,0,0,1,0,C
O002_W0126,2,LOT_02_01,7,P_A,R_FAST,ETCH,PHOTO_01,CH_D,2229.9,0,1.3337,0.0217,0.0044,0.1166,0.9296,319.109,312.582,3.1549,844.266,123.765,206.792,0.05104,0.4589,62.166,-0.0635,40.0836,1.1715,1.8069,0.4291,791.7478,35.5117,0.21788,7,4,1,0,1,0,0,,1.175263123310462,0,0,1,0,C
O002_W0127,2,LOT_02_01,4,P_B,R_BASE,ETCH,ETCH_01,CH_A,1950.2,0,1.287,0.0431,0.034,0.0498,0.9205,325.46,311.625,3.4426,852.019,132.574,223.16,0.11455,0.4494,58.385,-0.4877,40.9869,0.9336,-5.9738,7.8988,788.1606,29.7177,0.16698,8,1,1,3,2,1,0,,1.1602675552724695,0,0,0,0,GOOD
O002_W0128,2,LOT_02_04,1,P_A,R_BASE,ETCH,ETCH_01,CH_A,1970.1,0,1.379,0.0455,0.042,0.0224,0.9365,324.433,313.895,2.949,803.484,125.424,207.931,0.08382,0.3251,68.366,-0.702,41.9177,1.5524,0.391,-2.8256,766.4756,37.4072,0.17139,2,1,2,3,0,0,1,,1.0532305213776052,0,0,0,0,GOOD
O002_W0129,2,LOT_02_07,10,P_B,R_BASE,ETCH,PHOTO_01,CH_D,2019.5,1,1.5386,0.1546,0.0534,0.0269,0.8963,320.565,321.068,3.9151,934.602,136.247,193.778,0.1257,0.6757,66.22,-0.0787,45.1326,1.1135,3.0599,4.9663,752.247,40.8295,0.23505,7,1,0,13,3,0,4,9.204978443478055,,1,0,0,0,A
O002_W0130,2,LOT_02_03,22,P_B,R_FAST,CMP,ETCH_02,CH_D,1732.0,0,1.5704,0.0381,0.1396,0.1373,0.8861,326.571,317.959,2.6999,939.605,127.327,206.335,0.10142,0.333,59.36,1.5297,39.7411,1.1591,10.9417,-5.343,798.706,38.1366,0.20826,4,5,4,0,1,1,0,,1.0470317205753028,0,1,1,0,B
O002_W0131,2,LOT_02_04,16,P_A,R_BASE,CMP,ETCH_02,CH_B,1914.2,0,1.1935,0.0,0.0591,0.0173,0.9418,312.9,310.225,3.3036,879.405,134.77,211.028,0.00791,0.2787,64.862,-0.9933,44.2316,1.1622,-3.9195,-2.3376,802.83,43.5557,0.21369,8,0,1,1,1,1,0,,0.876962873786164,0,0,0,0,GOOD
O002_W0132,2,LOT_02_03,21,P_B,R_BASE,ETCH,ETCH_02,CH_B,2078.2,0,1.3973,0.0303,0.1287,0.0471,0.9214,329.426,323.393,3.1956,847.731,123.333,206.709,0.06534,0.6155,64.981,-0.0192,42.4737,1.6169,-0.7913,-0.4732,775.1262,43.7353,0.08917,6,1,3,2,2,0,1,,0.9402543800916724,0,1,0,0,B
O002_W0133,2,LOT_02_04,9,P_C,R_BASE,CVD,ETCH_01,CH_C,1910.9,0,1.2838,0.0295,0.0181,0.1116,0.9375,324.728,318.253,3.1843,811.935,102.612,219.737,0.10586,0.3571,55.204,0.289,41.7323,1.3585,-1.1645,6.628,771.0754,36.1146,0.21794,5,3,0,3,1,0,0,,1.0164907996872536,0,0,1,0,C
O002_W0134,2,LOT_02_02,11,P_A,R_FAST,CVD,ETCH_03,CH_C,1966.3,0,1.4653,0.0414,0.1534,0.0138,0.8985,318.321,326.497,3.2948,825.54,132.787,204.211,0.06238,0.4348,68.424,0.2259,43.3053,1.5473,10.4138,-11.0901,769.3849,42.5524,0.3102,2,1,4,2,1,2,2,,0.9644847918464131,0,1,0,0,B
O002_W0135,2,LOT_02_03,14,P_A,R_BASE,ETCH,CMP_01,CH_A,1905.7,0,1.1052,0.0547,0.0306,0.011,0.9259,325.301,322.557,2.9129,904.841,112.416,213.755,0.08372,0.4018,65.287,0.6355,41.7018,1.5015,2.6815,-7.3676,769.178,35.4498,0.19897,1,0,2,2,1,2,1,,0.8030619809584064,0,0,0,0,GOOD
O002_W0136,2,LOT_02_03,14,P_A,R_FAST,ETCH,ETCH_02,CH_C,1940.5,0,1.6131,0.0341,0.0371,0.1094,0.895,319.812,319.543,3.4888,898.503,118.3,216.237,0.11309,0.2813,65.309,0.5267,42.2177,1.328,2.0593,8.2638,798.2703,46.7853,0.27068,9,7,0,3,5,1,0,,1.0820204946241885,0,0,1,1,C
O002_W0137,2,LOT_02_07,11,P_A,R_BASE,ETCH,ETCH_02,CH_B,2129.0,0,1.569,0.0448,0.1415,0.0265,0.9093,322.088,313.109,2.7404,833.792,125.036,212.699,0.11434,0.459,54.398,0.8083,40.3045,1.1057,4.2454,-2.0666,799.004,38.9223,0.19061,5,1,8,1,4,2,1,,0.7704725273948831,0,1,0,0,B
O002_W0138,2,LOT_02_01,8,P_B,R_BASE,ETCH,ETCH_03,CH_A,2171.3,0,1.0768,0.0183,0.0121,0.0248,0.9578,323.868,310.699,3.0531,924.059,127.498,212.211,0.11598,0.3685,59.831,0.0678,42.5631,0.9697,-10.5953,6.0005,782.2481,38.6065,0.1154,5,1,0,2,1,0,0,,0.7604944191972554,0,0,0,0,GOOD
O002_W0139,2,LOT_02_01,23,P_B,R_BASE,ETCH,ETCH_01,CH_A,1940.9,0,1.4407,0.019,0.15,0.0303,0.9138,328.292,311.898,3.1538,846.939,120.56,210.023,0.04319,0.4042,67.478,0.5774,42.3677,1.4303,3.0828,-7.7676,795.7515,41.8359,0.27758,3,0,4,1,1,2,1,,1.0359339712194504,0,1,0,0,B
O002_W0140,2,LOT_02_03,10,P_A,R_FAST,ETCH,CMP_01,CH_C,1821.7,0,1.17,0.0362,0.0294,0.0189,0.9424,322.21,314.957,2.9573,853.014,139.195,195.893,0.05821,0.562,52.196,-1.2922,45.6401,0.9445,-2.2262,-2.5943,812.6385,34.8323,0.32319,2,0,2,3,1,1,0,,1.0800650545108657,0,0,0,0,GOOD
O002_W0141,2,LOT_02_01,15,P_C,R_BASE,ETCH,PHOTO_01,CH_A,1902.0,0,1.1603,0.0492,0.0319,0.0451,0.945,323.397,325.102,2.9283,849.509,130.482,210.313,0.10951,0.4394,64.128,0.9673,43.0132,1.1649,-4.0832,-1.6116,783.8711,36.1733,0.17904,1,0,1,4,2,1,1,,0.8672244380122919,0,0,0,0,GOOD
O002_W0142,2,LOT_02_08,1,P_B,R_FAST,CVD,PHOTO_01,CH_D,1677.1,0,1.2243,0.0255,0.0254,0.0305,0.9451,326.324,310.21,2.4866,852.61,128.14,208.631,0.0625,0.1525,57.599,0.7044,41.8992,1.3049,-4.591,-7.2686,805.2847,34.1881,0.19539,5,2,0,1,0,0,0,,1.238056140776158,0,0,0,0,GOOD
O002_W0143,2,LOT_02_01,20,P_A,R_BASE,ETCH,CVD_01,CH_A,2019.0,0,1.1793,0.0341,0.0,0.0239,0.9431,319.177,319.432,3.4578,873.478,125.523,207.304,0.1035,0.327,59.132,-0.3698,41.6558,1.2374,-3.7799,1.2045,793.1362,42.7088,0.17611,6,0,1,1,1,2,1,,0.7870473410854512,0,0,0,0,GOOD
O002_W0144,2,LOT_02_08,16,P_C,R_BASE,CMP,CMP_01,CH_A,1659.7,0,1.1415,0.0249,0.0351,0.024,0.9574,318.222,324.414,2.47,804.211,123.917,203.124,0.12236,0.2976,62.845,0.8508,40.8131,1.1778,-10.7819,-1.8256,758.711,40.4411,0.21789,4,1,2,1,0,0,1,,1.0338391320310052,0,0,0,0,GOOD
O002_W0145,2,LOT_02_08,17,P_B,R_BASE,ETCH,ETCH_02,CH_C,2040.9,0,1.3999,0.0352,0.045,0.1238,0.9212,311.991,320.354,2.5784,921.596,121.451,212.692,0.04938,0.4641,58.375,0.6843,42.1264,1.6639,-4.3646,-2.3728,792.6245,35.6501,0.13488,6,2,2,2,1,1,1,,1.1934403494144246,0,0,1,0,C
O002_W0146,2,LOT_02_04,24,P_B,R_BASE,CMP,ETCH_03,CH_C,2028.3,0,1.3779,0.0357,0.0462,0.0405,0.9268,324.928,321.737,3.1908,827.334,128.497,210.283,0.08925,0.5245,61.874,0.0982,42.6087,1.0586,4.1799,-1.9098,789.2239,34.8914,0.16614,3,1,2,3,1,0,1,,0.840786750594876,0,0,0,0,GOOD
O002_W0147,2,LOT_02_02,13,P_B,R_BASE,ETCH,ETCH_02,CH_A,2022.9,0,1.1516,0.0153,0.0283,0.0351,0.9433,323.031,306.984,3.2755,895.271,145.848,208.251,0.10915,0.4534,57.421,0.2145,42.0654,1.3254,-2.9679,4.3992,786.2045,36.4288,0.19465,4,0,2,0,1,0,2,,1.0105936759054377,0,0,0,0,GOOD
O002_W0148,2,LOT_02_06,8,P_A,R_FAST,CMP,ETCH_01,CH_D,1721.8,0,1.1944,0.0585,0.0282,0.0149,0.9367,316.869,316.855,3.0783,842.062,131.827,212.36,0.10001,0.3706,54.046,1.0861,42.4039,0.9453,-4.1466,-1.9069,783.0435,38.1659,0.181,4,0,1,2,2,0,1,,0.9991254733287903,0,0,0,0,GOOD
O002_W0149,2,LOT_02_08,10,P_B,R_FAST,CVD,CMP_01,CH_B,1850.8,0,1.3572,0.0137,0.0297,0.1284,0.9272,322.395,321.226,3.2321,854.836,116.828,209.672,0.09223,0.6528,59.287,0.0509,43.2256,1.4911,-11.5226,-5.5882,800.0429,40.4648,0.26944,9,4,2,2,1,3,1,,0.8857350533261745,0,0,1,0,C
O002_W0150,2,LOT_02_01,20,P_B,R_FAST,ETCH,CVD_01,CH_B,1948.2,0,0.9281,0.018,0.0109,0.0,0.9574,315.571,318.963,2.6793,775.641,137.543,202.881,0.08879,0.4702,61.986,1.1884,43.3905,1.4266,8.521,4.0015,763.5579,32.5026,0.27168,4,0,1,1,2,0,0,,0.8884095294357978,0,0,0,0,GOOD
O002_W0151,2,LOT_02_07,18,P_C,R_BASE,CVD,CMP_01,CH_B,1655.9,0,1.2807,0.0453,0.0207,0.0139,0.9264,323.25,326.009,3.0011,826.882,123.835,188.171,0.07762,0.4066,62.631,-0.2953,41.1063,1.1362,-5.9732,0.9001,784.9777,34.5559,0.19163,3,0,0,2,2,0,0,,0.7861071372014523,0,0,0,0,GOOD
O002_W0152,2,LOT_02_07,10,P_B,R_FAST,CMP,ETCH_02,CH_B,1930.9,1,1.828,0.1915,0.0205,0.1308,0.8642,317.718,316.997,3.1079,863.928,117.668,210.057,0.08741,0.6961,63.567,2.3731,42.2857,1.8199,-2.2656,-0.8557,742.9799,40.6389,0.20114,4,8,0,7,0,2,6,8.746940194501757,,1,0,1,0,A
O002_W0153,2,LOT_02_04,15,P_A,R_BASE,CVD,CVD_01,CH_C,1873.2,1,1.5172,0.1406,0.0471,0.0223,0.9134,317.427,312.543,3.3833,840.791,120.222,214.56,0.11481,0.6712,66.053,2.7569,43.9605,1.8706,1.4534,5.3101,764.218,39.1819,0.2029,1,0,1,6,0,0,3,9.709494172038589,,1,0,0,0,A
O002_W0154,2,LOT_02_01,11,P_B,R_BASE,CVD,PHOTO_01,CH_B,1953.7,0,1.1426,0.0478,0.0246,0.0221,0.9352,331.457,324.669,2.8473,851.469,126.265,218.169,0.08761,0.4208,58.902,0.3646,43.2708,1.4003,-0.3865,-22.9341,771.834,38.2424,0.11678,2,2,0,1,0,0,0,,1.2726745345802586,0,0,0,0,GOOD
O002_W0155,2,LOT_02_01,5,P_A,R_REWORK,CVD,ETCH_02,CH_B,1993.9,0,1.337,0.0648,0.0277,0.0243,0.9504,326.981,321.136,3.1731,840.033,123.659,211.383,0.05744,0.4085,62.217,0.7477,41.3969,1.2421,3.7395,3.848,789.4414,39.9257,0.17847,6,1,1,4,0,2,1,,1.1693035232147775,0,0,0,0,GOOD
O002_W0156,2,LOT_02_03,25,P_B,R_BASE,ETCH,ETCH_03,CH_C,2039.4,1,1.6118,0.1903,0.0154,0.0368,0.8856,317.682,325.19,3.6228,903.958,127.782,210.861,0.09139,0.6715,73.335,3.7308,44.0816,1.9018,1.0962,3.7277,775.2642,36.0783,0.10404,3,1,2,7,0,1,2,8.697600698777062,,1,0,0,0,A
O002_W0157,2,LOT_02_04,4,P_C,R_BASE,CMP,CMP_01,CH_D,1877.4,0,1.1936,0.0284,0.055,0.0123,0.9628,321.3,314.508,2.5831,895.493,115.589,203.0,0.04299,0.4119,65.561,-0.9823,42.4722,1.0702,-5.5596,7.0051,778.8848,38.3316,0.12305,2,0,0,2,1,0,1,,1.1023511431095705,0,0,0,0,GOOD
O002_W0158,2,LOT_02_02,12,P_B,R_BASE,PHOTO,CMP_01,CH_D,1797.5,0,1.466,0.0328,0.1291,0.0124,0.9351,328.45,317.566,3.1485,844.754,122.245,193.359,0.08508,0.3058,53.554,0.6652,39.322,1.1189,17.6469,-1.3979,793.3423,35.0992,0.21457,2,1,3,2,0,3,2,,1.0976385575860388,0,1,0,0,B
O002_W0159,2,LOT_02_06,8,P_B,R_FAST,CVD,CVD_01,CH_D,1939.7,0,1.2388,0.038,0.0141,0.0146,0.9542,327.222,321.392,2.6618,843.778,125.552,213.659,0.04461,0.5846,59.853,1.2909,39.5441,1.1537,-0.1266,-5.8418,767.8634,37.1291,0.19556,2,1,0,3,1,1,2,,1.0048318121949151,0,0,0,0,GOOD
O002_W0160,2,LOT_02_07,6,P_C,R_BASE,CVD,CVD_01,CH_B,1732.0,0,1.4758,0.0154,0.0101,0.0244,0.9229,318.952,323.604,3.3453,862.625,136.767,202.809,0.0578,0.4679,64.186,0.5077,41.4743,1.3668,-3.0542,-11.199,800.65,40.7074,0.06031,2,0,3,3,4,0,0,,1.1435799910707072,0,0,0,1,D
O002_W0161,2,LOT_02_05,25,P_A,R_BASE,CVD,CMP_01,CH_D,1788.6,0,1.3549,0.0147,0.0303,0.1246,0.9191,322.886,321.724,2.6397,876.317,129.879,206.544,0.1048,0.3345,61.787,-0.4486,45.8459,1.4337,5.7442,1.6494,762.7174,32.2322,0.28198,5,6,1,3,0,1,0,,1.0442417995331132,0,0,1,0,C
O002_W0162,2,LOT_02_03,22,P_B,R_BASE,CVD,CVD_01,CH_A,1844.2,0,1.1549,0.0182,0.0251,0.007,0.9594,328.301,317.059,3.0817,864.221,113.48,192.203,0.09652,0.2862,65.724,0.2962,41.1639,1.3353,-1.9281,5.7276,785.7798,37.9047,0.20115,2,2,1,2,3,0,1,,1.1983366408513518,0,0,0,0,GOOD
O002_W0163,2,LOT_02_08,15,P_B,R_REWORK,ETCH,CMP_01,CH_C,2022.2,0,1.7553,0.0346,0.1539,0.0181,0.8507,318.23,316.419,2.9845,874.503,145.524,225.149,0.01919,0.4207,65.772,-0.5141,37.7471,1.4511,11.257,-10.4979,783.3971,42.2818,0.18818,8,2,4,0,8,2,1,,1.0074860119046172,0,1,0,1,B
O002_W0164,2,LOT_02_08,24,P_B,R_BASE,CVD,ETCH_01,CH_A,1813.3,1,1.7128,0.1564,0.0299,0.0253,0.8508,326.598,320.299,3.2328,870.514,130.964,220.385,0.06157,0.485,60.356,0.5862,42.352,1.3951,-6.5972,8.8501,793.2902,42.2972,0.18224,2,0,1,8,6,0,4,9.56303549933162,,1,0,0,1,A
O002_W0165,2,LOT_02_01,16,P_A,R_BASE,ETCH,ETCH_01,CH_A,1996.1,0,1.0844,0.0187,0.0414,0.0179,0.9383,318.104,311.44,3.1582,854.735,113.609,207.614,0.04125,0.3386,64.762,0.4124,37.7974,1.0483,-1.4051,0.0036,769.2388,37.9089,0.15244,2,2,1,2,0,0,0,,1.2550813131495788,0,0,0,0,GOOD
O002_W0166,2,LOT_02_02,6,P_C,R_BASE,PHOTO,PHOTO_01,CH_B,1919.0,0,1.1546,0.0254,0.0538,0.0228,0.9184,323.443,318.977,3.3847,843.494,121.001,204.049,0.10741,0.3835,64.395,0.0031,42.9425,1.4894,-4.6071,-2.2526,784.859,37.6951,0.18295,5,2,0,6,2,0,2,,1.035855398484997,0,0,0,0,GOOD
O002_W0167,2,LOT_02_05,10,P_A,R_BASE,ETCH,PHOTO_01,CH_B,2005.0,0,1.43,0.0418,0.13,0.0274,0.9186,322.347,315.867,3.0627,836.493,118.688,205.914,0.12752,0.5476,75.184,-0.8189,40.8786,1.0561,8.721,-3.4217,752.7889,34.046,0.20932,4,1,7,2,1,1,0,,0.8360950353171092,0,1,0,0,B
O002_W0168,2,LOT_02_07,10,P_A,R_BASE,PHOTO,ETCH_01,CH_B,2021.1,0,1.0746,0.0274,0.0331,0.0469,0.9376,320.547,315.34,2.8369,813.093,140.312,207.597,0.08481,0.3627,61.712,-0.0913,42.4142,1.2362,4.6146,-0.3211,762.2476,36.5112,0.14636,2,0,2,2,1,2,1,,1.0490777373614624,0,0,0,0,GOOD
O002_W0169,2,LOT_02_01,7,P_B,R_FAST,CVD,ETCH_01,CH_A,1915.9,0,1.0021,0.0074,0.0124,0.0,0.9549,324.437,315.135,2.9181,831.886,133.124,220.494,0.01715,0.4893,54.21,-0.0256,44.4115,0.9494,-3.6329,-2.4263,783.3565,37.869,0.15362,5,2,0,3,3,0,2,,1.061961462832299,0,0,0,0,GOOD
O002_W0170,2,LOT_02_02,19,P_C,R_FAST,CVD,ETCH_03,CH_A,2015.0,1,2.0431,0.1761,0.0428,0.0213,0.8433,323.427,318.591,3.7998,927.036,124.404,203.598,0.1023,0.4645,62.932,1.4735,45.8437,1.5545,0.263,-3.0996,824.4433,47.5886,0.19653,3,3,0,8,0,1,5,9.960109440418623,,1,0,0,1,A
O002_W0171,2,LOT_02_01,11,P_A,R_BASE,ETCH,CMP_01,CH_C,2025.4,1,1.5037,0.1786,0.0252,0.0197,0.9033,322.326,312.433,3.476,903.599,136.068,212.518,0.11183,0.4984,64.315,0.0836,42.049,1.6043,2.531,4.5008,778.1006,39.3088,0.17123,3,1,0,9,0,0,8,10.714032842416424,,1,0,0,0,A
O002_W0172,2,LOT_02_05,21,P_A,R_BASE,PHOTO,PHOTO_01,CH_D,1702.4,0,1.1613,0.019,0.0409,0.0323,0.9356,319.376,319.42,2.7689,902.708,129.169,192.613,0.09066,0.3268,67.282,-1.3007,42.0218,1.4582,-1.6389,6.4768,785.3527,34.8406,0.1681,3,0,2,2,3,2,0,,1.0046541645092562,0,0,0,0,GOOD
O002_W0173,2,LOT_02_03,2,P_A,R_BASE,ETCH,ETCH_03,CH_B,2145.1,0,1.3666,0.0555,0.0173,0.1254,0.933,319.145,318.21,3.2489,888.794,116.901,205.878,0.10726,0.4523,59.603,0.3994,41.0557,1.5377,4.3549,-4.4125,768.3975,38.509,0.2955,8,4,0,2,0,0,0,,0.951982396488782,0,0,1,0,C
O002_W0174,2,LOT_02_08,20,P_A,R_BASE,PHOTO,ETCH_02,CH_A,1893.2,0,1.3162,0.0049,0.072,0.0884,0.9473,330.078,315.383,2.5948,803.931,132.299,229.624,0.09305,0.3852,52.006,1.7178,44.4067,1.4202,-11.0836,-12.5017,775.6162,35.5657,0.32821,7,7,0,1,0,0,1,,0.9791420610693319,0,0,1,0,C
O002_W0175,2,LOT_02_07,8,P_B,R_BASE,CVD,ETCH_01,CH_C,1740.2,0,1.3977,0.0,0.0144,0.019,0.9245,319.759,311.454,3.0861,832.328,143.175,207.768,0.11122,0.5497,68.664,0.9891,44.8706,1.2521,-2.8936,3.9311,797.5964,44.4281,0.16736,8,0,0,1,5,0,2,,1.1301352043317907,0,0,0,1,D
O002_W0176,2,LOT_02_07,13,P_A,R_BASE,CVD,CMP_01,CH_D,1649.8,0,1.1697,0.0365,0.0315,0.0416,0.9526,312.371,312.006,3.0832,874.113,134.143,217.009,0.07555,0.4344,58.106,-0.5426,39.3406,1.1974,3.5115,2.7385,769.4547,39.8973,0.22261,9,2,2,1,0,1,0,,0.9389883169543738,0,0,0,0,GOOD
O002_W0177,2,LOT_02_06,5,P_A,R_FAST,ETCH,CMP_01,CH_C,2018.8,1,1.7303,0.1654,0.0017,0.1397,0.8884,320.856,318.275,3.2638,939.19,123.848,199.971,0.10272,0.5122,64.042,3.2109,45.4626,1.667,-0.3032,2.0933,783.909,36.8028,0.16038,6,5,2,4,3,0,4,8.199595943977533,,1,0,1,0,A
O002_W0178,2,LOT_02_02,4,P_B,R_BASE,CVD,ETCH_02,CH_A,1919.8,0,1.5871,0.049,0.1397,0.0198,0.9077,328.474,325.435,3.3443,861.771,117.991,224.377,0.07269,0.4253,65.783,-0.5896,42.9029,0.9055,1.3991,-3.9006,755.4145,36.1331,0.1651,0,0,4,1,1,2,0,,1.1993541746319747,0,1,0,0,B
O002_W0179,2,LOT_02_02,14,P_B,R_BASE,ETCH,ETCH_02,CH_B,1981.0,0,1.8295,0.0696,0.0174,0.1285,0.8745,309.519,321.518,3.5734,855.153,132.688,206.44,0.06899,0.308,61.549,-0.4909,44.2989,1.3474,7.1105,-6.9597,794.4206,39.9887,0.21525,5,4,2,1,7,1,1,,0.8832519093585659,0,0,1,1,C
O002_W0180,2,LOT_02_04,13,P_B,R_FAST,CMP,ETCH_03,CH_A,1932.3,1,2.109,0.2104,0.0337,0.0327,0.8372,328.638,322.213,4.0145,845.35,108.313,186.51,0.11167,0.6705,69.07,1.1546,44.9356,1.4148,-5.4672,2.9629,800.9188,42.072,0.2096,4,1,3,7,4,1,5,10.548441294181092,,1,0,0,1,A
O002_W0181,2,LOT_02_07,16,P_B,R_BASE,CVD,ETCH_01,CH_B,1917.3,0,1.3946,0.0358,0.1417,0.015,0.9304,318.976,324.243,2.7015,859.725,137.09,204.164,0.03794,0.4343,67.246,0.6159,41.9175,1.3236,4.6412,-15.3942,747.755,40.404,0.1378,4,1,7,2,1,1,1,,1.3310064024146406,0,1,0,0,B
O002_W0182,2,LOT_02_07,25,P_A,R_BASE,CMP,ETCH_01,CH_A,1915.5,1,1.5223,0.1616,0.033,0.0372,0.8982,331.125,318.436,3.724,934.002,122.88,207.644,0.07863,0.6116,66.113,1.983,43.6607,1.9119,-5.4026,-0.8457,795.4642,34.8179,0.25736,6,1,0,7,2,1,4,9.610491722205088,,1,0,0,0,A
O002_W0183,2,LOT_02_07,20,P_B,R_BASE,CVD,ETCH_03,CH_A,1813.0,0,1.1983,0.0186,0.027,0.0284,0.9395,318.345,322.429,3.6291,886.977,124.621,212.825,0.05894,0.6019,53.289,0.259,43.0757,1.2325,-2.3284,0.5037,806.9121,40.6953,0.19379,2,3,0,2,2,0,4,,1.2415263078113667,0,0,0,0,GOOD
O002_W0184,2,LOT_02_01,19,P_B,R_BASE,ETCH,CVD_01,CH_B,1910.8,0,1.1272,0.0327,0.0319,0.0166,0.9373,308.683,308.798,3.2281,872.925,139.01,206.884,0.08422,0.4406,58.226,-0.1462,40.3543,1.2319,-5.1672,0.8061,795.1954,43.6473,0.22585,7,1,0,2,1,0,0,,0.8010604245641556,0,0,0,0,GOOD
O002_W0185,2,LOT_02_04,10,P_A,R_REWORK,ETCH,ETCH_03,CH_A,2142.0,0,1.4174,0.04,0.0246,0.0511,0.9577,318.373,318.864,2.8109,901.694,139.998,193.882,0.08406,0.4365,67.745,-0.2371,38.8065,1.4762,-7.5898,-4.1093,801.9223,36.412,0.15236,3,0,1,4,2,0,1,,0.829748031637755,0,0,0,0,GOOD
O002_W0186,2,LOT_02_04,8,P_B,R_REWORK,PHOTO,ETCH_01,CH_C,2067.8,0,1.4417,0.0493,0.156,0.0489,0.8995,318.041,316.435,3.0677,853.356,118.937,207.424,0.06536,0.413,59.09,1.3207,40.9411,0.9295,5.185,2.0592,801.7045,37.3982,0.17938,4,0,3,5,1,3,0,,0.7364722063192097,0,1,0,0,B
O002_W0187,2,LOT_02_06,22,P_B,R_BASE,ETCH,ETCH_01,CH_A,1839.6,0,1.4289,0.0596,0.0354,0.1273,0.9226,317.37,308.181,2.5654,897.985,126.932,214.739,0.05347,0.3794,51.943,0.2503,40.3691,1.448,7.4359,6.6463,770.0705,40.818,0.27627,10,5,1,5,1,0,0,,1.0591734666551016,0,0,1,0,C
O002_W0188,2,LOT_02_07,12,P_B,R_BASE,CMP,CVD_01,CH_A,1669.8,0,1.0922,0.0433,0.015,0.0029,0.9537,318.83,320.292,3.0131,837.275,122.04,229.451,0.06448,0.3983,65.017,0.9144,43.6009,0.8064,4.6882,3.695,769.2575,37.1027,0.18565,3,0,1,4,0,0,1,,0.896538445003772,0,0,0,0,GOOD
O002_W0189,2,LOT_02_01,6,P_C,R_BASE,PHOTO,ETCH_02,CH_A,1932.9,0,1.0898,0.0147,0.0202,0.0023,0.9285,325.692,317.72,2.9642,864.185,129.324,216.059,0.03355,0.5976,64.192,-0.7921,39.757,1.2634,1.6232,-7.8314,763.8826,38.3769,0.22845,1,1,1,2,3,0,0,,0.9235593646349787,0,0,0,0,GOOD
O002_W0190,2,LOT_02_02,17,P_A,R_BASE,CMP,ETCH_01,CH_A,1706.5,0,1.5361,0.0008,0.0328,0.1066,0.8995,324.088,314.366,2.7393,837.388,139.215,207.841,0.10206,0.3097,65.315,0.0754,44.5572,0.633,-5.0259,-10.5981,818.2703,40.419,0.19252,5,5,1,3,4,0,2,,0.9566966448494795,0,0,1,1,C
O002_W0191,2,LOT_02_03,24,P_A,R_BASE,CVD,ETCH_02,CH_D,1872.7,0,1.2267,0.0546,0.0382,0.0,0.9438,326.662,321.835,2.5127,865.264,124.148,201.92,0.08238,0.3982,55.148,-0.6583,40.8676,0.9306,6.2372,1.1806,813.128,35.0214,0.21678,5,0,1,2,0,0,1,,1.0238918209890895,0,0,0,0,GOOD
O002_W0192,2,LOT_02_07,8,P_B,R_REWORK,PHOTO,CVD_01,CH_D,2021.4,0,1.5895,0.0511,0.1496,0.0066,0.9031,325.43,314.105,2.6759,864.401,123.398,209.324,0.06099,0.4479,61.481,-0.3302,43.4033,0.8023,2.4755,-14.9751,790.7533,38.55,0.18323,1,0,5,2,2,6,0,,1.3792959639754008,0,1,0,0,B
O002_W0193,2,LOT_02_03,11,P_C,R_BASE,ETCH,CVD_01,CH_C,2029.2,1,1.5611,0.1656,0.0451,0.0301,0.8918,318.023,322.33,3.8047,851.694,125.807,213.941,0.08929,0.3306,66.134,2.6014,42.4779,1.9728,-2.7758,-3.4827,776.7374,36.2598,0.16211,3,1,1,8,1,0,3,10.12429453252424,,1,0,0,0,A
O002_W0194,2,LOT_02_04,22,P_C,R_BASE,ETCH,CMP_01,CH_A,2007.1,0,1.6184,0.0183,0.0744,0.0037,0.8935,322.877,313.898,3.3237,893.926,121.997,199.271,0.03204,0.5689,59.297,-0.8159,39.687,0.5726,-1.9269,1.0205,801.346,43.2936,0.11547,3,0,0,1,2,1,1,,1.0398769583634464,0,0,0,1,D
O002_W0195,2,LOT_02_03,24,P_A,R_BASE,CVD,ETCH_02,CH_B,1742.9,0,1.0357,0.0126,0.0102,0.0324,0.9656,320.815,317.03,3.2504,866.772,120.414,210.417,0.05581,0.3403,59.296,-0.3699,45.7846,1.1512,5.8082,3.3142,768.8848,37.0777,0.20856,4,1,3,2,1,0,1,,0.8749907542603844,0,0,0,0,GOOD
O002_W0196,2,LOT_02_03,21,P_B,R_FAST,CVD,ETCH_03,CH_B,1889.1,0,1.3116,0.0523,0.0302,0.023,0.9701,315.985,317.518,3.2247,829.27,142.082,196.155,0.06818,0.1751,63.92,1.5311,43.37,1.5263,-0.9958,-8.5754,754.2691,41.4021,0.24412,2,0,2,2,5,0,1,,0.9441047188409425,0,0,0,0,GOOD
O002_W0197,2,LOT_02_01,12,P_B,R_FAST,CVD,CMP_01,CH_C,1673.3,0,1.3302,0.0,0.1104,0.0318,0.927,323.145,320.335,3.0388,831.271,124.659,227.985,0.0571,0.3471,60.525,0.7778,39.8929,1.4768,12.4139,-4.1727,787.1169,42.532,0.19457,5,1,2,2,2,2,1,,1.1832996034202137,0,1,0,0,B
O002_W0198,2,LOT_02_03,2,P_C,R_FAST,PHOTO,ETCH_01,CH_C,1821.5,0,1.2128,0.0381,0.0151,0.0154,0.9449,313.125,315.118,3.5468,883.925,130.2,204.87,0.04849,0.2294,60.696,-1.3507,41.9844,1.3171,-1.4463,-1.8345,784.6799,41.165,0.19528,4,3,0,3,2,0,0,,0.9580483829212249,0,0,0,0,GOOD
O002_W0199,2,LOT_02_05,1,P_A,R_BASE,CMP,CMP_01,CH_D,1908.8,0,1.0926,0.0215,0.0068,0.0063,0.9406,328.011,315.107,3.027,880.456,131.399,219.274,0.05011,0.5378,60.364,-1.41,42.6576,1.3586,-4.6892,-1.7986,793.5384,38.0859,0.136,5,2,0,3,2,0,1,,0.9921015350758021,0,0,0,0,GOOD
O002_W0200,2,LOT_02_08,1,P_A,R_BASE,ETCH,ETCH_02,CH_C,1912.3,0,1.3035,0.042,0.0661,0.0118,0.9218,325.979,320.591,2.9559,886.784,135.621,207.498,0.0588,0.4457,64.611,0.1961,43.6838,1.3639,2.1727,-2.1726,762.5365,37.3295,0.1302,1,1,1,4,2,0,0,,1.055053863242753,0,0,0,0,GOOD
O002_W0201,2,LOT_02_02,23,P_A,R_BASE,CVD,ETCH_01,CH_B,1682.4,0,1.3698,0.0206,0.1218,0.0263,0.9092,319.395,322.592,2.9585,834.055,140.987,215.237,0.10746,0.4151,58.821,1.5074,39.9418,1.0047,-3.5117,-11.4923,758.5133,39.1439,0.18677,1,0,7,2,1,3,1,,1.0114705250309461,0,1,0,0,B
O002_W0202,2,LOT_02_01,2,P_B,R_BASE,CVD,CVD_01,CH_A,1701.2,0,1.369,0.0206,0.1315,0.0206,0.9324,321.636,314.709,2.5247,811.762,131.051,207.739,0.06229,0.5407,61.262,1.3443,45.9953,0.994,14.9699,7.7891,771.9556,36.2615,0.18271,3,1,7,0,1,3,1,,0.9076050923785628,0,1,0,0,B
O002_W0203,2,LOT_02_04,17,P_C,R_BASE,CMP,ETCH_03,CH_B,2016.2,0,1.1843,0.0365,0.0542,0.0045,0.9314,317.41,319.518,2.992,903.008,121.05,210.2,0.09471,0.4957,64.415,0.9156,46.0258,1.4852,-10.7223,3.0623,805.0063,37.052,0.24982,3,1,1,4,2,0,0,,1.1480684421164096,0,0,0,0,GOOD
O002_W0204,2,LOT_02_03,17,P_A,R_BASE,ETCH,ETCH_02,CH_D,1926.7,1,2.0161,0.1653,0.1023,0.0261,0.8402,319.703,316.995,3.5074,907.939,125.715,236.822,0.10537,0.6156,73.197,1.586,44.3009,1.8242,2.6043,-9.814,787.7636,42.3078,0.2123,3,1,5,5,2,1,5,8.420740200294842,,1,1,0,1,A
O002_W0205,2,LOT_02_03,23,P_B,R_FAST,CMP,ETCH_03,CH_C,1940.8,0,1.0155,0.0243,0.0401,0.0237,0.9238,316.032,315.838,2.9831,843.913,138.408,209.702,0.07215,0.441,62.88,0.0506,42.2961,1.4818,-2.7694,-10.6261,740.3917,37.404,0.10135,9,0,0,2,0,0,1,,0.8794248291620802,0,0,0,0,GOOD
O002_W0206,2,LOT_02_02,9,P_C,R_BASE,CMP,ETCH_03,CH_B,1885.9,0,1.3482,0.0385,0.1385,0.025,0.9195,323.295,320.187,3.5131,860.285,120.715,208.05,0.06083,0.3287,64.957,0.3895,46.8958,1.1114,11.4351,-6.8835,763.6939,40.2521,0.2037,4,1,4,1,1,1,1,,1.1003663873503697,0,1,0,0,B
O002_W0207,2,LOT_02_01,11,P_C,R_BASE,ETCH,ETCH_03,CH_C,2059.2,1,1.974,0.1916,0.0029,0.0433,0.847,318.985,318.905,3.6314,873.407,110.847,214.631,0.11748,0.5815,60.973,1.5341,42.7345,1.5288,2.6332,3.5221,771.1472,38.2222,0.12222,3,4,2,8,3,1,3,8.416680187803887,,1,0,0,1,A
O002_W0208,2,LOT_02_05,5,P_C,R_BASE,CVD,CMP_01,CH_D,1785.7,0,1.46,0.0448,0.0182,0.049,0.9318,327.366,320.861,2.8933,787.388,126.478,202.177,0.08555,0.468,67.57,-0.087,41.5916,1.3809,9.0899,4.7226,787.755,36.6724,0.12408,3,0,0,4,0,1,1,,1.187921850169149,0,0,0,0,GOOD
O002_W0209,2,LOT_02_01,12,P_A,R_BASE,CVD,ETCH_02,CH_C,1806.4,1,1.5959,0.1617,0.0,0.1034,0.8888,323.601,317.856,3.3883,893.995,126.368,227.376,0.13104,0.625,66.131,2.345,43.8142,1.705,-2.6937,3.9841,784.7674,39.6358,0.13445,8,3,1,8,1,1,5,9.852967655748301,,1,0,1,0,A
O002_W0210,2,LOT_02_07,6,P_A,R_FAST,ETCH,ETCH_01,CH_C,1827.9,0,1.6192,0.0288,0.0331,0.0451,0.8953,323.565,317.579,2.7727,878.303,126.147,207.099,0.07331,0.4047,59.444,1.1223,38.7384,1.0864,6.6601,-8.194,796.4205,39.9119,0.24385,3,0,0,4,5,1,1,,0.9941355515283481,0,0,0,1,D
O002_W0211,2,LOT_02_01,21,P_C,R_REWORK,PHOTO,PHOTO_01,CH_A,1952.1,0,1.1979,0.0539,0.0173,0.0261,0.9297,318.544,319.693,2.6539,787.558,119.89,214.531,0.09888,0.369,65.666,0.7483,42.88,1.4926,0.7775,0.7443,796.775,44.3864,0.2015,4,1,1,3,2,1,0,,1.168484852267401,0,0,0,0,GOOD
O002_W0212,2,LOT_02_01,7,P_B,R_REWORK,ETCH,PHOTO_01,CH_B,2088.7,1,1.9922,0.1849,0.1475,0.1128,0.854,321.474,320.289,3.155,907.375,129.815,207.051,0.05972,0.7495,65.28,-0.9663,46.9472,2.1674,6.0638,-7.9142,779.9985,37.8893,0.11269,3,3,1,6,1,1,1,7.7101297294263595,,1,1,1,0,A
O002_W0213,2,LOT_02_03,22,P_A,R_BASE,CMP,ETCH_01,CH_B,1934.5,0,1.3368,0.0199,0.0542,0.1298,0.9262,327.232,315.905,3.1759,848.525,119.029,193.904,0.1018,0.3932,63.819,-0.3551,42.9755,1.2437,1.6784,0.9154,747.2965,41.4969,0.25037,4,4,1,1,1,2,1,,1.316935411797913,0,0,1,0,C
O002_W0214,2,LOT_02_07,18,P_C,R_BASE,ETCH,CVD_01,CH_A,2098.6,0,1.1899,0.0235,0.0612,0.0107,0.9132,321.472,318.022,2.8554,920.128,118.87,208.999,0.08817,0.4525,63.383,0.8669,42.238,1.4734,-3.2385,0.0216,795.7807,38.9032,0.19464,1,2,0,3,2,0,0,,0.8146721071742097,0,0,0,0,GOOD
O002_W0215,2,LOT_02_07,21,P_C,R_BASE,ETCH,ETCH_02,CH_D,2033.2,0,1.3244,0.0528,0.0286,0.0304,0.9386,324.304,323.673,2.8521,844.875,127.41,207.36,0.07096,0.3853,60.893,-0.5989,41.9576,0.9999,-2.907,-1.5657,751.4123,38.4625,0.1565,4,3,1,1,2,0,0,,0.9483745628465685,0,0,0,0,GOOD
O002_W0216,2,LOT_02_01,2,P_C,R_FAST,ETCH,ETCH_02,CH_A,1986.4,0,1.6156,0.0284,0.0,0.0933,0.867,324.083,314.931,2.7439,844.625,126.589,231.365,0.10167,0.4231,62.513,0.0061,43.0028,1.3377,10.2681,2.2577,799.5636,39.0483,0.24794,4,6,1,3,6,0,1,,0.9827679914065982,0,0,1,1,C
O002_W0217,2,LOT_02_04,3,P_B,R_BASE,PHOTO,ETCH_03,CH_A,2039.5,1,1.8758,0.1581,0.0442,0.0179,0.8501,321.125,309.062,3.3912,919.356,120.445,230.098,0.13386,0.7097,66.558,-0.152,45.8237,2.0036,-17.224,8.4374,785.0715,46.1633,0.19757,3,0,0,8,0,0,5,10.463061560649301,,1,0,0,1,A
O002_W0218,2,LOT_02_01,18,P_B,R_BASE,PHOTO,CMP_01,CH_A,1778.9,0,1.5215,0.0398,0.1612,0.0262,0.9057,319.507,309.192,3.0397,843.354,126.938,227.234,0.10051,0.626,67.838,-0.3568,42.9088,0.9924,1.7699,-7.3105,756.1759,40.5818,0.1531,2,2,6,3,1,1,0,,0.6062456097102898,0,1,0,0,B
O002_W0219,2,LOT_02_06,18,P_B,R_BASE,CVD,ETCH_03,CH_D,2019.2,0,1.4923,0.0571,0.0035,0.0175,0.8856,310.226,307.746,2.683,850.088,133.586,204.344,0.04388,0.4995,61.755,0.8143,43.6882,1.5435,1.4965,-4.9184,803.0513,46.7916,0.23695,6,1,1,4,6,0,2,,1.3176994902353458,0,0,0,1,D
O002_W0220,2,LOT_02_03,12,P_C,R_BASE,CVD,CVD_01,CH_A,1687.9,0,1.2798,0.043,0.0345,0.0286,0.9327,329.914,318.976,2.919,883.087,114.507,187.561,0.11529,0.3212,52.978,-0.6348,41.9197,1.4123,-4.0718,3.9651,784.4564,39.0382,0.25312,2,1,2,2,1,0,2,,1.0889716271612018,0,0,0,0,GOOD
O002_W0221,2,LOT_02_06,10,P_B,R_FAST,CMP,PHOTO_01,CH_B,1815.2,0,1.2261,0.0356,0.0405,0.0474,0.9518,322.959,309.719,3.1702,793.898,126.227,210.871,0.10282,0.2983,60.935,-0.4616,40.8295,1.1242,-4.7777,-0.4645,787.3333,35.0343,0.15604,5,0,0,1,1,0,0,,1.1995524432402744,0,0,0,0,GOOD
O002_W0222,2,LOT_02_07,11,P_B,R_BASE,CMP,CVD_01,CH_C,1882.9,0,1.4623,0.0303,0.0537,0.0442,0.8626,325.93,322.937,2.7958,899.794,121.664,212.922,0.04356,0.3217,53.319,-0.3497,42.2015,0.4421,-2.2506,3.275,832.5006,39.06,0.1832,5,0,1,2,2,1,2,,1.0078197379646199,0,0,0,1,D
O002_W0223,2,LOT_02_02,16,P_C,R_BASE,CVD,CMP_01,CH_C,1750.6,0,1.206,0.0647,0.0345,0.0179,0.917,328.749,311.174,3.3629,913.873,119.271,203.533,0.09055,0.2885,69.107,0.6118,41.3833,1.0973,1.4612,9.0518,742.3275,41.4213,0.13123,3,0,0,3,0,1,1,,1.134314614665725,0,0,0,0,GOOD
O002_W0224,2,LOT_02_08,9,P_A,R_BASE,PHOTO,CMP_01,CH_A,1696.1,0,1.1534,0.0362,0.0264,0.0309,0.9341,314.647,310.151,3.0804,808.185,118.936,196.788,0.09764,0.527,61.91,0.7633,41.8403,1.0058,-10.1691,2.8761,784.5723,41.2535,0.1853,5,0,1,2,0,2,1,,0.9218131341011422,0,0,0,0,GOOD
O002_W0225,2,LOT_02_05,2,P_A,R_BASE,CMP,ETCH_02,CH_D,1825.4,0,1.0271,0.0123,0.0451,0.0223,0.9288,323.855,316.812,2.7657,840.521,118.246,220.23,0.06725,0.5269,58.237,1.0216,42.5448,1.1059,-5.7601,4.861,763.9409,40.5311,0.24881,3,2,0,1,1,0,0,,0.9677945723091431,0,0,0,0,GOOD
O002_W0226,2,LOT_02_01,23,P_A,R_BASE,PHOTO,ETCH_01,CH_A,1812.4,0,1.1558,0.0362,0.0261,0.005,0.9734,322.816,323.378,2.7623,828.898,115.26,201.372,0.10445,0.3683,63.454,-1.0881,41.1708,1.4767,-0.9499,-1.1819,773.5901,35.8594,0.21494,6,1,0,1,1,0,1,,0.9642028810145539,0,0,0,0,GOOD
O002_W0227,2,LOT_02_01,24,P_C,R_FAST,CMP,ETCH_02,CH_A,1805.0,0,1.0825,0.0299,0.0073,0.0355,0.9442,324.776,321.318,3.0639,842.141,133.445,199.76,0.05251,0.4762,60.772,0.7912,41.7847,1.5777,-1.1514,-6.2661,784.7669,40.1984,0.08184,2,1,1,7,1,0,1,,1.0574215952234365,0,0,0,0,GOOD
O002_W0228,2,LOT_02_07,23,P_A,R_BASE,ETCH,ETCH_02,CH_A,2062.0,0,1.2104,0.06,0.0265,0.0237,0.9151,324.692,319.309,2.868,877.749,138.972,196.152,0.06419,0.3499,68.652,-0.1513,42.4705,0.9002,-3.7416,-3.6017,765.0915,40.1439,0.21682,5,0,4,2,0,1,0,,0.7774759992566278,0,0,0,0,GOOD
O002_W0229,2,LOT_02_04,14,P_A,R_FAST,ETCH,PHOTO_01,CH_B,1949.5,0,1.0375,0.0273,0.0209,0.0289,0.9547,327.519,319.014,2.7609,858.496,141.739,209.041,0.07998,0.4559,59.752,0.2412,40.53,0.8924,-2.9424,-5.1239,777.4099,36.3772,0.19032,3,1,1,0,2,3,0,,0.8656954240124104,0,0,0,0,GOOD
O002_W0230,2,LOT_02_03,1,P_B,R_FAST,ETCH,ETCH_03,CH_A,2085.1,0,1.6734,0.0511,0.1307,0.1195,0.9124,319.936,320.212,3.282,880.928,121.04,206.102,0.07535,0.4856,63.407,-0.4086,40.9079,1.31,7.5265,-4.6008,777.0826,34.2131,0.30726,7,2,5,2,1,1,0,,1.0490141389052758,0,1,1,0,B
O002_W0231,2,LOT_02_06,8,P_B,R_BASE,PHOTO,ETCH_01,CH_C,1692.6,0,1.6743,0.0731,0.1116,0.0335,0.9185,314.135,322.957,3.0422,855.365,128.851,197.795,0.12275,0.3226,60.927,1.1991,39.4941,1.1251,3.3256,-2.6209,778.924,36.5265,0.24424,4,1,5,2,1,2,0,,0.7953822920748886,0,1,0,0,B
O002_W0232,2,LOT_02_05,2,P_B,R_BASE,ETCH,PHOTO_01,CH_B,2058.3,0,1.0761,0.0422,0.0456,0.0133,0.9343,324.516,327.81,2.9302,895.2,137.591,207.381,0.0863,0.4376,62.588,-0.9478,42.3645,1.0668,8.1245,-4.8042,781.1942,36.5245,0.17171,3,0,0,3,3,0,2,,1.1676640561587748,0,0,0,0,GOOD
O002_W0233,2,LOT_02_07,25,P_A,R_BASE,ETCH,CMP_01,CH_C,1918.4,0,1.3691,0.0494,0.0021,0.0221,0.9422,334.232,311.319,3.2492,881.005,124.535,195.602,0.08904,0.5038,55.057,0.545,38.933,1.2875,10.5248,8.2642,806.4538,34.1482,0.20388,9,0,1,0,0,2,1,,0.9559275399364101,0,0,0,0,GOOD
O002_W0234,2,LOT_02_06,5,P_C,R_FAST,ETCH,ETCH_01,CH_C,2140.3,0,1.2282,0.0492,0.0367,0.0343,0.9094,312.961,315.809,2.5358,877.403,140.967,190.119,0.04575,0.5267,63.688,1.2288,42.3361,1.2444,-0.6174,3.5429,810.9879,38.3656,0.08398,4,0,3,1,1,1,0,,1.0085191820636257,0,0,0,0,GOOD
O002_W0235,2,LOT_02_02,7,P_A,R_BASE,PHOTO,ETCH_02,CH_D,1821.7,0,1.4551,0.0317,0.0419,0.133,0.9145,318.737,318.479,3.1032,837.821,119.698,214.069,0.07678,0.4165,62.947,-0.1843,43.0221,1.2088,-2.9439,0.4059,774.9976,37.7983,0.18922,6,5,2,2,0,0,0,,0.8288008239124592,0,0,1,0,C
O002_W0236,2,LOT_02_06,9,P_A,R_BASE,CMP,PHOTO_01,CH_A,1635.1,0,1.1169,0.0121,0.0127,0.0148,0.9682,323.225,305.746,2.918,859.016,138.44,204.991,0.04831,0.266,61.357,1.765,42.7963,1.4728,5.5719,-3.6552,784.9689,32.9891,0.17002,5,1,0,2,0,0,1,,1.0169364242546182,0,0,0,0,GOOD
O002_W0237,2,LOT_02_08,11,P_C,R_FAST,CVD,ETCH_01,CH_A,1772.4,0,1.5009,0.0375,0.1444,0.022,0.8931,313.827,321.999,2.7235,823.3,135.188,198.075,0.10561,0.3594,58.838,-0.9431,40.6722,1.3941,6.0312,3.3351,786.0125,43.2295,0.27029,5,0,4,0,1,1,0,,0.8778608857208338,0,1,0,0,B
O002_W0238,2,LOT_02_03,13,P_A,R_BASE,ETCH,ETCH_03,CH_D,2014.5,1,1.6427,0.205,0.0424,0.0198,0.895,331.497,320.023,3.6439,936.694,127.729,196.64,0.11972,0.4751,65.972,1.6554,44.3628,1.6696,5.8693,1.0286,751.664,37.7391,0.23341,4,1,0,9,0,1,3,5.940260566415344,,1,0,0,0,A
O002_W0239,2,LOT_02_02,5,P_C,R_BASE,ETCH,CVD_01,CH_B,2008.5,0,1.1276,0.0232,0.0012,0.0,0.9469,321.196,314.549,2.9218,908.62,132.363,210.9,0.06946,0.4224,66.171,0.159,40.2241,0.9662,9.7157,5.2495,752.6582,33.4608,0.13911,9,0,1,2,2,0,0,,1.1912875744131184,0,0,0,0,GOOD
O002_W0240,2,LOT_02_06,9,P_B,R_BASE,CVD,ETCH_01,CH_D,1929.7,0,1.1773,0.0486,0.0415,0.0034,0.9221,327.82,314.288,3.0009,827.36,122.116,206.508,0.11421,0.4623,61.228,-0.4143,41.0046,1.4016,-9.016,0.6334,757.7255,36.9787,0.15336,1,2,0,3,2,0,0,,0.9823996372653164,0,0,0,0,GOOD
O002_W0241,2,LOT_02_04,3,P_B,R_BASE,CMP,ETCH_02,CH_D,1874.3,0,1.4117,0.0286,0.1522,0.0318,0.9125,318.889,310.942,2.9447,889.572,133.82,194.507,0.05628,0.3356,59.163,-2.2358,39.8574,0.9559,4.9487,-1.0986,810.2426,37.9509,0.22603,3,1,3,2,0,3,1,,1.0861375672128555,0,1,0,0,B
O002_W0242,2,LOT_02_01,15,P_B,R_REWORK,PHOTO,CVD_01,CH_A,1920.0,0,1.2446,0.034,0.03,0.0347,0.9415,319.754,324.334,3.0881,878.943,129.145,208.295,0.08777,0.3925,60.232,0.6159,38.8969,1.2981,1.9245,0.4782,784.1736,41.6552,0.24062,12,0,2,4,1,1,2,,1.1525114403387005,0,0,0,0,GOOD
O002_W0243,2,LOT_02_03,17,P_A,R_REWORK,CVD,ETCH_01,CH_D,1993.8,0,1.359,0.034,0.1448,0.0142,0.8965,322.347,317.786,3.1618,872.761,135.084,199.73,0.06727,0.5075,69.448,0.7885,40.4793,1.1849,6.6217,-2.0597,781.3092,38.0716,0.25296,9,0,5,2,1,1,1,,0.9499795100316668,0,1,0,0,B
O002_W0244,2,LOT_02_04,20,P_C,R_FAST,CVD,CVD_01,CH_C,1865.9,0,1.1253,0.0474,0.0195,0.019,0.9421,318.362,313.434,2.9881,853.261,117.081,203.927,0.0537,0.499,58.055,-0.0134,44.077,1.468,-1.9598,-4.027,766.5219,40.421,0.22534,4,1,2,3,0,0,0,,0.9989243862568009,0,0,0,0,GOOD
O002_W0245,2,LOT_02_08,6,P_C,R_BASE,CVD,ETCH_03,CH_C,2050.7,0,1.017,0.0,0.0055,0.0299,0.9527,327.253,313.965,3.2276,789.071,121.3,211.38,0.07038,0.4126,59.141,0.5564,43.4393,1.3574,-10.8292,3.5442,788.8246,42.0124,0.15024,5,0,2,0,2,1,0,,0.851960141243234,0,0,0,0,GOOD
O002_W0246,2,LOT_02_02,21,P_C,R_BASE,ETCH,ETCH_02,CH_B,1677.0,0,1.3657,0.0233,0.1484,0.029,0.9265,321.496,321.188,2.8719,894.988,112.806,196.179,0.0753,0.3903,63.258,0.1257,44.0669,1.3679,4.0632,0.3679,763.0845,41.7722,0.1775,8,2,10,4,0,1,1,,1.2222138771608295,0,1,0,0,B
O002_W0247,2,LOT_02_07,23,P_A,R_FAST,CVD,PHOTO_01,CH_B,1882.1,0,1.4298,0.0377,0.0135,0.1381,0.9347,327.249,319.837,2.9843,867.104,136.078,205.576,0.07914,0.584,68.865,0.2225,40.118,0.7315,4.4644,1.5229,796.9258,39.979,0.22587,5,7,2,4,2,0,0,,1.0573541215178797,0,0,1,0,C
O002_W0248,2,LOT_02_07,7,P_C,R_BASE,CMP,CMP_01,CH_A,1776.1,0,1.2311,0.0599,0.021,0.0471,0.9212,324.572,314.264,3.0046,838.577,122.238,213.485,0.04889,0.3827,64.489,0.0856,43.1916,1.0983,-1.7012,8.1984,797.9225,39.5295,0.21757,7,1,2,2,2,1,1,,0.8527740655761296,0,0,0,0,GOOD
O002_W0249,2,LOT_02_04,5,P_B,R_BASE,ETCH,ETCH_03,CH_D,2087.0,0,1.0617,0.0286,0.0236,0.0444,0.9468,320.41,311.948,3.3841,880.583,120.783,223.472,0.05991,0.1717,47.219,-1.0653,42.0303,1.325,7.3805,5.3265,803.4577,37.151,0.23352,6,1,1,2,0,0,3,,0.9940738564775077,0,0,0,0,GOOD
O002_W0250,2,LOT_02_06,4,P_A,R_BASE,CVD,CVD_01,CH_C,1784.6,0,1.6695,0.0496,0.1432,0.1014,0.898,328.781,312.31,2.5844,867.477,127.699,203.361,0.05421,0.2625,61.531,0.5402,40.8752,1.1147,3.1375,-4.9052,792.7221,38.1809,0.24481,7,4,2,3,1,4,1,,0.8029987683270304,0,1,1,0,B
O002_W0251,2,LOT_02_05,15,P_A,R_BASE,CMP,ETCH_03,CH_A,1941.1,0,1.2216,0.0333,0.0242,0.0547,0.9347,317.545,318.824,3.0452,840.79,132.714,218.545,0.05892,0.4036,63.088,2.6437,40.7841,1.0738,-0.5228,-4.8215,792.0688,42.429,0.2412,3,1,0,2,1,1,0,,1.0505069940859595,0,0,0,0,GOOD
O002_W0252,2,LOT_02_07,19,P_B,R_REWORK,CMP,ETCH_03,CH_C,1901.4,0,1.2349,0.0447,0.021,0.01,0.9607,327.939,326.471,3.2277,845.752,127.629,200.491,0.08677,0.4594,56.755,-0.1396,40.989,0.9833,1.2496,-6.3473,782.402,38.6259,0.17345,2,1,1,5,1,0,1,,0.8714258022062096,0,0,0,0,GOOD
O002_W0253,2,LOT_02_04,3,P_B,R_FAST,CVD,PHOTO_01,CH_A,1880.7,1,1.5407,0.1582,0.0254,0.0303,0.9098,321.417,316.669,3.5507,884.793,133.813,216.22,0.08053,0.5785,65.591,1.1601,43.3574,2.1129,-3.7523,-3.8357,778.8333,37.7773,0.15176,4,0,0,6,4,0,3,8.045009565250476,,1,0,0,0,A
O002_W0254,2,LOT_02_03,13,P_B,R_BASE,PHOTO,CVD_01,CH_C,1831.5,0,1.396,0.0,0.1437,0.0359,0.8967,332.412,314.672,2.9087,872.959,123.995,233.102,0.04855,0.3647,56.267,0.1508,41.587,1.132,11.7508,-1.994,796.6634,38.7578,0.14269,1,0,4,3,0,4,1,,1.0764651680483373,0,1,0,0,B
O002_W0255,2,LOT_02_01,14,P_A,R_BASE,CMP,ETCH_03,CH_D,1852.8,0,1.2036,0.0658,0.0083,0.0232,0.9382,331.048,320.044,3.2777,851.707,118.684,206.47,0.05331,0.4733,67.362,0.0385,42.2233,0.9666,-3.8775,-5.879,787.6226,37.0662,0.18196,3,0,2,0,0,0,0,,0.9202955805433383,0,0,0,0,GOOD
O002_W0256,2,LOT_02_08,15,P_B,R_BASE,ETCH,ETCH_02,CH_C,1978.6,0,1.564,0.0128,0.0205,0.0125,0.9123,324.782,323.471,2.7576,900.142,130.719,214.56,0.05992,0.311,61.048,0.3736,40.7962,1.3199,-11.7499,-12.5697,778.9529,46.8899,0.09901,0,2,0,2,3,0,2,,0.966337765030481,0,0,0,1,D
O002_W0257,2,LOT_02_03,6,P_B,R_BASE,ETCH,ETCH_03,CH_A,2104.1,1,1.9079,0.2073,0.1697,0.0207,0.8467,314.368,316.017,3.6224,966.862,126.724,218.552,0.12858,0.3701,59.863,0.5258,44.7759,1.8943,3.8193,-8.4413,758.632,34.2565,0.19841,3,1,6,7,2,2,2,8.409932028878544,,1,1,0,0,A
O002_W0258,2,LOT_02_05,23,P_C,R_REWORK,PHOTO,ETCH_01,CH_A,2019.9,0,1.1282,0.0466,0.0501,0.0072,0.9325,321.218,319.573,2.7729,881.979,129.588,213.647,0.10417,0.5429,61.414,0.5584,38.9378,1.1025,-3.9284,-1.3483,798.5749,36.7327,0.08344,5,0,4,0,0,0,0,,1.2570360705039383,0,0,0,0,GOOD
O002_W0259,2,LOT_02_04,1,P_B,R_BASE,CMP,ETCH_01,CH_D,1864.5,0,1.2775,0.0408,0.0481,0.0269,0.9302,315.18,319.041,3.1697,860.72,105.352,214.99,0.06641,0.5361,68.558,0.3004,40.7225,0.874,7.6451,-5.3754,804.1815,39.58,0.25438,5,1,2,1,2,1,1,,1.134816699910944,0,0,0,0,GOOD
O002_W0260,2,LOT_02_08,23,P_B,R_REWORK,CVD,ETCH_01,CH_D,1833.3,0,1.1507,0.03,0.0003,0.0135,0.9613,327.956,313.835,2.3996,812.188,118.996,214.904,0.11956,0.5887,55.443,-1.3337,41.9626,0.8491,2.1202,-0.1864,800.5393,41.2066,0.20504,5,2,0,1,0,0,1,,1.0752351691984658,0,0,0,0,GOOD
O002_W0261,2,LOT_02_01,11,P_A,R_FAST,ETCH,ETCH_03,CH_B,2230.4,1,1.5502,0.1881,0.0029,0.0227,0.8906,312.636,326.099,3.656,889.632,145.67,205.387,0.10638,0.6274,63.468,1.8223,45.325,1.8985,7.9281,5.5575,773.9303,41.0021,0.18133,5,0,3,6,2,1,8,10.916830093445174,,1,0,0,0,A
O002_W0262,2,LOT_02_01,10,P_B,R_BASE,CVD,CMP_01,CH_A,1631.0,0,1.4427,0.0,0.0151,0.0237,0.8929,324.502,315.297,2.3393,838.967,129.066,207.507,0.08122,0.4333,66.495,1.87,45.4648,1.2277,-6.8677,-1.7551,841.7729,43.7135,0.18207,6,0,4,3,0,0,0,,0.9071502645834589,0,0,0,1,D
O002_W0263,2,LOT_02_01,4,P_C,R_FAST,CMP,PHOTO_01,CH_A,1748.0,0,1.0706,0.0195,0.0082,0.0448,0.9496,324.468,319.867,2.8875,871.501,128.201,216.353,0.07172,0.3702,57.793,-0.1584,43.7048,0.8381,1.9478,5.1964,790.6595,40.2297,0.16464,1,2,1,3,1,1,0,,1.084024025097185,0,0,0,0,GOOD
O002_W0264,2,LOT_02_01,11,P_A,R_BASE,ETCH,ETCH_03,CH_C,2014.9,0,1.2384,0.0275,0.0249,0.0,0.9377,313.837,318.029,3.1551,821.258,137.173,198.019,0.05424,0.5191,64.923,0.4964,40.485,1.0197,0.1549,7.3423,767.9,37.0283,0.18651,1,0,0,1,1,0,2,,0.7845453789713837,0,0,0,0,GOOD
O002_W0265,2,LOT_02_02,11,P_B,R_FAST,ETCH,CVD_01,CH_D,1893.0,0,1.4209,0.0454,0.1362,0.0084,0.9365,325.785,318.773,3.1655,871.872,127.13,210.696,0.05479,0.3829,67.21,0.0913,42.6483,1.0044,10.4718,-3.3748,790.3335,38.4902,0.2271,6,2,6,1,3,1,0,,0.7357111857640648,0,1,0,0,B
O002_W0266,2,LOT_02_04,21,P_A,R_BASE,CVD,ETCH_01,CH_D,1843.3,0,1.1358,0.0106,0.0165,0.0149,0.9597,316.619,316.474,3.2004,815.698,119.211,219.351,0.08725,0.4772,63.056,0.6583,42.1792,0.7816,4.9267,-2.485,785.2373,38.4589,0.18202,1,1,1,1,0,1,0,,1.1865794960283966,0,0,0,0,GOOD
O002_W0267,2,LOT_02_01,20,P_B,R_BASE,CMP,CMP_01,CH_D,1790.5,0,1.3545,0.0606,0.0127,0.0277,0.9424,329.4,316.908,3.1304,821.717,136.019,220.691,0.08258,0.5599,69.713,-0.402,44.5923,1.1253,-1.5807,1.3278,776.9029,32.6445,0.16512,3,1,2,0,2,1,0,,1.1598777880243099,0,0,0,0,GOOD
O002_W0268,2,LOT_02_01,21,P_B,R_BASE,ETCH,CMP_01,CH_D,2034.3,0,1.2824,0.0055,0.0282,0.0304,0.9282,334.703,317.226,3.0666,850.884,125.218,206.829,0.05981,0.2403,63.093,-0.7177,37.4588,0.9817,5.8224,8.4135,799.1263,40.3252,0.10961,4,0,3,0,1,1,1,,0.9110216267310183,0,0,0,0,GOOD
O002_W0269,2,LOT_02_02,25,P_B,R_BASE,CMP,ETCH_01,CH_D,1936.2,0,1.2176,0.0403,0.0228,0.0381,0.923,317.882,311.095,2.9723,903.638,120.295,223.768,0.02629,0.5652,57.633,0.7514,41.4536,1.5053,3.2244,0.2883,781.7618,39.7795,0.20737,6,1,3,2,0,0,1,,0.6843382551652368,0,0,0,0,GOOD
O002_W0270,2,LOT_02_07,2,P_C,R_BASE,PHOTO,ETCH_02,CH_A,1794.2,0,1.2516,0.0613,0.0125,0.0232,0.9298,313.479,315.878,3.0653,825.226,132.173,210.281,0.07812,0.494,65.659,-0.0041,39.509,1.5396,-0.3817,-0.9673,799.3867,36.734,0.143,2,0,2,1,3,0,0,,0.9367811669305673,0,0,0,0,GOOD
O002_W0271,2,LOT_02_04,20,P_A,R_BASE,ETCH,CVD_01,CH_A,1908.1,1,1.6068,0.1707,0.0257,0.015,0.8876,322.24,320.028,3.3854,917.562,125.999,203.232,0.05355,0.6007,65.574,1.9071,44.8222,1.4822,3.977,2.8068,790.1699,37.8888,0.18715,1,1,0,4,1,1,0,10.496567220425554,,1,0,0,0,A
O002_W0272,2,LOT_02_07,2,P_A,R_BASE,ETCH,ETCH_02,CH_B,2083.7,0,1.116,0.026,0.028,0.0373,0.9665,333.307,320.588,2.9962,871.791,117.091,207.599,0.1181,0.4936,60.011,0.6122,43.2581,1.7878,0.0967,-5.6431,792.1709,39.0842,0.08766,7,1,3,2,1,0,0,,1.106162001745786,0,0,0,0,GOOD
O002_W0273,2,LOT_02_04,6,P_A,R_FAST,CMP,ETCH_01,CH_C,1776.3,0,1.1006,0.0102,0.0057,0.0223,0.9481,312.628,316.747,2.7714,855.574,114.783,205.041,0.05502,0.4131,69.752,1.9637,44.1537,1.131,0.2885,-5.3812,770.0869,35.1588,0.13881,2,1,1,4,3,0,1,,0.9166747591166934,0,0,0,0,GOOD
O002_W0274,2,LOT_02_02,24,P_C,R_BASE,CVD,ETCH_01,CH_C,1772.6,0,1.158,0.0284,0.0175,0.0233,0.9354,322.752,321.431,3.1587,803.849,125.06,222.941,0.071,0.4441,67.949,2.3553,40.9631,1.1882,6.1606,-1.9606,770.3241,38.9469,0.16447,5,0,0,2,1,0,1,,1.0260088130539682,0,0,0,0,GOOD
O002_W0275,2,LOT_02_06,1,P_A,R_FAST,CVD,CVD_01,CH_B,1778.6,0,1.3939,0.0457,0.0204,0.0522,0.9346,326.212,322.972,2.9411,892.799,123.477,200.307,0.11813,0.4685,58.902,0.2353,39.9851,1.4362,3.4209,-6.294,795.0695,36.1731,0.23228,3,0,1,3,1,1,2,,0.8616291458831149,0,0,0,0,GOOD
O002_W0276,2,LOT_02_07,13,P_A,R_BASE,CVD,PHOTO_01,CH_D,1861.8,0,1.0592,0.033,0.0,0.0222,0.9429,324.584,330.505,2.8702,884.82,121.018,235.125,0.06553,0.4308,62.867,0.8335,41.3082,1.2487,2.5735,-5.2869,774.0494,36.3718,0.26075,3,0,0,3,1,0,2,,1.1510173028462856,0,0,0,0,GOOD
O002_W0277,2,LOT_02_08,3,P_A,R_BASE,ETCH,ETCH_02,CH_A,1897.2,0,1.0638,0.0304,0.0265,0.0056,0.9401,325.268,317.776,2.8616,844.004,131.053,204.946,0.06109,0.3252,60.918,0.8643,43.7663,1.4307,-8.8189,-14.1564,751.1289,39.5105,0.18885,5,1,0,3,0,0,2,,0.962599832407906,0,0,0,0,GOOD
O002_W0278,2,LOT_02_01,10,P_B,R_BASE,PHOTO,ETCH_01,CH_A,1872.3,0,1.2383,0.0556,0.0008,0.0278,0.9559,321.072,319.751,2.8977,853.084,127.578,192.988,0.06916,0.3506,62.112,-1.4439,44.238,1.0607,0.3048,-3.3444,747.7962,34.655,0.18526,1,2,3,1,1,1,2,,0.8193652245486478,0,0,0,0,GOOD
O002_W0279,2,LOT_02_05,11,P_B,R_BASE,CVD,ETCH_02,CH_A,1796.9,0,1.1672,0.0434,0.0168,0.0214,0.9487,327.354,327.367,2.7578,850.883,132.002,212.136,0.10674,0.4998,68.643,-1.8453,44.1037,1.0399,-3.8858,7.1812,782.2044,44.5638,0.14072,3,2,2,2,1,0,0,,0.6929109401793918,0,0,0,0,GOOD
O002_W0280,2,LOT_02_02,11,P_B,R_BASE,ETCH,ETCH_01,CH_B,2070.7,0,1.2084,0.027,0.0189,0.0266,0.9575,327.475,321.693,2.8764,845.663,110.891,199.401,0.05035,0.4016,64.186,0.1165,40.2453,1.5111,2.6789,4.6313,751.7936,40.1845,0.21594,4,1,3,0,0,0,1,,0.9728570058113887,0,0,0,0,GOOD
O002_W0281,2,LOT_02_05,15,P_B,R_BASE,ETCH,ETCH_01,CH_B,1931.6,0,1.1126,0.0127,0.0191,0.0354,0.9524,326.205,324.074,3.1633,825.607,137.984,214.67,0.08929,0.3999,58.375,0.931,42.7148,1.7694,0.2287,3.5637,762.9268,36.8218,0.18894,6,0,0,3,0,1,0,,1.041251552653954,0,0,0,0,GOOD
O002_W0282,2,LOT_02_04,1,P_A,R_REWORK,CMP,ETCH_02,CH_D,2070.7,0,1.7271,0.0358,0.0259,0.1401,0.8535,324.236,317.135,3.0054,866.654,116.924,204.07,0.06279,0.3996,67.538,1.3235,41.9586,1.167,2.819,-9.2651,797.7342,43.1573,0.27511,5,9,1,4,6,0,0,,0.7803773737455255,0,0,1,1,C
O002_W0283,2,LOT_02_02,3,P_A,R_REWORK,CVD,CVD_01,CH_B,1995.5,0,1.0715,0.0139,0.0314,0.01,0.9487,324.612,321.533,3.3549,801.168,118.924,208.629,0.08707,0.3215,66.15,1.5972,41.2034,0.7591,-5.8193,-7.1968,782.0881,35.1851,0.14646,5,0,1,1,0,0,0,,1.072480306044927,0,0,0,0,GOOD
O002_W0284,2,LOT_02_04,9,P_B,R_BASE,ETCH,ETCH_02,CH_D,1868.7,0,1.098,0.0208,0.0091,0.0327,0.9602,324.663,322.124,3.0311,860.67,123.746,191.874,0.04049,0.5541,54.721,0.428,42.2676,1.5165,-3.6959,-1.6622,785.0155,37.5812,0.2076,5,2,1,1,2,0,0,,0.7010718689140234,0,0,0,0,GOOD
O002_W0285,2,LOT_02_04,18,P_B,R_BASE,PHOTO,CVD_01,CH_D,1874.7,0,1.2369,0.0247,0.0468,0.0,0.9304,331.892,319.105,2.9877,804.593,122.618,202.99,0.09205,0.4809,67.366,0.8254,42.7856,1.2637,0.8047,6.7969,792.8436,38.8214,0.20214,3,3,0,2,1,1,1,,1.030197513736584,0,0,0,0,GOOD
O002_W0286,2,LOT_02_01,11,P_B,R_BASE,ETCH,ETCH_01,CH_B,2075.0,0,1.1277,0.0159,0.0322,0.0281,0.9623,320.728,318.063,3.0346,865.394,118.644,203.214,0.13167,0.2559,64.846,0.7425,42.4817,1.0773,0.6129,9.7471,773.1752,41.8011,0.1701,1,1,0,2,1,0,1,,0.9437323752673079,0,0,0,0,GOOD
O002_W0287,2,LOT_02_07,24,P_B,R_BASE,PHOTO,CVD_01,CH_A,1724.9,0,1.0369,0.0187,0.0,0.0,0.9641,315.805,309.677,2.9371,808.719,119.069,220.073,0.08538,0.3082,62.784,-0.0885,43.344,1.0485,-1.4119,-2.9793,776.382,36.7158,0.17373,0,1,4,1,0,2,1,,1.1118855658283375,0,0,0,0,GOOD
O002_W0288,2,LOT_02_03,6,P_C,R_BASE,CMP,CMP_01,CH_D,1721.8,0,1.1684,0.0104,0.0466,0.0,0.9452,314.628,327.805,2.7474,834.202,111.775,219.802,0.03726,0.5451,58.235,-0.5377,39.8877,1.0452,3.4359,-7.3575,782.6074,37.5687,0.15717,3,0,4,4,2,1,0,,0.9516285204963119,0,0,0,0,GOOD
O002_W0289,2,LOT_02_06,8,P_B,R_BASE,ETCH,ETCH_03,CH_A,2066.9,1,1.7383,0.2086,0.0085,0.0454,0.8873,320.524,318.494,3.2714,906.64,114.785,188.033,0.12541,0.5787,66.214,2.4524,44.9619,1.9195,-5.9138,-6.2875,790.2665,40.9946,0.26249,3,0,2,6,3,0,0,10.2319491464506,,1,0,0,0,A
O002_W0290,2,LOT_02_05,14,P_A,R_BASE,ETCH,ETCH_02,CH_A,1974.6,0,1.3418,0.0324,0.0365,0.0144,0.9558,321.236,317.094,3.1302,872.953,130.295,205.862,0.08645,0.4204,67.314,1.2641,41.2967,1.0316,-4.1131,-5.6547,764.6296,36.1299,0.22325,4,0,1,4,1,0,1,,0.8359511348522798,0,0,0,0,GOOD
O002_W0291,2,LOT_02_02,21,P_B,R_BASE,PHOTO,CMP_01,CH_A,1783.3,0,1.3434,0.0243,0.1272,0.0421,0.9539,330.327,313.49,3.1703,896.084,129.921,206.756,0.07831,0.4467,61.453,1.7257,39.5987,1.444,5.6756,-9.3791,780.4676,40.2455,0.13508,5,0,2,3,2,3,1,,1.1167989116670747,0,1,0,0,B
O002_W0292,2,LOT_02_03,4,P_B,R_BASE,PHOTO,PHOTO_01,CH_C,1768.8,0,1.41,0.0517,0.1143,0.0114,0.929,326.515,321.769,2.673,823.132,131.379,217.109,0.11681,0.5641,61.244,1.3885,40.895,1.1907,-1.9936,0.2181,789.036,42.1979,0.15173,4,1,4,4,1,1,1,,1.1701616165758644,0,1,0,0,B
O002_W0293,2,LOT_02_03,1,P_B,R_BASE,ETCH,ETCH_03,CH_C,2109.8,1,1.5026,0.1553,0.0323,0.0322,0.9244,320.175,314.443,3.4554,888.615,137.61,202.724,0.13674,0.7182,70.076,1.4666,45.2606,1.5296,8.0653,1.6001,800.6368,39.1792,0.20111,4,1,0,10,1,1,3,9.813000716237264,,1,0,0,0,A
O002_W0294,2,LOT_02_01,21,P_B,R_BASE,CMP,ETCH_03,CH_B,1895.4,0,1.1927,0.0407,0.0239,0.0463,0.9441,327.766,318.485,3.0781,775.519,122.592,213.968,0.11617,0.4859,65.073,-0.0347,42.0793,1.2404,2.0292,-1.3182,770.567,42.7765,0.15655,2,0,0,1,1,0,1,,0.972163289194136,0,0,0,0,GOOD
O002_W0295,2,LOT_02_07,14,P_C,R_BASE,CMP,ETCH_03,CH_D,1774.7,1,1.9849,0.1868,0.1344,0.0453,0.8791,325.098,317.339,3.0718,839.114,132.154,212.75,0.14725,0.6151,69.678,0.3345,46.6035,2.0308,5.9832,-7.3479,785.1398,38.2513,0.12676,3,0,4,13,1,1,3,8.949514191708694,,1,1,0,0,A
O002_W0296,2,LOT_02_04,7,P_A,R_BASE,PHOTO,ETCH_01,CH_D,1820.1,0,1.5693,0.0284,0.0386,0.0027,0.8901,325.076,319.663,2.6057,868.868,123.128,218.739,0.07095,0.6151,63.865,1.1474,43.8537,1.445,7.0072,1.7094,805.9866,38.7913,0.09524,4,0,2,1,5,0,0,,1.1346351636162244,0,0,0,1,D
O002_W0297,2,LOT_02_08,13,P_A,R_BASE,PHOTO,ETCH_02,CH_A,1767.0,0,1.0273,0.0183,0.0123,0.0134,0.9552,330.124,317.788,2.6344,873.74,128.542,212.279,0.0645,0.2834,59.373,0.6315,42.2955,1.2285,-1.4704,4.2077,770.465,38.4736,0.16366,4,1,1,3,2,0,1,,1.123532879649678,0,0,0,0,GOOD
O002_W0298,2,LOT_02_01,19,P_A,R_BASE,ETCH,ETCH_03,CH_B,2011.1,0,1.2575,0.0373,0.0539,0.0378,0.9391,321.439,313.027,2.9939,898.941,119.916,207.571,0.04044,0.4262,58.51,-1.1601,42.1216,1.5212,-1.6192,7.3783,797.8343,38.3462,0.2011,7,0,1,3,0,1,1,,0.9853223058606294,0,0,0,0,GOOD
O002_W0299,2,LOT_02_06,16,P_A,R_BASE,ETCH,CVD_01,CH_B,1970.6,0,1.1827,0.0443,0.0404,0.0382,0.9514,333.144,319.169,3.1326,820.862,118.447,208.403,0.07392,0.4839,59.465,0.9546,42.1168,1.5595,10.0321,-1.5205,793.252,38.1855,0.06414,2,0,1,2,1,0,0,,0.7908547211436412,0,0,0,0,GOOD
O002_W0300,2,LOT_02_01,10,P_A,R_BASE,ETCH,PHOTO_01,CH_D,2051.4,0,1.5359,0.043,0.1403,0.0103,0.9101,317.422,319.492,3.0515,913.12,131.057,194.169,0.10618,0.3843,59.353,-0.2929,40.8896,0.8445,2.4088,-0.1202,787.3643,36.1313,0.28367,3,1,6,4,2,3,1,,1.2630185803378469,0,1,0,0,B
O002_W0301,2,LOT_02_02,12,P_A,R_FAST,CMP,CVD_01,CH_C,1925.4,1,1.3011,0.0677,0.0081,0.11,0.9227,312.97,305.493,3.1463,825.381,112.193,223.773,0.08205,0.4455,62.607,0.8928,44.2296,1.2395,1.9233,-1.9499,761.6295,38.1565,0.22123,9,4,3,1,0,0,3,8.7021957550338,,0,0,1,0,C
O002_W0302,2,LOT_02_03,19,P_C,R_BASE,PHOTO,ETCH_01,CH_C,1764.7,1,1.7023,0.1895,0.0317,0.0357,0.9009,314.95,316.701,3.2176,886.259,126.679,238.087,0.10408,0.7298,67.502,2.597,45.163,1.8004,-1.8102,2.4906,805.3346,37.2672,0.21055,1,1,1,10,2,0,5,8.3988732548485,,1,0,0,0,A
O002_W0303,2,LOT_02_03,25,P_C,R_BASE,CMP,CMP_01,CH_D,1736.1,0,1.2488,0.03,0.0362,0.0129,0.9439,319.199,321.222,2.9577,836.333,127.304,217.509,0.07687,0.4225,62.231,-0.3225,39.4777,1.6065,-5.6798,-5.2409,789.312,35.5312,0.19808,2,2,2,1,1,1,2,,1.0224424545033486,0,0,0,0,GOOD
O002_W0304,2,LOT_02_08,8,P_B,R_REWORK,PHOTO,CVD_01,CH_A,1871.0,0,1.2375,0.053,0.0151,0.0164,0.9507,320.702,312.084,3.1541,880.534,119.704,212.982,0.08005,0.5448,55.232,-0.7612,41.6142,1.2913,-6.4013,-0.09,772.7281,37.2419,0.07068,4,2,0,2,2,0,1,,1.2073401376531,0,0,0,0,GOOD
O002_W0305,2,LOT_02_06,10,P_B,R_REWORK,CVD,ETCH_01,CH_A,1930.3,0,1.1413,0.0249,0.0261,0.0141,0.945,324.462,313.97,2.9431,842.159,152.846,202.11,0.08882,0.3709,69.259,1.075,42.3046,1.3886,-4.6713,-7.3898,779.0866,38.7231,0.11718,9,2,1,0,0,0,0,,0.8189358234320949,0,0,0,0,GOOD
O002_W0306,2,LOT_02_05,17,P_C,R_BASE,ETCH,CMP_01,CH_B,1907.7,0,1.2152,0.0451,0.0352,0.0292,0.9203,314.018,314.868,3.3039,860.648,115.003,207.58,0.11357,0.4611,64.47,0.9438,40.5338,1.4232,9.596,0.5418,771.1836,38.969,0.17333,4,2,1,4,3,1,0,,0.9415371383212097,0,0,0,0,GOOD
O002_W0307,2,LOT_02_07,13,P_B,R_BASE,CMP,CVD_01,CH_C,1949.5,0,1.0627,0.0217,0.0254,0.0534,0.9508,309.17,321.691,3.2937,885.72,125.177,219.706,0.04287,0.2159,55.685,0.2881,44.6118,1.1887,-2.9496,-0.9669,761.8332,43.9869,0.15607,3,0,3,1,0,0,1,,1.1603498011776696,0,0,0,0,GOOD
O002_W0308,2,LOT_02_01,2,P_B,R_BASE,CVD,ETCH_01,CH_D,1838.1,0,1.3499,0.0508,0.01,0.1243,0.9138,323.578,317.288,3.134,856.871,130.385,191.85,0.10558,0.5242,65.757,0.4592,42.5078,0.9789,3.1838,3.152,790.286,41.1794,0.21011,7,3,0,5,4,1,1,,1.028313757811313,0,0,1,0,C
O002_W0309,2,LOT_02_04,9,P_A,R_BASE,CMP,CMP_01,CH_A,1819.2,0,1.0056,0.0079,0.0291,0.0049,0.9532,327.479,319.541,3.4259,809.966,128.662,191.873,0.10036,0.5623,59.778,-0.6722,40.0176,1.1824,4.8287,2.4964,808.8878,38.1395,0.19202,8,1,2,1,0,1,0,,0.9350124265295612,0,0,0,0,GOOD
O002_W0310,2,LOT_02_06,11,P_A,R_BASE,CMP,PHOTO_01,CH_D,1691.7,0,1.2914,0.0248,0.0234,0.1175,0.9163,318.773,325.719,3.1273,840.146,124.593,223.165,0.06741,0.5455,66.434,-0.6796,40.6191,1.335,8.8642,-1.3905,793.7054,36.43,0.18778,4,1,2,1,2,2,1,,1.031082491145306,0,0,1,0,C
O002_W0311,2,LOT_02_06,17,P_B,R_BASE,PHOTO,ETCH_01,CH_C,1697.6,0,1.4609,0.0378,0.0364,0.1046,0.9311,323.893,315.116,2.96,842.26,130.443,197.412,0.09685,0.465,61.155,1.3554,43.7667,0.7349,-2.2689,11.7579,793.9075,38.4135,0.2661,7,0,1,1,2,0,1,,1.1561685494370761,0,0,1,0,C
O002_W0312,2,LOT_02_08,5,P_B,R_REWORK,CVD,ETCH_03,CH_B,1936.5,0,1.822,0.0525,0.1544,0.019,0.866,318.979,319.365,2.9013,853.838,121.152,207.004,0.08869,0.251,66.564,-1.0018,38.8112,0.6188,6.4397,-8.5286,795.963,41.6987,0.14089,5,0,2,3,1,0,0,,0.9985488887487624,0,1,0,1,B
O002_W0313,2,LOT_02_05,20,P_C,R_BASE,CMP,CVD_01,CH_A,1811.3,0,1.3567,0.0278,0.0383,0.1113,0.9113,319.207,325.176,2.7982,872.967,119.246,205.946,0.08221,0.4203,61.217,-0.7037,39.9928,1.0389,-11.3386,9.3437,761.8813,33.299,0.37067,3,10,0,1,0,0,0,,0.9879929066009546,0,0,1,0,C
O002_W0314,2,LOT_02_08,12,P_A,R_FAST,ETCH,ETCH_02,CH_D,2094.0,1,1.7044,0.1587,0.142,0.0277,0.8691,319.763,313.783,3.5934,919.764,122.404,198.709,0.11567,0.5685,66.656,0.7522,43.3712,1.5982,2.0735,-12.564,788.1261,36.9471,0.17503,6,0,1,8,3,2,5,9.245148213320874,,1,1,0,0,A
O002_W0315,2,LOT_02_03,8,P_A,R_BASE,PHOTO,ETCH_01,CH_C,1683.2,1,1.6628,0.19,0.0562,0.0197,0.8933,323.561,322.025,3.5669,854.026,123.46,208.402,0.12279,0.6702,65.495,0.6178,43.3965,1.9421,-3.3421,-4.1895,757.9812,42.5222,0.21704,4,1,1,5,0,0,1,11.594592439640815,,1,0,0,0,A
O002_W0316,2,LOT_02_01,2,P_A,R_BASE,CVD,ETCH_01,CH_A,1883.3,0,1.3121,0.079,0.039,0.0108,0.9335,318.961,314.257,2.9664,873.605,125.188,207.421,0.05678,0.4724,60.815,-0.4494,43.8617,1.1899,-4.2971,5.7739,756.0583,33.0226,0.16277,3,1,4,4,0,0,0,,1.025782254676046,0,0,0,0,GOOD
O002_W0317,2,LOT_02_02,11,P_A,R_FAST,ETCH,ETCH_03,CH_B,2185.7,1,1.4697,0.1406,0.0438,0.0154,0.9145,319.447,314.088,3.2607,940.748,137.205,210.263,0.07003,0.5309,70.635,0.0929,45.5408,1.7138,-0.346,-4.5462,809.3503,38.1148,0.23498,5,1,1,6,3,0,2,9.382075654605275,,1,0,0,0,A
O002_W0318,2,LOT_02_02,9,P_C,R_BASE,CVD,PHOTO_01,CH_D,1659.5,0,1.2221,0.0295,0.0223,0.1247,0.9247,322.683,320.077,3.0947,828.329,136.018,206.373,0.09578,0.4557,53.805,1.2976,40.7049,0.9644,-5.7369,4.9797,802.7945,37.0466,0.20065,6,6,1,2,1,1,0,,1.0203147064471045,0,0,1,0,C
O002_W0319,2,LOT_02_02,20,P_A,R_BASE,ETCH,CMP_01,CH_A,1959.4,0,1.2869,0.0224,0.0128,0.0241,0.937,327.316,319.576,3.1499,901.775,107.539,205.828,0.09519,0.5541,55.801,-0.2265,40.9945,1.2877,-1.6944,-7.4965,790.8191,36.6149,0.21818,4,1,0,0,2,1,1,,0.9931798020257999,0,0,0,0,GOOD
O003_W0000,3,LOT_03_06,7,P_C,R_BASE,CMP,ETCH_02,CH_B,1822.7,0,1.2267,0.042,0.0028,0.0341,0.9269,308.561,326.693,2.8567,882.986,131.151,193.162,0.06913,0.3047,60.047,0.384,42.7404,0.7094,3.0392,-2.9143,778.6819,44.4995,0.08953,2,1,1,2,0,0,2,,0.9731223312683982,0,0,0,0,GOOD
O003_W0001,3,LOT_03_02,19,P_B,R_FAST,ETCH,ETCH_01,CH_C,1891.6,0,1.3284,0.0693,0.0031,0.0029,0.9196,316.249,310.971,2.8677,911.327,117.003,217.211,0.1025,0.3083,60.21,1.2179,44.0973,0.9696,-0.1586,0.671,771.7778,39.5887,0.25151,2,2,2,0,4,1,1,,1.2411253198595384,0,0,0,0,GOOD
O003_W0002,3,LOT_03_01,2,P_B,R_BASE,CVD,ETCH_01,CH_A,1701.7,0,1.272,0.0402,0.0402,0.0291,0.9465,322.809,321.538,3.0049,872.522,123.156,212.797,0.09593,0.5274,60.504,0.746,42.4517,0.9097,0.0911,0.275,778.7889,40.0115,0.14845,1,2,0,2,1,0,0,,1.00193429704955,0,0,0,0,GOOD
O003_W0003,3,LOT_03_07,7,P_A,R_REWORK,ETCH,CVD_01,CH_B,2153.2,0,1.1718,0.0657,0.0216,0.0047,0.9254,314.774,314.202,3.0036,869.673,127.345,209.336,0.0376,0.316,61.86,1.2264,39.4902,1.3933,8.3521,2.2915,749.2042,39.0818,0.17872,4,3,2,1,0,1,1,,1.083909816539957,0,0,0,0,GOOD
O003_W0004,3,LOT_03_08,9,P_B,R_BASE,CMP,PHOTO_01,CH_B,1761.2,0,1.1385,0.0071,0.0429,0.0167,0.9395,324.782,321.311,3.0235,882.537,116.512,191.955,0.11308,0.5287,54.471,0.6782,40.4624,0.9689,1.7804,-0.5004,806.7854,40.3446,0.18299,3,0,0,4,2,0,0,,0.8533745038099732,0,0,0,0,GOOD
O003_W0005,3,LOT_03_02,3,P_C,R_BASE,PHOTO,ETCH_01,CH_B,1843.7,0,1.5292,0.0647,0.0268,0.1173,0.8808,326.883,320.104,3.0196,840.878,126.703,208.141,0.05265,0.3359,60.371,1.3657,41.8653,1.2411,8.7881,0.8045,791.9402,36.4636,0.30245,9,3,1,2,3,0,2,,0.9359728964665347,0,0,1,0,C
O003_W0006,3,LOT_03_07,2,P_A,R_BASE,CVD,CMP_01,CH_A,1759.0,0,1.2765,0.0099,0.0549,0.032,0.9314,325.352,318.344,3.0019,800.73,127.229,197.338,0.09044,0.3869,65.31,-0.3918,40.6078,1.3323,1.7058,-3.4489,777.4855,38.3012,0.1714,6,1,1,5,2,0,2,,1.0421318346202646,0,0,0,0,GOOD
O003_W0007,3,LOT_03_07,17,P_B,R_BASE,CMP,ETCH_01,CH_D,1667.1,0,1.2261,0.0488,0.0312,0.0376,0.9369,323.366,322.19,3.0044,856.597,133.287,210.021,0.10216,0.4825,63.65,0.9833,39.8007,1.242,4.5235,-1.8855,781.4876,39.0116,0.16208,5,2,1,1,2,2,1,,1.0172466949563175,0,0,0,0,GOOD
O003_W0008,3,LOT_03_06,7,P_A,R_FAST,CMP,CVD_01,CH_C,1878.1,0,1.152,0.034,0.0172,0.0309,0.9457,325.101,326.009,2.9444,817.059,129.985,203.585,0.07754,0.3928,66.614,0.8778,40.7216,1.1701,-8.4572,2.866,782.5956,33.3263,0.21616,3,1,1,3,1,0,1,,1.1542438780934685,0,0,0,0,GOOD
O003_W0009,3,LOT_03_01,6,P_A,R_BASE,ETCH,ETCH_03,CH_D,2013.6,0,1.3488,0.0215,0.038,0.0301,0.9517,323.424,321.297,3.1096,820.938,131.331,203.27,0.09926,0.4323,59.231,-0.764,41.7352,1.3515,9.4147,-0.0477,778.2798,35.7398,0.17879,4,2,0,0,1,1,1,,1.2295655246419621,0,0,0,0,GOOD
O003_W0010,3,LOT_03_01,5,P_A,R_BASE,ETCH,CMP_01,CH_D,1982.5,0,1.6872,0.0529,0.1517,0.0096,0.9207,326.765,321.381,2.7444,871.193,124.841,199.677,0.09484,0.544,62.715,-0.04,44.6033,1.2891,6.8855,-5.8542,771.4896,35.2151,0.10267,4,1,4,4,2,3,0,,0.8902192132571162,0,1,0,0,B
O003_W0011,3,LOT_03_02,1,P_B,R_BASE,CVD,ETCH_01,CH_B,1914.5,1,1.4036,0.1576,0.0374,0.0474,0.8965,316.062,319.118,3.3387,866.058,123.921,192.176,0.07393,0.7594,66.327,0.5012,46.391,1.9262,-1.3584,-13.1584,802.8316,40.2583,0.20232,2,3,2,7,1,1,5,9.963667404066827,,1,0,0,0,A
O003_W0012,3,LOT_03_02,8,P_B,R_BASE,CVD,CVD_01,CH_D,1800.7,0,1.1873,0.0622,0.0,0.0376,0.9449,324.023,320.965,3.2544,865.595,125.026,195.008,0.07535,0.4104,60.168,2.3956,39.6469,0.6964,10.4293,5.1371,773.5459,39.7557,0.28169,7,1,3,1,1,1,2,,0.8451866249040931,0,0,0,0,GOOD
O003_W0013,3,LOT_03_08,22,P_A,R_FAST,ETCH,CVD_01,CH_A,1877.3,0,1.3556,0.047,0.0139,0.0869,0.9508,332.43,312.428,2.8015,915.137,139.507,206.689,0.0909,0.4212,63.185,-0.4685,43.4839,0.7637,-0.5446,4.4113,774.4517,36.1273,0.29081,10,4,0,2,3,0,0,,0.975889677748875,0,0,1,0,C
O003_W0014,3,LOT_03_03,22,P_A,R_BASE,CVD,CVD_01,CH_A,1968.6,0,1.2917,0.0218,0.0346,0.0293,0.9524,319.767,309.493,3.1858,839.987,111.182,203.626,0.05547,0.4142,62.157,1.4294,40.7282,1.1709,3.1961,-0.829,757.757,40.905,0.06858,1,0,0,2,1,0,2,,1.0333764479416945,0,0,0,0,GOOD
O003_W0015,3,LOT_03_01,22,P_A,R_BASE,ETCH,CVD_01,CH_A,2031.5,1,1.4223,0.1608,0.0113,0.0155,0.8977,324.229,309.472,3.6607,910.006,128.941,203.9,0.1005,0.6657,68.874,1.9163,45.2835,1.8081,-3.764,-3.8388,779.4571,33.6864,0.20249,1,2,0,7,1,1,8,13.605549141715624,,1,0,0,0,A
O003_W0016,3,LOT_03_07,10,P_B,R_BASE,ETCH,ETCH_02,CH_D,2070.1,0,1.0257,0.0337,0.0128,0.0011,0.9587,315.194,309.563,2.843,904.968,133.565,209.159,0.0827,0.335,57.917,0.4819,45.0292,1.3395,1.5496,7.7739,810.5823,41.6795,0.15804,4,0,2,0,2,0,4,,1.0655015664265977,0,0,0,0,GOOD
O003_W0017,3,LOT_03_02,18,P_A,R_BASE,ETCH,CVD_01,CH_B,2051.2,1,1.5636,0.1856,0.0164,0.0254,0.8779,328.859,313.697,3.4483,910.185,126.911,216.719,0.12994,0.5685,66.451,2.0674,41.5998,1.3839,-5.9053,3.9875,789.5936,39.6843,0.20183,6,1,2,9,0,2,2,11.538058693501533,,1,0,0,0,A
O003_W0018,3,LOT_03_08,10,P_C,R_BASE,ETCH,ETCH_01,CH_B,2040.0,0,1.6155,0.0477,0.0278,0.0264,0.8955,322.848,322.723,2.9134,882.985,129.124,218.215,0.05818,0.5059,67.836,0.9033,40.7092,1.4364,-2.4912,1.2637,837.7057,39.6021,0.10136,3,1,2,2,4,2,0,,0.915630271978605,0,0,0,1,D
O003_W0019,3,LOT_03_08,23,P_A,R_FAST,CMP,ETCH_01,CH_D,1752.6,0,1.1895,0.0244,0.0,0.0184,0.9631,326.191,309.717,2.7499,861.303,123.194,204.458,0.11066,0.6129,62.613,0.4368,42.0834,1.3698,-4.0978,0.1973,797.7179,38.1765,0.177,6,1,0,1,0,1,1,,1.4020995176237872,0,0,0,0,GOOD
O003_W0020,3,LOT_03_05,13,P_A,R_BASE,ETCH,CVD_01,CH_C,1848.0,1,1.5836,0.1804,0.039,0.0309,0.8943,319.363,309.546,3.3566,935.5,116.645,204.55,0.08565,0.494,67.887,1.1186,42.0622,1.2836,3.1379,0.267,752.6087,37.5475,0.17618,2,0,2,9,1,0,5,9.426394671603171,,1,0,0,0,A
O003_W0021,3,LOT_03_07,24,P_A,R_FAST,CMP,ETCH_01,CH_B,1838.6,0,1.8711,0.0566,0.1446,0.1067,0.8839,320.839,316.028,2.9559,824.096,119.163,210.343,0.09666,0.2861,62.247,1.0045,42.4094,0.6479,14.2767,2.4686,761.0395,37.3316,0.23843,7,3,4,1,0,0,0,,0.9171696219834369,0,1,1,0,B
O003_W0022,3,LOT_03_05,24,P_A,R_BASE,ETCH,ETCH_02,CH_B,2099.7,0,1.1398,0.0043,0.0232,0.0149,0.9506,318.472,319.956,3.2206,888.866,130.876,211.472,0.09078,0.2982,62.996,-0.2907,43.74,1.3612,-1.4692,3.2587,788.81,36.6431,0.16375,3,4,2,0,1,1,1,,1.002938701556438,0,0,0,0,GOOD
O003_W0023,3,LOT_03_04,20,P_B,R_FAST,CMP,ETCH_03,CH_B,1988.8,0,1.2577,0.0447,0.0139,0.0551,0.9337,323.169,314.832,2.952,833.622,117.654,213.772,0.09618,0.5055,64.706,-0.9652,43.9159,1.2417,-3.0763,-1.088,765.4442,40.4725,0.27623,3,0,0,1,1,0,0,,1.1192691536854626,0,0,0,0,GOOD
O003_W0024,3,LOT_03_02,14,P_B,R_REWORK,PHOTO,ETCH_01,CH_C,1845.6,1,1.5589,0.1638,0.1367,0.0,0.8897,320.344,324.34,3.5581,913.822,153.462,206.951,0.03712,0.6968,69.314,-0.1021,45.6471,1.6813,10.5966,6.3817,777.1239,34.6126,0.29812,5,1,1,12,1,1,4,8.257484475442597,,1,1,0,0,A
O003_W0025,3,LOT_03_03,15,P_B,R_BASE,CVD,CMP_01,CH_D,1658.5,0,1.5661,0.0291,0.0265,0.025,0.899,325.441,322.451,3.1915,856.696,113.793,208.826,0.09912,0.3446,61.897,-1.3203,43.123,1.1962,-0.1024,-6.0246,800.784,42.8781,0.17718,3,1,0,2,6,1,1,,1.1521991305203512,0,0,0,1,D
O003_W0026,3,LOT_03_03,24,P_A,R_BASE,CMP,CMP_01,CH_D,1728.6,0,1.0123,0.035,0.0,0.0062,0.9373,321.701,316.319,3.0542,879.067,125.68,216.912,0.12275,0.482,64.895,2.1972,42.2189,1.0763,-1.88,-1.8492,770.622,39.0278,0.15645,0,1,1,4,1,0,0,,1.126082907131687,0,0,0,0,GOOD
O003_W0027,3,LOT_03_04,13,P_A,R_BASE,ETCH,ETCH_01,CH_A,1955.5,0,1.1592,0.0203,0.0332,0.0254,0.9648,312.276,318.734,3.159,885.123,139.284,211.453,0.11861,0.3516,62.621,1.2736,41.5291,1.3214,3.3401,-5.922,779.9642,34.3316,0.12322,8,1,0,1,0,0,1,,0.9173400445527434,0,0,0,0,GOOD
O003_W0028,3,LOT_03_06,10,P_A,R_BASE,ETCH,ETCH_02,CH_A,2001.8,0,1.2297,0.0468,0.0329,0.0034,0.9654,322.329,321.498,3.1032,885.747,122.63,188.751,0.05732,0.4798,60.464,-1.035,43.1655,1.1712,3.876,9.2126,764.69,40.4206,0.10609,3,0,0,1,1,1,0,,0.8915251135523264,0,0,0,0,GOOD
O003_W0029,3,LOT_03_05,4,P_A,R_BASE,ETCH,ETCH_01,CH_A,1969.1,0,1.2404,0.0463,0.0489,0.0251,0.9364,326.066,310.417,3.1272,888.529,123.052,210.079,0.04106,0.5238,53.212,-0.2105,41.9293,1.1586,-11.9117,4.5791,787.1959,36.3474,0.16265,4,0,1,2,1,0,0,,0.9800330957410153,0,0,0,0,GOOD
O003_W0030,3,LOT_03_03,21,P_C,R_BASE,PHOTO,PHOTO_01,CH_A,1806.2,0,1.2175,0.0282,0.0306,0.0132,0.9412,319.883,318.595,2.8251,842.826,119.366,211.056,0.06812,0.3528,59.876,0.3638,39.7639,1.1175,11.5928,0.5368,808.2691,39.9288,0.20193,5,2,0,3,0,1,0,,0.9099653656148452,0,0,0,0,GOOD
O003_W0031,3,LOT_03_03,18,P_A,R_FAST,ETCH,PHOTO_01,CH_D,2011.4,0,1.1664,0.0217,0.039,0.0072,0.9683,311.672,314.632,2.9381,827.651,124.412,185.144,0.07761,0.547,62.479,0.2158,42.2054,1.2159,0.3341,-1.4971,781.0511,40.4668,0.17692,2,0,1,2,2,0,0,,0.839603289373908,0,0,0,0,GOOD
O003_W0032,3,LOT_03_08,4,P_A,R_BASE,ETCH,ETCH_01,CH_D,1972.5,0,1.2198,0.0454,0.0221,0.0136,0.9589,316.694,312.388,2.9261,849.438,124.433,207.729,0.085,0.3287,60.781,1.5563,38.2172,1.0924,4.7245,-3.9284,783.46,31.8252,0.14018,5,1,1,4,3,0,1,,1.1072205866831464,0,0,0,0,GOOD
O003_W0033,3,LOT_03_01,13,P_A,R_FAST,CVD,PHOTO_01,CH_A,1802.9,1,1.5215,0.1447,0.0476,0.0167,0.8965,330.155,313.006,3.1933,905.967,130.247,180.251,0.10512,0.645,65.307,1.8778,44.6306,1.7515,-3.4398,2.886,787.7091,38.071,0.18163,4,1,1,7,0,1,6,11.518365544132273,,1,0,0,0,A
O003_W0034,3,LOT_03_08,17,P_C,R_BASE,ETCH,ETCH_03,CH_B,2042.4,0,1.1718,0.0322,0.0225,0.0057,0.9607,318.06,326.564,3.4262,850.482,115.814,193.787,0.10949,0.6213,65.98,1.6897,42.2127,0.892,0.0716,4.0004,750.2153,36.8468,0.18306,3,0,1,2,3,1,1,,0.9846801754689766,0,0,0,0,GOOD
O003_W0035,3,LOT_03_07,17,P_B,R_BASE,ETCH,CVD_01,CH_D,1924.0,0,1.1139,0.0697,0.0025,0.0071,0.936,325.486,319.396,3.0885,860.506,147.339,202.784,0.05287,0.4819,63.2,-0.7723,41.5182,0.9684,-5.864,-2.0636,770.5418,38.2713,0.2024,5,1,1,4,1,1,0,,0.9609357588185342,0,0,0,0,GOOD
O003_W0036,3,LOT_03_07,21,P_B,R_REWORK,ETCH,ETCH_03,CH_C,2236.6,1,1.5389,0.1811,0.017,0.0284,0.9202,318.337,320.544,3.7253,837.941,124.843,214.303,0.07858,0.5004,76.703,1.4046,43.3922,1.5746,-0.4886,0.7598,741.9163,41.3389,0.27058,2,0,0,8,0,1,8,9.983245300805958,,1,0,0,0,A
O003_W0037,3,LOT_03_06,19,P_B,R_BASE,PHOTO,CVD_01,CH_D,1736.5,0,1.657,0.0475,0.0286,0.129,0.8712,311.878,314.024,3.1193,821.959,123.086,202.362,0.07592,0.2892,56.421,1.7058,41.809,1.0465,1.9275,0.8144,826.0135,40.4134,0.23424,7,4,1,1,5,1,0,,1.0091084740297325,0,0,1,1,C
O003_W0038,3,LOT_03_03,21,P_B,R_FAST,ETCH,ETCH_02,CH_A,1958.9,0,1.4614,0.0483,0.0143,0.0174,0.8912,316.125,319.875,3.0183,826.624,134.155,199.706,0.09763,0.3778,62.553,-1.0499,40.5759,0.9553,-4.4281,-5.8596,809.3867,41.7913,0.1125,4,0,0,3,7,0,2,,0.6725663374449546,0,0,0,1,D
O003_W0039,3,LOT_03_03,2,P_A,R_BASE,PHOTO,ETCH_02,CH_C,1831.0,1,1.6075,0.1627,0.0434,0.0485,0.875,314.998,319.084,3.4542,854.25,119.517,213.298,0.09171,0.398,69.168,0.6334,45.9871,2.215,6.6374,2.6316,772.9604,34.8187,0.16669,3,0,2,7,1,1,4,10.208109963340362,,1,0,0,0,A
O003_W0040,3,LOT_03_08,22,P_B,R_BASE,CVD,CMP_01,CH_C,1845.9,0,1.4153,0.0264,0.0215,0.0166,0.906,322.896,326.471,3.1836,881.688,130.261,212.002,0.13173,0.549,59.033,0.2136,42.8379,1.2925,2.3456,0.1238,769.7759,42.0242,0.1524,6,0,1,1,3,0,0,,1.193637295240511,0,0,0,1,D
O003_W0041,3,LOT_03_07,21,P_B,R_BASE,CMP,CMP_01,CH_C,1891.5,0,1.3201,0.0708,0.01,0.0278,0.9359,322.402,315.235,2.7825,845.378,129.138,206.055,0.09894,0.5009,55.694,0.2646,39.164,1.0934,1.8563,4.5167,777.7908,40.0525,0.12632,8,1,0,0,2,1,0,,0.8028871001074104,0,0,0,0,GOOD
O003_W0042,3,LOT_03_05,5,P_B,R_BASE,PHOTO,ETCH_01,CH_C,1828.9,0,1.1689,0.0563,0.0039,0.0155,0.9328,316.41,324.867,2.9182,871.568,133.047,211.034,0.10751,0.622,68.039,2.5755,43.6577,1.0685,-6.037,-1.3616,764.109,33.6703,0.16278,5,1,1,1,3,0,0,,1.0151301212119483,0,0,0,0,GOOD
O003_W0043,3,LOT_03_06,10,P_A,R_BASE,ETCH,ETCH_01,CH_B,1806.3,0,1.2504,0.0379,0.0376,0.0343,0.9271,325.999,322.084,2.9284,839.546,124.129,210.905,0.08965,0.4069,65.087,0.7903,38.6386,1.1966,-12.6407,14.3511,771.095,36.6401,0.20414,4,1,0,0,3,0,2,,1.042528487751154,0,0,0,0,GOOD
O003_W0044,3,LOT_03_06,10,P_B,R_FAST,PHOTO,ETCH_02,CH_B,1797.1,0,1.3944,0.044,0.1411,0.0,0.9183,314.706,322.243,3.004,866.719,137.248,193.676,0.08647,0.4448,66.069,0.458,40.0437,1.3503,2.1358,-4.7028,794.6776,42.5091,0.26638,3,1,5,3,1,2,0,,0.8746520644349192,0,1,0,0,B
O003_W0045,3,LOT_03_07,13,P_A,R_REWORK,ETCH,ETCH_02,CH_C,2131.9,1,1.725,0.2084,0.0344,0.0216,0.8954,320.278,319.183,3.5375,871.511,112.986,188.77,0.14464,0.695,67.371,0.7552,44.0307,2.0027,-4.1096,-1.007,778.3629,35.4008,0.19143,5,2,0,9,2,1,7,9.026064168374305,,1,0,0,0,A
O003_W0046,3,LOT_03_02,23,P_A,R_BASE,ETCH,ETCH_03,CH_C,2043.9,0,1.1339,0.0329,0.0136,0.0153,0.9626,325.819,330.148,3.5866,845.616,125.189,196.368,0.07037,0.5144,63.541,-0.6916,41.149,1.0896,-9.6652,-1.2353,764.401,37.6524,0.20023,3,3,1,1,1,0,2,,1.1589326853877473,0,0,0,0,GOOD
O003_W0047,3,LOT_03_04,20,P_B,R_BASE,ETCH,PHOTO_01,CH_C,1950.7,0,1.2232,0.036,0.0052,0.0063,0.9571,318.868,318.054,3.0333,898.11,137.873,211.711,0.08216,0.3472,70.008,0.3334,45.1429,0.9642,-1.9286,-6.7439,784.2587,39.3729,0.25202,6,1,1,2,1,1,0,,1.0782990415149891,0,0,0,0,GOOD
O003_W0048,3,LOT_03_02,25,P_B,R_FAST,CMP,CMP_01,CH_A,1894.5,0,1.5561,0.0323,0.1327,0.1338,0.8971,316.326,314.224,2.7807,836.161,115.433,201.841,0.03667,0.4891,63.837,0.5806,41.0197,1.18,1.7267,-4.0868,774.9972,35.624,0.25504,2,7,3,0,0,0,0,,0.9491889350091646,0,1,1,0,B
O003_W0049,3,LOT_03_05,6,P_B,R_BASE,ETCH,ETCH_01,CH_B,2050.5,0,1.1106,0.0107,0.0359,0.026,0.9524,324.152,321.576,2.6166,904.062,123.818,207.998,0.08031,0.4588,56.382,0.2359,39.0831,0.9376,-6.5257,0.98,799.7364,38.182,0.26658,5,0,2,0,4,1,1,,1.1167894710627104,0,0,0,0,GOOD
O003_W0050,3,LOT_03_03,8,P_C,R_REWORK,PHOTO,ETCH_01,CH_C,1998.6,0,1.3003,0.0674,0.0117,0.0136,0.9176,326.19,325.378,3.2249,812.966,130.868,215.787,0.06916,0.5607,59.124,1.5159,46.5178,1.4611,-2.1248,-0.2144,776.9875,39.4374,0.10507,3,2,2,3,0,0,0,,1.0772397564973462,0,0,0,0,GOOD
O003_W0051,3,LOT_03_02,11,P_A,R_BASE,ETCH,CMP_01,CH_B,2021.4,0,1.4866,0.0534,0.1789,0.0426,0.8861,315.183,317.819,3.0439,875.942,120.667,191.717,0.06651,0.4831,64.732,-0.5103,44.6257,1.6362,8.4389,-6.3552,760.0581,36.088,0.22245,3,1,4,4,5,2,1,,1.1432780108985159,0,1,0,0,B
O003_W0052,3,LOT_03_05,2,P_A,R_FAST,ETCH,PHOTO_01,CH_B,1913.4,0,1.1276,0.0544,0.0354,0.0038,0.9317,328.661,316.749,3.0829,836.291,123.542,191.352,0.0802,0.3945,62.587,-1.6218,44.3321,1.4396,3.2616,-0.877,783.6511,33.9307,0.07927,4,1,0,2,2,2,1,,0.8935512975577907,0,0,0,0,GOOD
O003_W0053,3,LOT_03_01,17,P_A,R_BASE,CVD,ETCH_02,CH_C,1840.8,0,1.2084,0.0567,0.0431,0.0039,0.9252,327.513,314.935,2.895,846.222,118.873,219.938,0.05567,0.4778,69.032,-0.3797,43.0856,1.0429,-1.4901,-1.818,770.2147,40.7879,0.19215,4,1,0,2,0,2,2,,0.8830804627409494,0,0,0,0,GOOD
O003_W0054,3,LOT_03_05,19,P_A,R_BASE,CVD,CMP_01,CH_C,1899.4,0,1.2341,0.055,0.0238,0.0206,0.9311,324.19,323.837,3.0218,810.41,130.752,217.638,0.07321,0.3977,59.839,0.5798,43.8242,0.9506,3.3289,-4.1782,792.4509,36.6265,0.19476,5,0,0,3,2,0,2,,1.097414744987919,0,0,0,0,GOOD
O003_W0055,3,LOT_03_04,23,P_B,R_REWORK,ETCH,ETCH_02,CH_B,2157.3,0,1.193,0.0489,0.01,0.0332,0.9551,324.238,315.417,2.7651,885.029,111.909,208.534,0.09699,0.3243,65.171,-1.0301,41.0053,1.4563,-7.5657,-3.9425,788.8834,38.8462,0.21273,13,0,2,5,0,0,1,,1.088444770623071,0,0,0,0,GOOD
O003_W0056,3,LOT_03_07,8,P_A,R_FAST,ETCH,CVD_01,CH_A,1972.1,1,1.6843,0.1464,0.023,0.0192,0.9176,308.038,320.98,3.0405,881.831,130.965,198.333,0.17021,0.6227,65.291,2.4186,40.2084,2.0895,-1.6252,-4.1089,791.7114,43.7042,0.17759,3,2,1,7,0,0,4,11.687265479400203,,1,0,0,0,A
O003_W0057,3,LOT_03_03,12,P_C,R_BASE,ETCH,CMP_01,CH_C,1836.6,1,1.6162,0.0507,0.0401,0.017,0.8758,319.183,314.261,2.9262,881.701,125.592,197.015,0.09671,0.4623,61.591,1.6729,43.5515,1.2702,-1.9793,-7.6448,814.3574,46.7287,0.18069,4,1,2,3,2,0,1,9.760622172112024,,0,0,0,1,D
O003_W0058,3,LOT_03_06,8,P_B,R_BASE,CVD,ETCH_03,CH_C,1840.9,1,1.3513,0.0425,0.0143,0.1201,0.9322,323.518,319.235,3.4841,872.16,130.816,218.205,0.06942,0.4118,54.987,0.8872,42.5851,1.3654,4.6508,1.851,779.7562,40.7212,0.24612,4,4,1,4,1,0,1,12.33697803200913,,0,0,1,0,C
O003_W0059,3,LOT_03_04,7,P_B,R_FAST,ETCH,ETCH_01,CH_B,1960.7,0,1.0609,0.0362,0.0086,0.0164,0.9488,314.873,328.874,2.9378,871.759,126.554,196.722,0.09681,0.4264,57.139,0.5007,43.7278,1.2732,1.9535,10.3828,792.019,37.0579,0.0951,5,2,1,2,1,1,1,,1.0972610047247695,0,0,0,0,GOOD
O003_W0060,3,LOT_03_06,17,P_A,R_FAST,ETCH,ETCH_01,CH_D,2022.1,0,1.3715,0.0527,0.0432,0.0241,0.9439,319.214,320.401,2.6495,820.05,124.142,214.921,0.02484,0.4724,70.154,-3.0413,41.8936,1.3989,-8.209,-3.7284,771.5868,38.8313,0.2658,6,1,2,1,0,0,1,,0.9552548028855105,0,0,0,0,GOOD
O003_W0061,3,LOT_03_01,7,P_B,R_BASE,CVD,CVD_01,CH_D,1682.5,0,1.3182,0.0279,0.0397,0.0262,0.9421,325.813,318.445,3.3874,833.698,116.715,192.88,0.04038,0.3169,53.703,0.62,40.7346,1.3716,9.5004,-8.7929,785.2592,35.985,0.21127,7,0,0,1,1,0,2,,1.2005204822520978,0,0,0,0,GOOD
O003_W0062,3,LOT_03_07,3,P_A,R_FAST,ETCH,ETCH_02,CH_A,1962.6,0,1.3178,0.0416,0.0368,0.0331,0.9482,320.837,322.449,3.0739,873.243,128.53,214.308,0.09177,0.5228,59.316,-0.8745,39.6926,0.6557,-2.6605,5.4798,789.7606,39.1823,0.22955,8,0,1,0,1,0,1,,0.7434511545059401,0,0,0,0,GOOD
O003_W0063,3,LOT_03_05,5,P_A,R_BASE,PHOTO,CMP_01,CH_A,1883.2,0,1.2805,0.037,0.0393,0.0172,0.9558,323.404,315.967,2.9148,881.816,118.857,217.67,0.08031,0.4385,68.24,1.3211,44.629,1.4159,-3.9326,1.6566,752.6898,37.1486,0.1966,3,0,1,3,3,0,0,,1.0398694605828802,0,0,0,0,GOOD
O003_W0064,3,LOT_03_01,14,P_B,R_FAST,CMP,ETCH_03,CH_A,1883.4,0,1.2663,0.0397,0.0366,0.0013,0.9325,334.488,320.261,3.0307,813.213,125.15,211.012,0.12405,0.499,58.088,0.5689,42.5991,1.0798,-4.7286,-2.4764,765.4376,40.0338,0.20446,6,0,0,2,0,1,1,,0.9332862363216837,0,0,0,0,GOOD
O003_W0065,3,LOT_03_02,17,P_A,R_BASE,CVD,CVD_01,CH_A,1572.1,0,1.2821,0.0511,0.0241,0.0246,0.9464,328.935,318.742,2.8671,869.656,129.136,213.28,0.07972,0.3697,51.485,-0.621,43.0157,1.3479,-4.859,4.4163,796.9608,40.6291,0.14697,6,2,0,1,0,1,1,,0.8445059196136764,0,0,0,0,GOOD
O003_W0066,3,LOT_03_02,13,P_C,R_BASE,CVD,PHOTO_01,CH_C,1806.7,0,1.4569,0.006,0.0304,0.0016,0.8896,326.056,321.862,3.0096,893.979,119.665,223.457,0.10963,0.5289,58.487,0.9258,45.3681,1.4659,5.4369,3.2944,794.8608,42.7227,0.1692,4,1,0,3,4,0,0,,1.0973901589161854,0,0,0,1,D
O003_W0067,3,LOT_03_02,16,P_C,R_BASE,ETCH,ETCH_01,CH_B,1926.7,0,1.2213,0.0371,0.0096,0.0251,0.9403,319.249,320.558,3.1743,831.761,108.505,224.934,0.0461,0.3663,59.229,1.0675,41.2468,1.216,-0.3932,6.6406,747.7409,38.9591,0.27518,3,2,1,0,2,0,0,,1.3384528560459528,0,0,0,0,GOOD
O003_W0068,3,LOT_03_07,6,P_A,R_BASE,CVD,CVD_01,CH_B,1845.4,0,1.4659,0.063,0.0073,0.026,0.8948,323.415,314.413,3.2014,828.736,131.48,214.895,0.07324,0.4367,58.265,-0.3643,43.7271,1.1335,-2.6436,0.7499,851.2691,41.2264,0.18531,3,0,2,2,4,0,0,,1.239350593871384,0,0,0,1,D
O003_W0069,3,LOT_03_01,20,P_B,R_FAST,CVD,CVD_01,CH_C,1794.8,0,1.1696,0.0296,0.0213,0.0235,0.9651,315.838,318.856,3.321,854.221,146.321,203.443,0.07805,0.2406,63.628,-0.1567,44.1868,1.0823,1.7415,3.8435,770.7739,38.1498,0.12334,4,1,1,2,0,0,0,,0.7391266141568327,0,0,0,0,GOOD
O003_W0070,3,LOT_03_06,20,P_C,R_BASE,ETCH,CVD_01,CH_B,1908.6,0,1.0855,0.0109,0.0326,0.0203,0.9503,309.219,307.701,3.0498,830.724,109.424,218.415,0.07018,0.3206,61.408,1.0686,42.0713,1.0207,1.5409,-7.1776,785.7497,37.9108,0.14607,2,0,0,2,1,0,0,,1.0999194210046495,0,0,0,0,GOOD
O003_W0071,3,LOT_03_02,1,P_B,R_BASE,CVD,ETCH_02,CH_B,1734.6,0,1.1915,0.0763,0.0347,0.0201,0.9341,318.917,326.197,2.7481,861.791,133.362,215.924,0.03976,0.3127,68.417,0.009,41.7608,1.4222,-3.983,-3.4183,807.1493,37.9797,0.15588,1,0,2,2,2,0,0,,1.0862902071045948,0,0,0,0,GOOD
O003_W0072,3,LOT_03_07,8,P_A,R_BASE,ETCH,CVD_01,CH_B,1891.9,0,1.1941,0.0261,0.0323,0.0,0.9521,325.776,320.364,2.9415,855.408,118.564,205.182,0.07031,0.163,60.052,0.1472,43.5693,1.3445,-0.5422,-0.4306,775.7668,35.5539,0.24374,2,0,1,2,1,0,0,,0.9171190358300115,0,0,0,0,GOOD
O003_W0073,3,LOT_03_04,15,P_B,R_BASE,ETCH,PHOTO_01,CH_D,2046.1,0,1.2914,0.0535,0.01,0.0321,0.9414,332.998,314.104,2.929,873.757,132.258,204.481,0.05489,0.357,67.959,-1.2561,40.5886,1.2617,1.0246,-5.144,779.6174,28.5962,0.27353,1,2,1,1,3,0,0,,0.9471746395398755,0,0,0,0,GOOD
O003_W0074,3,LOT_03_01,12,P_B,R_BASE,ETCH,ETCH_02,CH_B,2040.6,1,1.7338,0.1864,0.0439,0.0137,0.8924,329.22,321.74,3.3843,905.748,140.225,210.892,0.04817,0.735,65.412,2.685,47.5837,1.648,4.3157,2.4126,788.2844,35.5069,0.09404,4,0,0,6,0,1,6,8.343722012312057,,1,0,0,0,A
O003_W0075,3,LOT_03_04,24,P_B,R_REWORK,CMP,PHOTO_01,CH_D,1775.8,0,1.1537,0.0116,0.1196,0.0155,0.9145,321.045,324.058,2.957,857.019,119.667,189.314,0.06675,0.3225,64.196,2.0793,42.3132,1.1743,13.2934,-2.9055,744.0661,37.7998,0.17076,4,0,2,3,1,1,0,,1.2488134259691093,0,1,0,0,B
O003_W0076,3,LOT_03_07,4,P_A,R_BASE,PHOTO,ETCH_01,CH_A,1811.2,1,1.6821,0.2068,0.0358,0.0202,0.9107,323.721,309.458,3.4231,919.081,138.228,221.102,0.1341,0.7099,60.272,0.9044,43.1556,1.4441,-1.6554,4.309,759.3044,39.9055,0.20164,5,0,1,7,1,0,5,6.62384071564831,,1,0,0,0,A
O003_W0077,3,LOT_03_06,21,P_B,R_BASE,CVD,CVD_01,CH_A,1791.9,0,1.2311,0.0636,0.0272,0.0315,0.9495,318.107,316.486,2.4526,828.434,127.53,201.691,0.10656,0.4692,61.001,-1.9066,42.2998,1.577,-2.1037,1.5112,810.0902,33.3161,0.15051,3,1,2,3,1,0,0,,0.8569137959294042,0,0,0,0,GOOD
O003_W0078,3,LOT_03_03,18,P_B,R_REWORK,ETCH,ETCH_03,CH_A,2220.9,1,1.6268,0.1713,0.0317,0.0193,0.9093,323.025,316.282,3.8174,951.239,130.089,211.932,0.08043,0.6505,65.013,1.8613,43.9024,1.887,-4.2657,-5.7276,822.2699,37.7262,0.22223,6,0,2,4,1,0,1,9.809049081914166,,1,0,0,0,A
O003_W0079,3,LOT_03_06,18,P_C,R_BASE,ETCH,CVD_01,CH_C,1772.6,0,1.0961,0.0092,0.0408,0.0189,0.9325,321.497,307.585,2.8491,891.822,136.571,203.375,0.07117,0.4643,62.591,-0.0749,37.3902,1.0803,7.2175,7.8568,770.7193,35.3336,0.19812,4,1,3,3,1,0,0,,1.0623856789794246,0,0,0,0,GOOD
O003_W0080,3,LOT_03_02,25,P_A,R_BASE,CVD,CVD_01,CH_C,1762.4,0,1.1771,0.0457,0.0,0.0228,0.9425,314.26,317.856,3.25,849.908,120.223,204.048,0.08319,0.4485,60.714,-0.5928,38.0832,1.1731,-7.05,-4.4633,788.9872,40.2429,0.25933,5,0,0,5,1,2,1,,1.1892824459229332,0,0,0,0,GOOD
O003_W0081,3,LOT_03_03,14,P_C,R_BASE,ETCH,ETCH_01,CH_C,2030.4,1,1.8059,0.2105,0.0316,0.0125,0.903,310.683,324.394,3.0814,907.628,130.959,210.995,0.07947,0.3784,68.259,1.179,43.3335,1.7774,0.8799,7.755,779.3627,39.9884,0.13534,4,0,1,5,1,1,4,9.690995867949626,,1,0,0,0,A
O003_W0082,3,LOT_03_02,8,P_A,R_BASE,PHOTO,CMP_01,CH_B,1870.1,0,1.4192,0.0447,0.0565,0.0326,0.9287,326.633,322.954,3.2576,840.609,128.384,212.423,0.05014,0.3883,58.971,0.0094,38.84,1.0499,-2.4115,-9.0454,749.5334,40.0223,0.08361,3,1,1,3,0,1,1,,0.788738111826562,0,0,0,0,GOOD
O003_W0083,3,LOT_03_03,10,P_A,R_FAST,CMP,CMP_01,CH_A,1759.8,0,1.381,0.0107,0.0045,0.0231,0.9023,313.464,313.954,3.2132,896.467,112.968,212.067,0.07302,0.447,64.507,0.2326,41.6723,0.7207,-2.2176,-4.859,799.1895,42.7496,0.13938,2,1,1,2,9,2,1,,1.362660709417641,0,0,0,1,D
O003_W0084,3,LOT_03_03,25,P_C,R_BASE,CMP,CMP_01,CH_B,1828.9,0,1.4749,0.0317,0.133,0.0433,0.9055,312.909,314.822,3.0375,837.156,140.736,202.173,0.0561,0.4006,54.765,0.2174,42.1171,1.4175,-8.3705,-1.666,787.2068,41.3531,0.11633,7,0,2,5,0,3,0,,1.3029325626746575,0,1,0,0,B
O003_W0085,3,LOT_03_04,14,P_B,R_BASE,CMP,CVD_01,CH_D,1814.9,0,1.4835,0.0323,0.1206,0.0503,0.9313,321.026,323.77,3.0002,816.237,102.971,207.629,0.0562,0.6666,55.309,0.2159,42.507,0.77,1.41,-7.1292,788.4664,36.3545,0.18817,3,0,1,2,0,2,1,,1.0332208431375478,0,1,0,0,B
O003_W0086,3,LOT_03_03,11,P_A,R_BASE,CMP,CVD_01,CH_D,1797.1,0,1.3456,0.0612,0.0539,0.0244,0.9266,328.767,316.218,3.0122,853.333,140.21,214.852,0.10473,0.4184,61.639,-0.3308,39.5281,1.4564,-0.7297,3.8239,795.3291,43.0619,0.24485,3,0,1,2,0,2,0,,0.8895897744666936,0,0,0,0,GOOD
O003_W0087,3,LOT_03_04,13,P_C,R_BASE,PHOTO,CMP_01,CH_B,1922.6,0,1.3189,0.0342,0.0461,0.0274,0.9289,312.771,308.984,2.8855,814.391,141.509,201.564,0.09518,0.3543,56.892,-0.1579,42.6672,0.7635,-11.4059,-3.0439,763.3074,38.7149,0.21569,4,1,2,3,3,1,1,,0.9208655230096782,0,0,0,0,GOOD
O003_W0088,3,LOT_03_05,22,P_A,R_BASE,CVD,ETCH_02,CH_C,1857.6,0,1.1119,0.0605,0.0,0.0101,0.9144,331.833,320.252,3.3155,864.572,135.29,204.568,0.10287,0.4093,61.477,-0.3735,47.8558,0.9447,2.1413,1.428,808.3073,45.2299,0.25159,3,1,2,2,2,2,0,,0.8743908437866534,0,0,0,0,GOOD
O003_W0089,3,LOT_03_01,21,P_B,R_BASE,CMP,ETCH_02,CH_B,1769.7,0,1.1309,0.043,0.0187,0.0307,0.9255,321.834,308.944,2.664,849.101,123.336,216.506,0.07605,0.4011,57.489,-0.8014,43.4268,1.1237,-1.0152,-5.0716,801.7416,33.3488,0.16754,4,1,0,0,2,0,1,,1.2643937864756718,0,0,0,0,GOOD
O003_W0090,3,LOT_03_03,13,P_B,R_FAST,ETCH,PHOTO_01,CH_D,1825.9,0,1.1966,0.0313,0.0269,0.0337,0.9564,329.067,323.486,2.788,895.878,132.243,191.666,0.1088,0.621,68.246,0.1936,43.7957,1.2412,-1.0174,1.9636,759.6783,32.1146,0.13541,3,1,0,1,3,1,0,,1.22960144954766,0,0,0,0,GOOD
O003_W0091,3,LOT_03_07,6,P_B,R_BASE,ETCH,PHOTO_01,CH_A,1951.6,0,1.1471,0.0092,0.0115,0.0264,0.9764,325.583,321.867,2.9465,867.459,129.501,220.302,0.08156,0.3407,56.786,-0.2755,42.9809,0.8607,-3.5238,4.2751,782.4243,34.1887,0.19308,2,2,2,2,1,0,1,,0.8658363583051545,0,0,0,0,GOOD
O003_W0092,3,LOT_03_05,12,P_A,R_REWORK,ETCH,CVD_01,CH_C,2051.7,0,1.2032,0.0409,0.0117,0.0238,0.941,330.534,310.698,2.6171,843.288,125.865,224.212,0.10184,0.2944,62.248,-0.839,41.6896,0.6427,-3.0958,1.3096,768.9744,41.752,0.16961,9,1,1,4,1,0,1,,0.9655508435319067,0,0,0,0,GOOD
O003_W0093,3,LOT_03_01,23,P_A,R_FAST,ETCH,ETCH_01,CH_B,1974.1,0,1.3552,0.0282,0.1318,0.0116,0.9099,319.577,314.497,2.9367,842.421,125.734,185.478,0.02641,0.3882,62.572,1.3087,42.7838,0.8697,10.622,-10.8022,794.7574,37.3212,0.23661,4,1,1,2,2,3,0,,0.8925098159264384,0,1,0,0,B
O003_W0094,3,LOT_03_08,19,P_B,R_BASE,PHOTO,ETCH_01,CH_D,1827.4,0,1.1856,0.0487,0.0667,0.0239,0.915,311.691,312.55,2.8614,865.781,111.081,208.081,0.10781,0.3649,60.258,-0.4593,43.8583,1.1377,4.8916,-2.5574,805.145,37.0247,0.204,3,0,1,1,0,1,1,,1.0257532474059043,0,0,0,0,GOOD
O003_W0095,3,LOT_03_04,21,P_C,R_BASE,CVD,ETCH_01,CH_C,1830.2,0,1.0408,0.014,0.0,0.0099,0.9575,328.974,314.972,3.1764,894.25,118.214,214.929,0.10957,0.3478,64.586,-1.9767,40.847,1.3236,4.6895,-3.6025,781.2556,42.7534,0.15053,4,1,1,1,1,1,0,,0.8030035537751645,0,0,0,0,GOOD
O003_W0096,3,LOT_03_02,11,P_A,R_FAST,ETCH,ETCH_02,CH_A,1855.3,0,1.0451,0.0073,0.0363,0.0155,0.948,328.465,301.602,2.9323,864.892,123.948,236.075,0.08186,0.4759,56.961,0.7713,39.5049,1.4509,0.8713,-5.9563,763.3491,36.9683,0.22673,0,1,1,1,0,2,1,,0.7448874674087991,0,0,0,0,GOOD
O003_W0097,3,LOT_03_06,13,P_A,R_BASE,ETCH,CMP_01,CH_D,1946.5,0,1.5673,0.0658,0.1333,0.0184,0.9027,325.463,307.553,2.6887,860.515,142.364,203.359,0.07586,0.5454,60.412,0.7179,45.4395,1.3557,4.7305,-10.1055,800.4395,36.8507,0.16079,4,0,3,1,2,2,1,,1.0848266001867115,0,1,0,0,B
O003_W0098,3,LOT_03_04,20,P_C,R_BASE,CVD,CMP_01,CH_B,1985.3,0,1.577,0.0702,0.1352,0.135,0.8776,327.131,322.453,3.0251,845.343,123.629,205.414,0.07192,0.5736,56.406,-1.537,40.5033,0.9688,6.1993,-3.896,784.9782,38.1873,0.27012,8,3,3,2,4,1,1,,0.9204818271745658,0,1,1,0,B
O003_W0099,3,LOT_03_02,6,P_B,R_FAST,ETCH,ETCH_02,CH_B,2117.0,0,1.0297,0.0351,0.0176,0.0954,0.9513,332.968,321.567,2.8507,872.303,121.143,200.982,0.09264,0.3249,64.43,-0.4397,42.2575,1.0414,-0.3901,-0.9843,769.0836,34.8768,0.35931,11,7,0,1,2,0,0,,0.8279879868503799,0,0,1,0,C
O003_W0100,3,LOT_03_07,4,P_A,R_BASE,CVD,ETCH_03,CH_D,1914.5,1,1.7356,0.1548,0.0292,0.0061,0.8488,324.62,315.795,3.782,882.255,115.239,216.396,0.06553,0.5013,61.153,1.422,45.2983,1.8644,-4.6892,9.4663,778.4779,39.5606,0.17247,6,0,0,10,2,0,6,9.238579563493243,,1,0,0,1,A
O003_W0101,3,LOT_03_01,23,P_C,R_BASE,ETCH,CMP_01,CH_B,1949.2,0,1.378,0.0157,0.1248,0.0136,0.9306,320.429,317.588,2.9175,875.792,143.586,198.923,0.05685,0.4114,55.256,-0.4997,45.2807,0.91,13.5933,-4.4574,790.6157,40.6867,0.21072,7,0,2,1,1,4,2,,1.082341097022844,0,1,0,0,B
O003_W0102,3,LOT_03_04,19,P_A,R_BASE,ETCH,CVD_01,CH_C,2033.3,0,0.9752,0.0267,0.0006,0.0309,0.9674,319.84,315.927,3.0316,885.715,120.082,202.85,0.13119,0.6306,59.98,1.4833,44.7768,0.945,-2.8078,-3.792,773.2799,33.6195,0.14327,2,0,0,1,1,0,1,,1.0131309357122624,0,0,0,0,GOOD
O003_W0103,3,LOT_03_06,3,P_B,R_BASE,PHOTO,CVD_01,CH_D,1722.9,0,1.1339,0.0594,0.0174,0.0112,0.9386,311.76,312.081,2.8087,858.802,118.864,204.611,0.0614,0.2333,55.852,-0.1439,44.2986,0.9314,-1.3761,-1.6705,753.9397,39.3479,0.1925,3,0,1,1,2,0,3,,0.8843843157890674,0,0,0,0,GOOD
O003_W0104,3,LOT_03_02,24,P_B,R_FAST,CVD,CVD_01,CH_B,1723.9,0,1.301,0.014,0.1493,0.0173,0.9313,327.988,314.189,3.1306,799.933,132.572,202.036,0.08079,0.4272,61.403,0.5001,41.2668,0.4914,2.8356,-1.303,733.5637,39.2156,0.17055,3,3,3,1,2,3,1,,1.0790613317541167,0,1,0,0,B
O003_W0105,3,LOT_03_08,9,P_C,R_BASE,CMP,PHOTO_01,CH_A,1778.8,0,1.5517,0.0403,0.0361,0.1311,0.9226,322.222,319.807,3.0619,845.358,130.185,212.047,0.04293,0.4505,62.481,1.0853,45.7318,1.2603,5.9876,2.3851,801.7792,35.9146,0.27248,8,5,0,4,2,1,0,,1.099374743232997,0,0,1,0,C
O003_W0106,3,LOT_03_04,18,P_A,R_FAST,PHOTO,CVD_01,CH_C,1652.1,0,1.3568,0.046,0.0473,0.1173,0.9241,316.13,318.869,3.0322,875.76,123.657,216.704,0.12647,0.4861,61.152,-0.2564,42.9451,1.1942,-5.0887,7.7502,780.9612,39.3095,0.27415,6,9,0,2,4,2,2,,0.8837249484124432,0,0,1,0,C
O003_W0107,3,LOT_03_06,7,P_B,R_FAST,CVD,CVD_01,CH_D,1539.3,0,1.2389,0.0594,0.0164,0.0269,0.9472,318.359,320.297,3.1083,867.56,137.543,200.896,0.0954,0.4538,60.767,-0.5555,44.9477,1.4615,-12.1131,-6.2885,787.3753,38.5838,0.15776,3,1,0,4,3,1,1,,1.148769123103746,0,0,0,0,GOOD
O003_W0108,3,LOT_03_01,20,P_A,R_FAST,PHOTO,ETCH_03,CH_A,1839.1,0,1.2004,0.0146,0.0303,0.0154,0.9386,314.214,313.055,3.2454,841.782,121.683,210.045,0.07759,0.4658,61.075,0.4976,47.0636,1.2197,1.2546,2.025,763.5559,34.7209,0.14149,5,0,2,1,0,0,1,,1.0124258524590384,0,0,0,0,GOOD
O003_W0109,3,LOT_03_04,14,P_B,R_FAST,ETCH,ETCH_02,CH_A,1803.7,0,1.2654,0.0517,0.0327,0.0174,0.9548,325.701,312.657,3.1548,845.076,123.024,205.816,0.08254,0.4643,73.241,1.1771,41.3336,1.4131,-10.628,-4.2339,761.6848,39.8376,0.21362,10,1,0,0,1,0,1,,0.9662697332074374,0,0,0,0,GOOD
O003_W0110,3,LOT_03_08,19,P_B,R_BASE,CVD,ETCH_01,CH_C,1870.3,0,1.239,0.0474,0.0085,0.1183,0.934,326.311,316.37,3.0601,861.337,129.102,210.311,0.04731,0.7131,58.542,-0.4374,41.9503,0.853,-4.5684,-1.0813,768.9368,37.6229,0.23023,6,3,1,6,0,0,2,,0.8278149037913968,0,0,1,0,C
O003_W0111,3,LOT_03_06,8,P_C,R_BASE,PHOTO,ETCH_02,CH_D,1743.4,0,1.1816,0.0263,0.0345,0.0155,0.9374,318.765,322.233,3.121,835.659,121.329,204.051,0.09843,0.2275,67.543,-1.7855,42.8931,1.2058,2.6852,9.4325,781.5325,41.8429,0.18738,6,0,1,3,1,0,0,,0.6777663643754857,0,0,0,0,GOOD
O003_W0112,3,LOT_03_01,6,P_A,R_BASE,ETCH,PHOTO_01,CH_C,1938.9,0,1.3465,0.0327,0.1516,0.0313,0.9194,314.357,315.408,3.3952,905.884,124.14,217.684,0.08955,0.4925,68.464,-0.6736,43.4604,1.1964,-4.5501,-1.8885,786.3126,35.4857,0.16778,4,1,4,3,0,3,2,,1.2097706538009114,0,1,0,0,B
O003_W0113,3,LOT_03_07,24,P_B,R_FAST,PHOTO,ETCH_02,CH_B,1757.2,0,1.1638,0.0091,0.0307,0.0,0.9385,318.985,317.09,2.821,926.094,123.365,205.573,0.0375,0.3522,62.201,0.4482,41.6482,1.394,-10.0392,10.3988,781.8617,36.5682,0.16903,3,0,3,3,2,1,1,,1.1109992270349895,0,0,0,0,GOOD
O003_W0114,3,LOT_03_04,18,P_C,R_BASE,ETCH,ETCH_03,CH_D,2011.4,1,1.7038,0.1738,0.0157,0.0218,0.9137,318.779,314.125,3.4981,855.128,125.833,212.268,0.09485,0.3242,58.952,0.9256,41.8277,1.4651,2.7745,5.7865,779.35,40.3482,0.09547,5,0,1,4,1,0,4,10.081348112991673,,1,0,0,0,A
O003_W0115,3,LOT_03_05,1,P_B,R_BASE,CVD,ETCH_03,CH_B,1954.3,1,1.8596,0.1848,0.1372,0.0116,0.8648,315.155,316.989,3.7362,858.915,127.012,212.482,0.11267,0.5493,62.975,2.0634,42.5682,1.4414,8.2994,-1.4976,777.3598,38.0988,0.08122,3,0,1,6,0,3,3,10.51846916872732,,1,1,0,0,A
O003_W0116,3,LOT_03_04,6,P_B,R_FAST,CMP,CMP_01,CH_C,1752.8,0,1.2876,0.0308,0.0393,0.0178,0.9476,322.263,322.833,3.0567,854.107,129.336,208.774,0.01882,0.5089,55.997,0.4559,43.7511,1.3293,-2.4723,7.5785,806.4391,38.6069,0.19729,6,1,1,2,0,0,0,,1.2696539133046567,0,0,0,0,GOOD
O003_W0117,3,LOT_03_06,4,P_C,R_BASE,CMP,CMP_01,CH_A,1813.4,0,1.6012,0.0366,0.0519,0.1215,0.9177,311.163,321.19,2.8878,835.655,117.701,211.472,0.08948,0.3544,67.026,0.7043,42.3829,1.2592,-3.3671,-2.1017,793.3428,38.2705,0.26173,4,5,1,1,3,0,1,,1.1602443891073562,0,0,1,0,C
O003_W0118,3,LOT_03_05,2,P_B,R_BASE,ETCH,PHOTO_01,CH_B,1910.1,0,1.5499,0.045,0.0145,0.0221,0.8839,314.385,322.172,3.6344,865.251,120.22,214.753,0.05256,0.2006,56.167,0.2735,40.5655,1.0334,5.2568,-0.1613,797.7441,42.2717,0.18341,2,1,0,3,6,0,0,,0.8482476606031634,0,0,0,1,D
O003_W0119,3,LOT_03_04,5,P_C,R_BASE,CMP,CMP_01,CH_C,1948.2,0,1.2669,0.0409,0.0281,0.0092,0.9486,320.778,318.018,2.7015,799.193,127.452,212.183,0.08004,0.5269,60.964,0.4382,40.765,0.9993,-8.3058,-4.6629,801.7406,36.3513,0.17979,0,0,1,3,3,2,0,,0.9406076675707132,0,0,0,0,GOOD
O003_W0120,3,LOT_03_03,15,P_A,R_REWORK,ETCH,CMP_01,CH_C,2209.6,1,1.6096,0.1888,0.0,0.0165,0.902,324.616,317.046,3.4119,865.686,140.416,227.564,0.1092,0.5368,73.113,1.1008,45.771,1.5495,0.827,-2.1313,800.5995,39.1295,0.16479,9,0,1,7,1,2,5,10.34881043307936,,1,0,0,0,A
O003_W0121,3,LOT_03_04,6,P_A,R_BASE,ETCH,CMP_01,CH_B,1940.4,0,1.3335,0.0499,0.0203,0.1103,0.9281,310.807,319.586,2.9258,876.652,109.393,202.361,0.07223,0.4034,71.041,-0.9473,40.0023,1.0049,0.601,3.3835,763.3849,36.2803,0.24765,6,4,1,2,2,0,2,,0.9079002796923417,0,0,1,0,C
O003_W0122,3,LOT_03_06,13,P_B,R_FAST,ETCH,ETCH_01,CH_D,2037.2,0,1.457,0.0244,0.1458,0.0241,0.9036,329.528,319.5,3.0129,868.299,126.347,207.841,0.07467,0.6121,58.984,0.0852,43.8589,1.3382,0.0678,-7.6791,780.1898,39.1239,0.2037,3,1,7,4,1,3,1,,1.0480725571424159,0,1,0,0,B
O003_W0123,3,LOT_03_03,16,P_A,R_FAST,CVD,ETCH_01,CH_D,1799.2,0,1.4371,0.0523,0.0179,0.1114,0.9183,329.588,316.602,3.0203,866.225,113.135,211.779,0.09085,0.5055,60.486,0.525,43.6287,0.8313,2.8997,0.1031,782.3917,39.3618,0.1987,7,3,1,1,0,0,1,,1.0375750504827306,0,0,1,0,C
O003_W0124,3,LOT_03_06,13,P_B,R_BASE,ETCH,ETCH_01,CH_A,2075.2,0,1.4841,0.0476,0.1448,0.0178,0.8984,319.545,319.032,2.9029,860.757,130.65,213.295,0.10824,0.3682,61.126,-0.1736,41.7775,1.3518,7.4682,-16.9028,790.7323,38.075,0.09617,6,0,8,4,0,1,2,,0.991194677127051,0,1,0,0,B
O003_W0125,3,LOT_03_05,24,P_B,R_FAST,CMP,ETCH_03,CH_D,1819.8,0,1.1675,0.0499,0.0072,0.0118,0.9429,328.642,317.694,3.6182,891.573,127.43,213.489,0.09931,0.3012,56.143,-0.5754,41.6172,1.4993,-2.8552,-0.0047,784.3837,42.7174,0.15093,5,2,0,3,1,0,1,,1.1155611309920002,0,0,0,0,GOOD
O003_W0126,3,LOT_03_02,15,P_B,R_BASE,CVD,ETCH_02,CH_A,1800.6,0,1.302,0.0321,0.0374,0.0,0.9396,312.694,312.153,2.7214,867.682,127.046,225.199,0.05825,0.4931,61.614,0.4739,42.713,1.2878,5.2865,-3.6941,800.0343,36.4513,0.18926,3,0,1,0,4,0,0,,0.8905643861063951,0,0,0,0,GOOD
O003_W0127,3,LOT_03_07,16,P_C,R_BASE,CMP,PHOTO_01,CH_D,2006.2,0,1.0878,0.0181,0.0236,0.0234,0.9549,323.65,311.292,2.6152,807.8,104.899,200.411,0.08114,0.4067,60.41,-1.5369,44.7614,1.5108,2.9537,3.6964,767.6035,34.0586,0.138,3,3,3,1,1,1,1,,0.8687771242788402,0,0,0,0,GOOD
O003_W0128,3,LOT_03_07,2,P_A,R_BASE,ETCH,ETCH_01,CH_D,2021.7,0,1.0836,0.0359,0.0156,0.0202,0.9578,327.395,328.72,3.1558,870.379,121.762,213.377,0.04065,0.6019,65.12,0.21,39.2985,0.9694,1.291,-8.6322,737.3196,39.5036,0.22242,6,1,2,0,1,0,1,,1.108022147918963,0,0,0,0,GOOD
O003_W0129,3,LOT_03_08,19,P_A,R_BASE,ETCH,CMP_01,CH_D,2110.1,1,1.6975,0.1745,0.0301,0.0331,0.8881,322.875,310.408,3.6966,878.741,121.957,200.942,0.10809,0.6928,64.616,0.839,45.7363,1.5576,-5.3567,1.9028,772.2771,39.7094,0.22384,3,1,3,7,2,1,4,10.752895095706739,,1,0,0,0,A
O003_W0130,3,LOT_03_06,25,P_B,R_FAST,ETCH,ETCH_01,CH_B,1906.6,0,1.2118,0.0607,0.0318,0.0183,0.931,323.437,332.375,3.0779,890.624,131.003,189.837,0.07348,0.2855,54.891,-1.0555,40.9283,1.1773,-3.3545,-0.4248,792.3253,35.481,0.20266,4,0,1,1,1,0,0,,1.2930101801394491,0,0,0,0,GOOD
O003_W0131,3,LOT_03_06,14,P_A,R_FAST,CMP,ETCH_02,CH_B,1865.5,0,1.2022,0.0196,0.0379,0.0318,0.9408,331.244,317.121,2.798,836.307,123.412,198.727,0.0872,0.434,59.593,-2.0317,43.5613,1.6391,5.1225,-4.5647,758.2629,40.7925,0.10404,2,2,0,4,2,1,1,,0.917354443564307,0,0,0,0,GOOD
O003_W0132,3,LOT_03_04,11,P_A,R_BASE,CMP,CVD_01,CH_D,1676.9,0,1.3059,0.0542,0.0073,0.035,0.9411,323.51,320.841,3.1834,857.457,122.966,211.603,0.03373,0.0953,63.563,-0.1674,43.9695,1.1957,0.9883,-4.8409,785.2627,40.6721,0.24494,5,2,1,3,0,0,0,,1.0071054085202726,0,0,0,0,GOOD
O003_W0133,3,LOT_03_03,18,P_B,R_REWORK,PHOTO,ETCH_01,CH_C,1892.0,0,1.2748,0.0551,0.0043,0.0071,0.933,334.998,314.396,3.0212,795.908,112.411,205.172,0.09568,0.3542,64.439,-0.4933,41.5285,1.2551,2.6179,-8.6581,778.8178,41.5286,0.19851,10,0,4,6,1,1,2,,0.885632079284285,0,0,0,0,GOOD
O003_W0134,3,LOT_03_07,25,P_A,R_BASE,CVD,CMP_01,CH_A,1837.2,0,1.1286,0.0559,0.0227,0.0196,0.9218,320.353,320.51,3.2197,863.592,119.935,202.368,0.06386,0.3695,62.294,-0.9642,40.2477,1.5851,3.8683,-14.6565,775.2477,39.1749,0.19396,4,0,3,0,2,1,1,,1.0602775562441555,0,0,0,0,GOOD
O003_W0135,3,LOT_03_01,2,P_B,R_FAST,ETCH,ETCH_02,CH_D,1987.5,0,1.1245,0.0136,0.0169,0.0177,0.9442,316.05,317.952,3.2207,854.223,117.791,212.894,0.05863,0.4778,67.677,0.9901,44.7013,1.2779,-3.4597,4.7422,781.819,35.0331,0.17695,5,1,2,3,3,1,1,,1.0847092212601193,0,0,0,0,GOOD
O003_W0136,3,LOT_03_06,24,P_C,R_REWORK,ETCH,CVD_01,CH_A,2137.0,0,1.112,0.0178,0.0401,0.0201,0.9334,315.676,311.348,3.0386,865.333,127.139,226.53,0.07923,0.4753,60.589,0.1485,40.5947,0.6142,-0.4129,-1.042,784.6256,37.4461,0.20529,7,1,1,3,4,0,0,,0.7954501956165043,0,0,0,0,GOOD
O003_W0137,3,LOT_03_02,9,P_C,R_BASE,ETCH,ETCH_01,CH_A,2128.4,0,1.107,0.024,0.007,0.0125,0.9607,328.419,319.494,3.4597,875.965,110.73,205.207,0.09021,0.6058,63.01,-0.6832,42.1448,1.224,-1.6352,4.0537,773.203,40.5942,0.18026,1,1,1,1,2,0,0,,0.946026334499968,0,0,0,0,GOOD
O003_W0138,3,LOT_03_07,16,P_C,R_FAST,CMP,ETCH_01,CH_C,1740.2,1,1.4309,0.1806,0.0382,0.0138,0.8831,323.958,316.712,3.5569,884.784,126.708,207.56,0.09953,0.5791,69.462,3.4897,43.9225,1.6783,2.0326,-2.8052,794.6248,33.962,0.23186,5,0,0,5,1,0,3,10.778153168590416,,1,0,0,0,A
O003_W0139,3,LOT_03_02,10,P_A,R_BASE,CMP,CVD_01,CH_C,1887.5,1,1.6732,0.1807,0.0378,0.0137,0.8955,323.396,312.763,3.5129,913.846,130.146,198.775,0.13692,0.7162,70.591,2.2191,44.5729,1.6163,3.5186,-1.4036,734.8408,38.3189,0.1769,3,0,0,9,0,1,8,7.589972200712099,,1,0,0,0,A
O003_W0140,3,LOT_03_01,6,P_C,R_BASE,ETCH,PHOTO_01,CH_D,2004.8,0,1.2054,0.038,0.022,0.0186,0.9437,322.982,321.676,3.2259,850.334,129.479,212.092,0.10562,0.4949,64.418,0.1648,45.2474,1.314,0.205,3.7316,773.7633,39.2354,0.30874,2,1,0,2,1,2,0,,0.9032200807224552,0,0,0,0,GOOD
O003_W0141,3,LOT_03_07,12,P_C,R_BASE,CVD,ETCH_02,CH_A,1838.6,0,1.4534,0.0537,0.0253,0.134,0.8853,319.346,310.839,3.1763,823.486,118.465,224.67,0.07925,0.3277,60.175,0.6978,41.1814,1.4261,3.727,0.1408,776.9829,36.8477,0.18957,8,3,0,1,1,1,0,,1.1158066184572457,0,0,1,0,C
O003_W0142,3,LOT_03_01,18,P_A,R_BASE,CMP,CMP_01,CH_A,1871.3,0,1.1226,0.025,0.0246,0.0019,0.9693,319.111,309.501,2.8286,824.005,116.825,205.098,0.04686,0.2896,64.151,0.2655,40.3568,0.6797,4.3324,-4.2323,799.3323,38.3939,0.11551,7,0,1,3,1,1,1,,1.1933699569426444,0,0,0,0,GOOD
O003_W0143,3,LOT_03_05,10,P_B,R_REWORK,ETCH,CVD_01,CH_B,2223.7,0,1.4128,0.0199,0.1309,0.0189,0.9182,317.803,314.118,3.0642,855.846,125.623,209.608,0.06222,0.2673,61.269,-0.9921,42.2418,1.7921,10.9086,-4.9195,774.6319,32.9519,0.19084,7,3,6,2,0,2,0,,1.0800662842371418,0,1,0,0,B
O003_W0144,3,LOT_03_08,9,P_B,R_BASE,CMP,ETCH_01,CH_A,1895.9,0,1.817,0.0357,0.1396,0.1328,0.8983,319.706,323.932,3.1513,812.586,131.51,203.798,0.06112,0.4641,57.752,-0.4833,43.5081,1.3831,8.2883,-11.9043,765.896,39.5465,0.23346,7,6,2,2,2,2,1,,1.1414411800085162,0,1,1,0,B
O003_W0145,3,LOT_03_01,24,P_B,R_BASE,ETCH,CMP_01,CH_A,2104.0,0,1.245,0.0607,0.0143,0.007,0.9279,325.259,320.37,3.0251,898.33,118.986,201.098,0.00867,0.6557,56.262,-0.3565,43.2725,1.3377,-3.137,-6.0506,758.95,40.1733,0.21469,4,1,2,2,0,2,0,,1.051914713651314,0,0,0,0,GOOD
O003_W0146,3,LOT_03_03,20,P_A,R_BASE,PHOTO,ETCH_03,CH_B,1857.9,0,1.1909,0.0245,0.0326,0.0212,0.9383,322.148,323.207,3.0307,839.427,115.072,194.759,0.06876,0.3599,56.327,-0.6253,41.3276,1.2018,3.7806,0.6109,795.2557,36.9101,0.10116,7,3,0,1,1,0,1,,0.985843051969407,0,0,0,0,GOOD
O003_W0147,3,LOT_03_03,4,P_C,R_FAST,CVD,ETCH_03,CH_B,2092.2,1,1.5639,0.1706,0.0417,0.0329,0.8796,327.053,322.659,3.7816,921.984,111.534,194.533,0.12829,0.6053,69.305,4.2694,42.5788,1.5556,-0.8381,3.7555,793.7561,39.8669,0.06502,5,0,2,9,1,1,6,11.710936671716224,,1,0,0,0,A
O003_W0148,3,LOT_03_04,3,P_A,R_FAST,CVD,ETCH_01,CH_B,1856.1,0,1.9869,0.035,0.1583,0.1064,0.832,325.057,320.097,3.2313,868.645,112.067,213.931,0.08557,0.4538,57.258,-1.2243,42.8928,1.3468,4.0637,2.2396,811.195,48.0678,0.28483,9,3,8,4,4,2,1,,0.7741256821507793,0,1,1,1,B
O003_W0149,3,LOT_03_06,2,P_C,R_BASE,PHOTO,CMP_01,CH_D,1910.6,0,1.181,0.0372,0.0227,0.0339,0.9419,322.591,320.948,3.2733,821.443,133.927,204.047,0.06531,0.5508,65.279,0.2686,39.9767,0.9783,-2.8753,-3.2779,764.4301,39.9561,0.10218,9,1,0,1,0,0,3,,0.8309660381973325,0,0,0,0,GOOD
O003_W0150,3,LOT_03_08,24,P_A,R_BASE,ETCH,CMP_01,CH_B,1944.3,1,2.2572,0.1608,0.154,0.0232,0.807,316.999,316.684,3.267,894.943,137.833,207.833,0.13101,0.3621,65.217,0.4633,44.0253,1.2032,2.1758,1.2987,848.0871,42.3542,0.24936,3,4,4,5,3,1,8,10.285289827242371,,1,1,0,1,A
O003_W0151,3,LOT_03_07,9,P_A,R_FAST,ETCH,PHOTO_01,CH_A,1903.5,0,1.1623,0.0204,0.0047,0.0415,0.9725,313.35,314.246,3.2238,897.142,132.4,212.275,0.03365,0.2836,71.586,-0.4138,41.9363,1.4355,-3.2412,-5.3476,798.8637,33.961,0.16985,2,0,1,1,1,1,2,,0.9783566027455295,0,0,0,0,GOOD
O003_W0152,3,LOT_03_06,17,P_B,R_FAST,CVD,ETCH_01,CH_A,1913.9,0,0.9541,0.0,0.0177,0.0312,0.9559,319.87,319.334,2.7443,878.142,122.914,208.372,0.0838,0.294,59.8,-1.094,41.6321,1.0638,4.6091,-5.6927,778.4238,35.7381,0.12294,6,1,1,0,2,0,1,,1.0029799942751374,0,0,0,0,GOOD
O003_W0153,3,LOT_03_06,11,P_C,R_BASE,ETCH,ETCH_03,CH_C,2051.1,1,1.4496,0.1828,0.0266,0.0189,0.9146,311.829,310.355,3.3406,915.318,130.402,189.644,0.11014,0.7189,69.308,2.5184,45.0743,1.924,-2.6587,10.9395,771.5724,42.1073,0.1767,4,2,0,6,2,1,5,12.142272721983113,,1,0,0,0,A
O003_W0154,3,LOT_03_01,15,P_C,R_BASE,ETCH,CVD_01,CH_D,1923.3,0,1.1636,0.0382,0.016,0.0115,0.9487,323.291,314.513,2.7868,902.791,116.174,197.361,0.09056,0.5238,60.666,-0.6296,41.0035,1.6776,-4.4422,2.236,765.6113,41.8256,0.15745,4,0,0,3,1,0,0,,0.7072131265735295,0,0,0,0,GOOD
O003_W0155,3,LOT_03_03,1,P_B,R_BASE,CVD,PHOTO_01,CH_D,1869.7,0,1.2875,0.0591,0.0632,0.0069,0.9207,330.12,316.334,2.8907,828.733,122.825,196.636,0.09131,0.3138,61.142,-1.1794,42.8655,1.3408,1.0317,4.1158,791.5851,35.5491,0.16845,2,0,3,5,2,0,2,,0.9314103254074755,0,0,0,0,GOOD
O003_W0156,3,LOT_03_05,5,P_A,R_FAST,CMP,CVD_01,CH_A,1727.5,0,1.1029,0.0144,0.0328,0.0147,0.9532,312.65,315.452,2.7824,890.328,130.592,227.004,0.06991,0.4907,61.905,0.5097,39.5139,1.157,-3.3534,0.0209,769.8653,39.7282,0.19584,2,1,1,2,2,2,1,,0.8949548131773064,0,0,0,0,GOOD
O003_W0157,3,LOT_03_03,5,P_A,R_BASE,CVD,CVD_01,CH_D,1876.7,0,1.1456,0.0449,0.0178,0.0157,0.9278,323.078,313.911,2.6345,855.23,126.557,205.619,0.05289,0.3263,64.912,1.6404,38.5253,1.1345,-6.208,3.1796,778.3695,43.7347,0.158,4,1,0,4,0,0,1,,1.1919640217531724,0,0,0,0,GOOD
O003_W0158,3,LOT_03_04,24,P_A,R_BASE,CMP,ETCH_01,CH_A,1775.6,0,1.151,0.0415,0.0111,0.0283,0.9604,327.992,323.638,3.2013,868.345,127.246,223.172,0.05982,0.3528,65.71,0.9946,42.0327,1.5922,-5.8659,11.8592,742.5739,40.6922,0.22859,4,0,0,2,0,1,0,,0.8753274772186715,0,0,0,0,GOOD
O003_W0159,3,LOT_03_03,3,P_C,R_BASE,ETCH,PHOTO_01,CH_C,1938.7,0,0.9832,0.0069,0.034,0.0233,0.9522,326.344,322.895,2.8916,918.287,135.065,217.008,0.0629,0.4336,56.248,-0.4569,41.0769,1.2636,3.4493,-3.6454,786.5723,38.1454,0.15082,6,0,1,2,2,0,1,,1.1649040816457161,0,0,0,0,GOOD
O003_W0160,3,LOT_03_06,17,P_B,R_FAST,CVD,ETCH_01,CH_C,1710.8,0,1.2456,0.0128,0.0234,0.0315,0.9544,325.735,318.599,3.5195,830.927,136.664,217.49,0.03164,0.2053,58.918,1.7647,43.5601,1.4126,-6.3468,-3.0187,791.1865,31.8338,0.20678,0,0,0,1,2,2,1,,1.1270439030926018,0,0,0,0,GOOD
O003_W0161,3,LOT_03_01,10,P_B,R_BASE,PHOTO,PHOTO_01,CH_A,1862.7,0,1.3914,0.0465,0.0253,0.0109,0.9043,326.347,313.748,3.2324,882.919,128.028,217.813,0.07214,0.3779,57.937,0.5833,43.9048,0.9128,0.9902,2.0772,795.3488,45.1925,0.1696,3,1,1,3,1,0,0,,1.1631936096384492,0,0,0,1,D
O003_W0162,3,LOT_03_01,23,P_A,R_BASE,CVD,ETCH_02,CH_A,1801.7,0,1.2653,0.0381,0.0468,0.0105,0.9546,320.968,322.974,2.9825,859.686,125.976,217.16,0.06583,0.3252,67.961,0.3314,41.8957,1.5039,-8.6064,-9.3441,783.5532,41.4001,0.17094,4,1,1,2,1,0,0,,1.0426938747145247,0,0,0,0,GOOD
O003_W0163,3,LOT_03_06,25,P_B,R_BASE,ETCH,ETCH_01,CH_B,2023.4,1,1.8204,0.1701,0.1342,0.0347,0.8531,314.944,325.708,3.7523,880.418,127.652,208.906,0.09247,0.6532,64.191,1.6036,42.4531,1.5006,17.6171,2.238,779.3997,35.2212,0.15323,1,0,3,6,0,1,5,10.525410362476835,,1,1,0,0,A
O003_W0164,3,LOT_03_01,23,P_C,R_BASE,ETCH,PHOTO_01,CH_B,1974.3,1,1.8855,0.1807,0.0294,0.0268,0.8625,330.456,319.874,3.6305,843.417,125.257,215.213,0.11803,0.792,60.06,2.0111,41.7469,2.3466,2.9788,-3.425,824.1067,42.1463,0.26106,5,1,1,3,0,1,4,10.756304058974246,,1,0,0,1,A
O003_W0165,3,LOT_03_04,11,P_B,R_BASE,CVD,CVD_01,CH_D,2044.1,0,1.2033,0.033,0.0158,0.0321,0.9586,322.11,324.211,3.2742,853.463,132.878,229.962,0.07974,0.4053,63.425,1.1439,44.9203,1.2283,3.4017,7.3858,752.7871,34.0782,0.12235,2,1,1,3,2,0,0,,0.9042886661524009,0,0,0,0,GOOD
O003_W0166,3,LOT_03_06,3,P_B,R_FAST,CMP,ETCH_02,CH_B,1710.8,0,1.2651,0.0396,0.0439,0.0271,0.9327,327.803,315.831,2.9532,798.065,122.973,220.204,0.0968,0.5145,63.666,-0.0146,42.1081,1.6359,5.2948,1.8086,819.9791,40.0262,0.13981,4,1,1,0,1,1,1,,1.1822269028783479,0,0,0,0,GOOD
O003_W0167,3,LOT_03_06,9,P_A,R_BASE,CVD,CVD_01,CH_B,1857.3,1,1.4193,0.0314,0.0216,0.0466,0.8971,326.038,319.823,3.0736,852.897,136.337,203.92,0.07565,0.5953,66.083,0.8746,41.6334,1.0997,-7.75,-1.6534,802.6745,37.1968,0.19136,1,1,1,1,1,1,0,10.763070457512814,,0,0,0,1,D
O003_W0168,3,LOT_03_08,25,P_B,R_BASE,ETCH,CVD_01,CH_C,2141.6,0,1.074,0.0207,0.0185,0.0137,0.9586,319.445,317.254,2.78,818.992,123.18,207.479,0.03965,0.422,66.838,0.4636,43.5496,1.2319,-3.633,9.7499,789.7486,31.6251,0.10858,3,0,0,4,1,0,2,,1.0566823985882077,0,0,0,0,GOOD
O003_W0169,3,LOT_03_07,23,P_B,R_BASE,CVD,PHOTO_01,CH_B,1795.7,0,1.2303,0.0233,0.0455,0.0251,0.9335,314.266,325.855,3.0286,751.561,131.722,208.357,0.0554,0.5717,63.57,-0.4967,39.7484,1.0849,-4.0106,-2.8794,781.3894,42.686,0.18551,2,1,0,2,2,1,0,,1.0641207327468476,0,0,0,0,GOOD
O003_W0170,3,LOT_03_03,4,P_B,R_BASE,CMP,PHOTO_01,CH_A,1881.7,0,1.5961,0.0611,0.1557,0.0182,0.9282,320.52,319.197,3.387,883.271,134.709,207.396,0.11725,0.3533,53.722,0.9312,44.9826,1.422,7.6065,-3.9545,759.0505,36.902,0.17248,2,2,5,1,2,3,1,,0.9646656585650591,0,1,0,0,B
O003_W0171,3,LOT_03_05,16,P_C,R_BASE,PHOTO,PHOTO_01,CH_C,1799.0,0,1.2523,0.0531,0.0279,0.0114,0.9306,324.434,315.55,3.2682,822.516,127.664,213.327,0.07252,0.2089,57.918,0.3681,42.9742,1.2087,-12.3533,-9.7672,779.9058,37.715,0.19482,1,0,0,3,2,1,1,,1.2766986596808747,0,0,0,0,GOOD
O003_W0172,3,LOT_03_06,12,P_C,R_REWORK,ETCH,CVD_01,CH_B,2069.4,0,1.4078,0.0236,0.1411,0.0264,0.8993,317.687,314.297,2.9284,893.85,114.031,194.931,0.07477,0.3865,69.533,-1.6102,42.4021,0.6563,15.6155,-1.3932,752.4289,46.268,0.12663,10,1,4,2,0,2,1,,1.2079232942820592,0,1,0,0,B
O003_W0173,3,LOT_03_08,22,P_A,R_BASE,CMP,ETCH_02,CH_C,1697.5,0,1.1376,0.0312,0.0467,0.0083,0.9573,329.164,330.297,3.1462,885.191,136.394,205.207,0.06235,0.5832,56.084,0.1146,42.648,1.099,0.031,-1.8146,759.5328,37.3001,0.15914,2,1,0,2,3,1,0,,0.8441794874740347,0,0,0,0,GOOD
O003_W0174,3,LOT_03_07,17,P_B,R_BASE,ETCH,PHOTO_01,CH_A,2071.6,0,1.2331,0.0445,0.0169,0.0028,0.9573,325.614,321.057,2.9314,853.677,137.572,206.266,0.05563,0.6007,60.506,0.5518,40.7725,0.5457,-2.4098,12.5527,784.0939,40.4216,0.13009,3,2,0,1,3,0,0,,0.9146490784392203,0,0,0,0,GOOD
O003_W0175,3,LOT_03_06,22,P_B,R_BASE,CMP,ETCH_03,CH_C,1931.8,0,1.523,0.0505,0.1651,0.0175,0.9144,325.573,323.867,3.3472,890.786,126.272,211.358,0.10298,0.3606,59.989,-0.311,40.8477,0.9465,10.2303,-0.9088,766.8424,43.8444,0.13229,5,1,4,1,2,0,0,,0.7172417536462508,0,1,0,0,B
O003_W0176,3,LOT_03_01,8,P_A,R_BASE,ETCH,ETCH_01,CH_B,2224.4,0,1.924,0.0473,0.1234,0.0255,0.8653,328.6,319.687,3.1717,843.888,130.9,204.534,0.12446,0.6599,64.158,1.0824,40.7823,0.7567,4.1681,1.5598,789.993,40.8311,0.09605,6,1,6,1,4,4,0,,1.1940164370552353,0,1,0,1,B
O003_W0177,3,LOT_03_04,10,P_B,R_BASE,ETCH,ETCH_01,CH_B,1933.4,0,1.1816,0.0553,0.0224,0.0174,0.9354,327.141,320.721,2.8084,844.944,117.668,201.287,0.08105,0.4167,62.142,0.3394,43.3919,0.6763,-3.9129,8.9555,775.5724,38.2187,0.23656,7,0,1,3,0,0,0,,1.1493637411241027,0,0,0,0,GOOD
O003_W0178,3,LOT_03_01,22,P_B,R_BASE,CMP,CVD_01,CH_C,1924.7,0,1.4093,0.0448,0.0326,0.0315,0.9531,329.283,314.719,3.1625,847.811,131.448,204.043,0.05385,0.4332,60.625,1.8543,41.505,1.4518,-0.5113,1.7596,793.8508,36.9017,0.18775,6,0,4,0,1,0,0,,0.9027514108434013,0,0,0,0,GOOD
O003_W0179,3,LOT_03_01,25,P_A,R_BASE,CVD,ETCH_02,CH_C,1695.2,0,1.1171,0.0267,0.0076,0.0352,0.9707,321.474,314.429,3.0844,880.156,126.063,214.076,0.09506,0.474,61.197,-0.4331,44.3941,1.4331,4.0682,6.8566,765.0624,34.6431,0.15742,6,0,1,3,2,0,2,,1.1732481413013143,0,0,0,0,GOOD
O003_W0180,3,LOT_03_06,19,P_A,R_BASE,PHOTO,CMP_01,CH_C,1707.8,0,1.0031,0.0219,0.0176,0.0,0.9397,326.856,333.602,2.9849,839.189,131.694,212.826,0.09822,0.2907,68.945,0.3963,43.6036,1.0599,6.8413,-3.0739,724.7397,42.8073,0.12265,4,2,0,1,2,2,0,,1.0360345573090446,0,0,0,0,GOOD
O003_W0181,3,LOT_03_06,23,P_A,R_BASE,ETCH,ETCH_01,CH_D,1911.5,0,1.2309,0.0306,0.0311,0.0382,0.9283,318.054,316.014,2.4855,917.924,130.203,199.151,0.09886,0.4221,61.889,-1.1374,41.071,0.5347,-6.5856,-10.9036,783.1396,34.8402,0.22969,5,1,2,3,0,1,0,,0.9330436370111517,0,0,0,0,GOOD
O003_W0182,3,LOT_03_06,1,P_C,R_FAST,CVD,ETCH_03,CH_D,1882.1,1,1.4293,0.1736,0.0205,0.0184,0.8907,319.085,316.112,3.471,925.823,126.483,200.527,0.10654,0.6063,72.385,1.0958,44.7447,1.9647,0.4053,1.2419,806.0615,36.4636,0.14914,6,0,0,5,1,0,3,10.469289504792929,,1,0,0,0,A
O003_W0183,3,LOT_03_05,15,P_A,R_REWORK,PHOTO,CVD_01,CH_D,1834.8,0,1.203,0.033,0.0204,0.0252,0.9395,314.695,317.872,3.0902,869.86,121.435,207.732,0.05927,0.3984,64.693,0.3316,41.2265,0.8478,-8.4075,-6.4306,786.6538,37.3971,0.2569,5,0,2,2,2,1,1,,0.7671673251261455,0,0,0,0,GOOD
O003_W0184,3,LOT_03_08,5,P_A,R_FAST,ETCH,ETCH_01,CH_C,1921.0,0,1.2866,0.047,0.031,0.0239,0.9576,322.414,314.266,2.9518,884.049,114.864,206.314,0.10859,0.3381,57.655,-0.2424,42.6913,1.1137,4.6133,-7.6521,754.181,41.68,0.18597,5,0,2,1,0,1,1,,1.117180813131524,0,0,0,0,GOOD
O003_W0185,3,LOT_03_05,11,P_C,R_FAST,CVD,CVD_01,CH_A,1936.9,0,1.2434,0.0692,0.0098,0.0103,0.9091,316.614,318.537,2.9402,858.728,130.678,196.03,0.07495,0.5258,63.932,0.6311,42.7417,1.3796,-2.8053,4.0121,770.1717,41.5824,0.19125,2,0,0,0,1,0,0,,0.797150149279475,0,0,0,0,GOOD
O003_W0186,3,LOT_03_03,6,P_A,R_FAST,ETCH,ETCH_01,CH_B,2054.2,0,1.395,0.0524,0.0138,0.0467,0.9232,315.363,321.12,3.0766,884.246,122.649,206.034,0.03243,0.3636,55.451,-0.683,42.4968,1.138,-1.1151,8.2622,775.4216,37.3936,0.24697,2,0,0,3,1,0,1,,1.1536610433377115,0,0,0,0,GOOD
O003_W0187,3,LOT_03_05,16,P_B,R_REWORK,CVD,ETCH_02,CH_D,1858.5,0,1.3536,0.0318,0.0152,0.0978,0.9349,320.472,310.193,2.7909,812.084,124.226,205.478,0.08371,0.4658,69.573,0.9051,38.5592,1.2133,-1.8513,-4.6838,783.2734,41.5199,0.18545,9,2,0,2,2,0,4,,0.9597736211375247,0,0,1,0,C
O003_W0188,3,LOT_03_02,16,P_A,R_BASE,CMP,CMP_01,CH_A,1819.9,0,1.1358,0.0478,0.0301,0.0251,0.951,316.352,316.353,2.9742,862.645,129.433,222.405,0.07999,0.3224,67.174,1.2108,42.4656,1.3527,-6.2482,-9.1039,771.8759,37.2597,0.02868,7,0,1,0,2,0,1,,0.9550654894040518,0,0,0,0,GOOD
O003_W0189,3,LOT_03_04,15,P_A,R_BASE,ETCH,ETCH_01,CH_C,2037.5,0,1.0479,0.0302,0.0074,0.0186,0.9239,324.011,317.625,2.7031,840.287,112.815,213.244,0.06731,0.3098,62.99,0.7507,41.4583,0.8948,2.8905,1.489,750.4105,37.5557,0.14398,5,3,0,2,3,0,2,,1.1729799418856846,0,0,0,0,GOOD
O003_W0190,3,LOT_03_06,10,P_C,R_REWORK,PHOTO,ETCH_02,CH_C,1901.6,0,1.3536,0.0477,0.0239,0.0,0.935,311.204,318.228,2.8158,854.36,127.03,210.549,0.11306,0.3516,66.277,1.3922,43.1519,0.9226,-5.2514,2.912,765.7389,39.6865,0.21982,3,0,0,2,0,0,2,,0.9294097969528241,0,0,0,0,GOOD
O003_W0191,3,LOT_03_02,21,P_B,R_BASE,CMP,ETCH_02,CH_B,1734.4,0,1.5527,0.0426,0.0498,0.0181,0.8911,324.244,317.697,2.9571,868.8,127.665,210.484,0.11434,0.6477,59.947,0.5592,39.3285,1.5854,3.8493,7.0088,784.0335,41.5822,0.20543,5,1,0,3,2,1,1,,1.0318020846534524,0,0,0,1,D
O003_W0192,3,LOT_03_07,25,P_A,R_BASE,CMP,ETCH_03,CH_B,1971.8,0,1.353,0.0631,0.0455,0.0469,0.9296,331.239,318.193,3.4041,822.456,128.603,203.352,0.06279,0.2703,55.216,-0.0536,41.8489,1.3163,-4.8508,0.7478,797.8681,38.0219,0.2266,2,1,0,2,1,0,0,,1.113658064614867,0,0,0,0,GOOD
O003_W0193,3,LOT_03_07,8,P_B,R_FAST,ETCH,PHOTO_01,CH_C,2012.4,1,1.4918,0.1585,0.0143,0.032,0.8891,325.372,317.196,3.8328,847.733,145.813,212.238,0.09188,0.5162,69.892,1.5439,43.6128,1.5201,5.1824,-0.3531,811.1484,34.992,0.1982,4,2,1,6,1,0,7,12.221031855120167,,1,0,0,0,A
O003_W0194,3,LOT_03_07,6,P_B,R_FAST,ETCH,CMP_01,CH_A,1955.9,0,1.1831,0.0434,0.0321,0.0,0.9407,313.503,316.826,2.8075,907.387,118.838,205.158,0.07283,0.3223,57.617,0.9023,39.8441,0.9439,2.8656,1.4758,792.891,35.3686,0.23412,1,1,1,1,2,2,2,,0.8514149580936813,0,0,0,0,GOOD
O003_W0195,3,LOT_03_03,17,P_A,R_BASE,CVD,ETCH_01,CH_C,1946.2,0,1.4013,0.0336,0.044,0.1267,0.9257,321.899,322.216,2.7282,777.889,127.325,207.614,0.1182,0.491,60.451,0.3937,38.3591,1.0785,-3.5415,-0.0744,784.9196,36.3541,0.21319,6,3,0,2,1,1,0,,0.9045614830667716,0,0,1,0,C
O003_W0196,3,LOT_03_03,3,P_B,R_BASE,PHOTO,ETCH_03,CH_C,1769.6,1,1.345,0.0318,0.0303,0.1261,0.8989,318.686,312.191,2.8579,841.101,120.56,221.706,0.02531,0.3072,59.123,-0.2163,43.4416,1.4636,2.0179,4.0552,782.1072,43.1739,0.18753,7,5,0,1,0,0,3,10.878679787877104,,0,0,1,0,C
O003_W0197,3,LOT_03_06,16,P_A,R_BASE,ETCH,CMP_01,CH_B,1993.0,0,1.4066,0.0577,0.0565,0.0259,0.9441,321.396,320.898,2.8886,878.025,130.327,204.032,0.04138,0.4412,69.203,0.3321,40.8769,1.5597,-4.1116,10.9012,757.5208,41.4913,0.0992,4,2,1,1,3,1,1,,0.8817367920550627,0,0,0,0,GOOD
O003_W0198,3,LOT_03_02,16,P_A,R_FAST,ETCH,CMP_01,CH_B,1946.7,0,1.1248,0.0357,0.0063,0.0248,0.9442,319.856,322.927,2.6379,908.616,124.485,210.795,0.08,0.4989,51.264,-0.0251,43.2733,0.798,3.2333,-9.5426,800.429,37.0924,0.24646,4,0,3,2,4,0,1,,1.2905126016790964,0,0,0,0,GOOD
O003_W0199,3,LOT_03_07,25,P_C,R_FAST,PHOTO,ETCH_01,CH_A,1791.4,0,1.4708,0.0469,0.038,0.1066,0.9172,327.231,323.11,2.7806,841.439,138.844,209.939,0.09699,0.3429,71.156,0.262,41.5363,0.9019,-1.2349,5.0475,785.2794,40.162,0.16966,4,5,2,3,3,0,2,,0.9238621556490898,0,0,1,0,C
O003_W0200,3,LOT_03_04,19,P_B,R_BASE,ETCH,ETCH_03,CH_A,2324.0,0,1.1764,0.0522,0.0399,0.0082,0.9408,334.85,319.953,3.2782,879.707,134.303,198.66,0.06525,0.2884,71.653,-0.6355,42.9779,0.9355,4.8047,2.4499,761.2995,36.0257,0.12147,6,1,0,1,2,1,1,,1.0281888753891157,0,0,0,0,GOOD
O003_W0201,3,LOT_03_07,5,P_C,R_BASE,CVD,ETCH_01,CH_B,1851.2,0,1.5829,0.0376,0.0048,0.0346,0.8769,323.181,317.881,3.1022,875.304,123.685,204.983,0.08125,0.329,61.971,0.1693,40.3683,1.0927,6.2814,1.1934,778.0176,43.3354,0.1149,7,0,0,1,3,0,2,,0.925181491519806,0,0,0,1,D
O003_W0202,3,LOT_03_03,24,P_B,R_FAST,ETCH,ETCH_01,CH_C,1849.4,0,1.2511,0.0465,0.0318,0.019,0.9459,320.578,314.121,3.0162,868.939,134.959,212.04,0.02225,0.5511,68.235,-0.4963,41.8532,1.3792,5.1726,3.8025,775.9193,36.344,0.17232,5,1,2,2,0,1,1,,0.9658866403919399,0,0,0,0,GOOD
O003_W0203,3,LOT_03_05,2,P_A,R_BASE,ETCH,ETCH_02,CH_B,1970.1,0,1.2816,0.0397,0.0373,0.0915,0.9456,317.33,316.813,2.8571,881.976,130.01,224.985,0.11676,0.5412,65.322,-1.5625,43.354,0.7124,0.4196,-3.7262,786.3309,33.0177,0.15208,5,5,2,0,4,1,1,,1.075179264406766,0,0,1,0,C
O003_W0204,3,LOT_03_07,21,P_B,R_FAST,CVD,ETCH_01,CH_D,1719.5,1,1.5664,0.0203,0.0368,0.1283,0.8954,326.794,319.678,3.0858,833.89,115.835,200.764,0.10448,0.3917,66.544,0.2831,41.5449,1.1797,-3.3825,2.5831,763.6524,40.1223,0.22553,10,5,0,2,2,1,2,11.45294182074913,,0,0,1,1,C
O003_W0205,3,LOT_03_01,20,P_B,R_BASE,CMP,ETCH_01,CH_C,1707.8,0,1.5375,0.0439,0.0415,0.0202,0.8785,320.05,329.294,3.1455,848.202,122.795,212.721,0.0709,0.5553,57.233,0.647,41.9942,1.1417,0.2563,5.6788,806.1182,42.5678,0.18031,1,0,0,2,8,0,0,,0.9789420302478206,0,0,0,1,D
O003_W0206,3,LOT_03_07,14,P_A,R_BASE,CVD,ETCH_01,CH_B,1940.8,0,1.4186,0.0024,0.0283,0.0407,0.9204,310.658,320.023,2.7273,843.062,120.476,209.252,0.07286,0.6279,68.019,-0.3365,42.4902,1.5672,0.2124,2.9352,783.8175,40.6716,0.25412,5,1,1,4,1,0,1,,0.8322380381770734,0,0,0,1,D
O003_W0207,3,LOT_03_07,2,P_B,R_BASE,CMP,ETCH_01,CH_C,1862.3,1,1.9353,0.1886,0.0145,0.0156,0.8546,322.618,323.552,3.1113,863.686,123.781,197.078,0.03745,0.6027,67.029,2.5062,45.6683,1.9788,-0.4818,8.3259,812.0439,40.8071,0.29162,3,1,2,10,3,1,4,11.193984551468963,,1,0,0,1,A
O003_W0208,3,LOT_03_08,15,P_C,R_BASE,CMP,ETCH_02,CH_D,1878.9,0,1.0677,0.0408,0.0125,0.0291,0.9288,314.717,318.217,3.1926,822.162,121.725,197.735,0.09003,0.3975,65.796,-0.7739,42.8539,0.7477,4.6056,-6.6339,767.3843,38.9934,0.18873,3,0,0,2,0,0,2,,0.9274302743369628,0,0,0,0,GOOD
O003_W0209,3,LOT_03_04,9,P_B,R_BASE,PHOTO,CMP_01,CH_D,1841.5,0,1.2828,0.0031,0.0372,0.1045,0.9195,332.3,319.588,2.9679,852.422,121.422,192.955,0.04592,0.2601,66.722,-0.8561,42.5849,1.3804,-8.9856,6.9954,758.3141,35.7352,0.15329,8,3,1,2,0,1,1,,0.8422075278988338,0,0,1,0,C
O003_W0210,3,LOT_03_03,18,P_C,R_BASE,ETCH,ETCH_01,CH_B,1879.7,1,1.5254,0.182,0.0031,0.0137,0.9087,317.951,316.444,3.2732,958.937,116.646,201.834,0.09214,0.6949,71.79,1.6453,41.9453,1.448,-1.0399,-0.5517,789.562,38.6613,0.13831,7,0,3,3,1,2,9,10.93949900979667,,1,0,0,0,A
O003_W0211,3,LOT_03_06,1,P_B,R_BASE,ETCH,ETCH_01,CH_A,2114.3,0,1.1465,0.041,0.0148,0.0155,0.9643,328.304,319.051,2.9455,873.173,122.362,216.788,0.10957,0.456,62.505,-0.6014,43.9436,1.3607,8.0045,3.1729,768.0259,41.6362,0.2963,2,0,0,2,1,0,0,,0.9246164702527969,0,0,0,0,GOOD
O003_W0212,3,LOT_03_08,5,P_A,R_BASE,CMP,ETCH_02,CH_A,1972.0,0,1.1126,0.0354,0.0286,0.0,0.9558,317.743,313.179,3.2562,835.695,129.56,190.52,0.09125,0.4295,59.307,1.3011,42.6575,1.0518,-5.6305,7.9324,774.8243,35.267,0.21926,3,1,1,2,0,0,0,,1.0760535780698506,0,0,0,0,GOOD
O003_W0213,3,LOT_03_01,11,P_C,R_BASE,CMP,ETCH_01,CH_A,1833.6,0,1.237,0.0169,0.0122,0.0443,0.9465,333.607,319.822,3.378,855.566,118.83,204.098,0.08543,0.6036,66.682,-0.2228,41.0047,1.1374,-0.4312,9.1061,814.4005,36.494,0.14347,2,0,1,0,0,0,0,,0.7302398171518624,0,0,0,0,GOOD
O003_W0214,3,LOT_03_07,1,P_C,R_BASE,ETCH,CMP_01,CH_B,2038.7,0,1.1963,0.0333,0.0382,0.0298,0.9405,317.798,322.463,3.1751,874.593,127.343,201.561,0.07887,0.4031,61.845,-0.4978,42.9912,1.093,-11.8259,-1.6386,778.9598,39.6965,0.05359,4,0,0,2,0,0,0,,0.9768189471962695,0,0,0,0,GOOD
O003_W0215,3,LOT_03_04,11,P_B,R_REWORK,PHOTO,ETCH_03,CH_C,1963.3,1,1.5509,0.1814,0.0175,0.0189,0.8802,329.319,318.246,3.4742,923.158,131.438,212.814,0.12251,0.7539,67.605,2.837,43.0496,1.4032,3.2788,-4.1713,759.2549,37.0325,0.28351,4,2,0,8,0,2,6,9.55472804701472,,1,0,0,0,A
O003_W0216,3,LOT_03_01,14,P_A,R_BASE,CVD,ETCH_01,CH_D,1675.7,0,1.6604,0.0384,0.1155,0.0174,0.8521,337.104,313.76,3.2552,870.535,110.309,204.54,0.06145,0.319,62.885,-0.9828,44.3817,1.169,16.8056,-6.5632,820.441,47.6511,0.18696,5,0,6,2,7,0,1,,1.0376563604291453,0,1,0,1,B
O003_W0217,3,LOT_03_03,24,P_B,R_BASE,ETCH,ETCH_02,CH_A,1888.0,0,1.3418,0.0402,0.0338,0.0393,0.9471,322.989,316.989,3.239,853.994,116.156,216.368,0.11805,0.5859,63.212,0.2183,40.706,1.3925,-4.6674,-10.3151,765.6169,37.3916,0.16059,1,1,0,3,1,1,0,,0.9914466484647204,0,0,0,0,GOOD
O003_W0218,3,LOT_03_05,17,P_C,R_FAST,CVD,ETCH_01,CH_C,1930.8,0,1.3569,0.0503,0.0328,0.0512,0.9352,331.284,326.946,3.3405,891.047,127.658,218.746,0.09395,0.219,54.172,0.4603,44.2086,1.1112,0.5856,0.4891,736.1528,37.0407,0.2115,6,2,0,3,1,0,1,,0.9951412547999723,0,0,0,0,GOOD
O003_W0219,3,LOT_03_05,1,P_A,R_BASE,CVD,ETCH_01,CH_A,1845.3,0,1.1483,0.0517,0.0162,0.0,0.9547,319.045,318.741,2.8562,825.429,119.677,195.541,0.05195,0.5626,65.569,-0.8827,41.802,0.9152,2.5394,2.0678,792.2375,39.4188,0.22695,3,0,1,0,0,0,0,,1.0400373060113663,0,0,0,0,GOOD
O003_W0220,3,LOT_03_02,12,P_A,R_BASE,CMP,ETCH_03,CH_B,1776.3,0,1.1542,0.0388,0.0035,0.0292,0.9589,329.917,314.529,3.3043,931.572,124.751,193.596,0.01039,0.5072,67.025,-1.4003,42.5517,1.4073,-4.0057,6.6972,788.0206,40.3333,0.22872,4,1,1,1,2,1,0,,0.7715506394316565,0,0,0,0,GOOD
O003_W0221,3,LOT_03_05,14,P_B,R_BASE,ETCH,CVD_01,CH_D,1903.1,1,1.9238,0.2076,0.0115,0.0118,0.8309,319.937,320.19,3.329,889.819,145.858,199.556,0.06463,0.6162,67.88,1.8451,46.5631,1.5681,2.4532,5.6661,806.1717,41.1636,0.22215,4,0,1,10,3,1,7,10.477559233666076,,1,0,0,1,A
O003_W0222,3,LOT_03_06,4,P_C,R_REWORK,CMP,CMP_01,CH_A,2041.7,0,1.3764,0.0232,0.0509,0.0928,0.9191,317.282,318.66,2.9789,861.52,127.473,216.108,0.0638,0.5016,64.105,0.8618,43.4672,1.2062,0.7129,-1.4496,771.5335,41.3022,0.22384,8,2,2,1,1,2,0,,1.0917591608405046,0,0,1,0,C
O003_W0223,3,LOT_03_03,10,P_A,R_BASE,CVD,ETCH_01,CH_A,1749.7,0,1.3586,0.0293,0.0355,0.0284,0.9436,312.08,317.331,2.913,873.323,132.891,209.759,0.08287,0.4826,72.413,-1.0072,41.7893,0.8117,-0.4798,2.2411,747.6471,41.071,0.24421,3,0,1,1,3,1,0,,1.1836093584475507,0,0,0,0,GOOD
O003_W0224,3,LOT_03_06,16,P_A,R_BASE,ETCH,CVD_01,CH_A,2018.5,0,1.157,0.0244,0.0181,0.0334,0.9338,330.96,324.694,2.9017,861.689,121.679,190.669,0.08208,0.452,70.124,1.9723,39.3085,1.5064,-1.0291,-8.0597,788.9853,36.8809,0.20019,0,0,1,2,1,1,0,,0.9268828228161065,0,0,0,0,GOOD
O003_W0225,3,LOT_03_03,6,P_A,R_REWORK,ETCH,ETCH_01,CH_C,2256.3,1,1.8005,0.2014,0.0195,0.044,0.9026,317.245,319.571,3.2349,848.656,130.411,214.733,0.11889,0.7293,71.062,1.9456,44.5427,1.6815,8.7895,-3.5172,791.9664,35.5223,0.15132,2,1,0,4,1,0,3,9.891522436822546,,1,0,0,0,A
O003_W0226,3,LOT_03_05,16,P_A,R_REWORK,PHOTO,CMP_01,CH_C,1801.3,0,1.3597,0.0406,0.0334,0.0333,0.9453,320.546,321.699,2.8689,827.203,126.119,206.366,0.12431,0.4381,63.941,-0.6412,38.9264,1.2339,10.189,-2.8827,771.352,38.3752,0.15115,9,0,1,2,1,0,2,,0.803526395380087,0,0,0,0,GOOD
O003_W0227,3,LOT_03_01,23,P_A,R_FAST,CMP,ETCH_02,CH_B,1894.3,0,1.4719,0.0139,0.1336,0.0953,0.9052,321.181,321.204,2.6778,876.561,130.158,209.634,0.08425,0.3238,54.324,0.9008,39.7874,0.4384,2.5042,1.41,771.2205,40.287,0.22502,3,8,4,5,2,2,1,,0.8628135680192638,0,1,1,0,B
O003_W0228,3,LOT_03_04,17,P_B,R_BASE,CMP,CVD_01,CH_A,1840.2,0,1.4529,0.0557,0.0161,0.1133,0.9226,318.527,313.442,2.7215,856.335,120.057,200.815,0.09831,0.4825,66.303,1.879,43.8367,1.2877,-3.1076,5.2886,806.744,36.7009,0.17632,6,6,0,1,1,2,0,,1.2530039067110383,0,0,1,0,C
O003_W0229,3,LOT_03_05,15,P_B,R_BASE,ETCH,ETCH_01,CH_D,1900.4,1,1.8214,0.1832,0.0517,0.0005,0.8505,316.431,317.773,3.3462,881.358,126.814,210.342,0.10605,0.5744,60.159,-0.0399,45.3099,1.7465,-1.647,8.2689,797.1667,44.0682,0.15854,3,0,0,8,4,0,6,12.57700449443759,,1,0,0,1,A
O003_W0230,3,LOT_03_04,3,P_B,R_BASE,CMP,ETCH_03,CH_A,1869.1,0,1.4138,0.0224,0.1415,0.0364,0.9018,323.423,313.425,3.4827,831.452,129.462,221.585,0.06474,0.2654,66.052,0.5948,39.4417,1.1102,6.1756,-4.1335,776.0265,32.6317,0.18299,5,0,3,3,2,0,0,,1.21007565135906,0,1,0,0,B
O003_W0231,3,LOT_03_06,10,P_B,R_BASE,CVD,ETCH_03,CH_C,1818.5,0,1.2538,0.0164,0.0143,0.0216,0.9473,325.505,317.634,3.0823,839.172,120.431,212.586,0.11439,0.6577,58.907,0.0096,42.9111,0.8279,2.4152,-10.6184,760.5176,35.8879,0.20376,2,0,0,2,2,0,0,,1.0297176180588006,0,0,0,0,GOOD
O003_W0232,3,LOT_03_08,20,P_B,R_FAST,CVD,ETCH_03,CH_A,1964.1,0,1.2864,0.0603,0.0329,0.0181,0.9426,307.083,317.166,3.1271,861.247,126.722,201.856,0.08353,0.4545,60.449,0.4816,41.1365,0.9668,9.4866,-2.4673,790.7996,40.5301,0.21652,2,1,0,2,0,1,1,,1.2097752557352743,0,0,0,0,GOOD
O003_W0233,3,LOT_03_08,18,P_A,R_BASE,CVD,CVD_01,CH_A,1813.5,0,1.2431,0.0542,0.0,0.0221,0.9247,316.707,320.196,3.146,807.81,122.961,201.389,0.0776,0.3845,66.757,0.5103,40.2361,0.9585,0.0021,-3.1506,767.7701,37.8227,0.2184,3,1,1,0,0,1,0,,0.923085891000624,0,0,0,0,GOOD
O003_W0234,3,LOT_03_05,12,P_A,R_FAST,ETCH,CVD_01,CH_A,1805.1,0,1.0298,0.0436,0.0,0.0333,0.9583,319.741,320.73,3.2454,820.15,123.14,220.32,0.10657,0.3696,58.659,-1.5756,41.4238,1.1512,3.4678,0.5378,769.788,37.4025,0.22193,3,3,3,2,2,1,2,,0.9696414762036447,0,0,0,0,GOOD
O003_W0235,3,LOT_03_03,22,P_B,R_BASE,ETCH,CMP_01,CH_D,2116.2,1,1.4424,0.1949,0.0238,0.0234,0.8866,319.497,319.993,3.6086,886.047,136.697,205.09,0.11665,0.4549,68.129,0.8689,43.4283,1.4443,-4.5853,-3.365,770.1114,37.833,0.18088,4,1,2,6,0,0,2,8.97958359088845,,1,0,0,0,A
O003_W0236,3,LOT_03_02,18,P_A,R_FAST,CMP,CMP_01,CH_C,1819.2,0,1.1352,0.0039,0.0222,0.0097,0.9655,320.738,319.211,2.968,856.455,111.211,207.765,0.0916,0.3908,60.955,0.3659,42.8198,0.8956,-4.4059,2.0844,767.329,41.5681,0.22519,5,1,1,1,1,1,1,,0.7466329204121869,0,0,0,0,GOOD
O003_W0237,3,LOT_03_02,2,P_A,R_BASE,CVD,ETCH_02,CH_D,1810.8,1,1.6627,0.1974,0.0262,0.0293,0.8814,322.67,323.342,3.4813,926.0,140.707,212.165,0.11057,0.7084,64.369,2.0351,42.1179,1.5297,5.9708,2.4345,769.391,40.2156,0.22206,6,0,0,4,1,1,2,9.524122652820338,,1,0,0,0,A
O003_W0238,3,LOT_03_04,4,P_B,R_BASE,CMP,ETCH_03,CH_B,1957.9,0,1.2574,0.0447,0.0287,0.03,0.9303,326.393,322.235,2.9625,840.174,120.169,210.392,0.05746,0.3458,63.631,0.4711,41.3934,1.0116,-3.2776,-1.3765,785.9319,38.9999,0.20907,3,1,3,2,0,1,2,,1.0089718198712823,0,0,0,0,GOOD
O003_W0239,3,LOT_03_05,17,P_C,R_BASE,ETCH,ETCH_01,CH_A,2022.4,1,1.6755,0.2049,0.0068,0.0431,0.8773,334.415,310.399,3.3171,900.297,121.069,204.759,0.10495,0.6811,63.87,0.7613,45.2445,2.0091,-2.1933,0.6403,777.5416,37.9574,0.24307,4,0,1,7,0,0,5,12.025827304961759,,1,0,0,0,A
O003_W0240,3,LOT_03_07,2,P_A,R_REWORK,ETCH,ETCH_01,CH_C,2113.5,1,1.6098,0.183,0.0241,0.0354,0.8967,331.295,317.086,3.6064,902.815,129.788,191.142,0.10311,0.6555,66.288,1.6,45.7246,1.8099,-0.2951,-6.1562,802.293,39.8966,0.20335,10,0,2,6,1,1,4,9.0480063911445,,1,0,0,0,A
O003_W0241,3,LOT_03_01,7,P_A,R_BASE,PHOTO,CVD_01,CH_A,1790.9,0,1.1365,0.048,0.0164,0.0241,0.9355,319.667,314.719,3.2764,812.313,132.869,227.031,0.11338,0.4476,59.691,-0.3251,43.0655,1.0853,6.0058,1.1068,776.2635,37.5257,0.17813,4,1,4,2,3,0,1,,0.757588530261388,0,0,0,0,GOOD
O003_W0242,3,LOT_03_08,13,P_A,R_BASE,PHOTO,CVD_01,CH_C,1800.8,0,1.156,0.021,0.029,0.0296,0.9348,314.53,324.99,3.0467,889.661,129.489,215.553,0.08874,0.3686,64.598,-0.6842,40.3353,0.924,5.7342,2.7979,789.2734,38.8793,0.17803,1,2,0,1,1,0,2,,0.8106794167635581,0,0,0,0,GOOD
O003_W0243,3,LOT_03_08,17,P_A,R_BASE,PHOTO,CMP_01,CH_A,1885.7,0,1.0754,0.0147,0.0138,0.0081,0.962,314.455,309.501,3.1244,884.359,111.664,212.108,0.06853,0.3079,53.654,0.4367,41.9251,1.2152,0.0354,3.6631,781.6626,39.0125,0.19917,4,0,0,1,2,0,1,,0.9357614803678092,0,0,0,0,GOOD
O003_W0244,3,LOT_03_03,6,P_B,R_BASE,ETCH,CVD_01,CH_B,1928.4,0,1.6679,0.0539,0.0528,0.0241,0.863,324.919,321.769,3.1957,869.338,123.924,235.028,0.0807,0.3492,60.672,0.5935,42.4114,1.6356,-6.7458,9.3719,810.667,42.9981,0.17591,3,1,2,3,2,1,0,,0.9116813332367987,0,0,0,1,D
O003_W0245,3,LOT_03_03,9,P_A,R_REWORK,CMP,ETCH_02,CH_A,1833.5,0,1.5154,0.0348,0.0306,0.0171,0.8963,325.739,312.668,3.0192,826.385,125.135,223.273,0.09159,0.4579,68.908,-0.2641,43.301,0.935,1.5209,2.8732,811.5101,38.9417,0.21322,7,1,0,2,3,0,1,,1.0007153344928226,0,0,0,1,D
O003_W0246,3,LOT_03_07,8,P_A,R_BASE,CMP,ETCH_02,CH_A,1960.4,0,1.0293,0.0,0.0376,0.0269,0.9548,329.917,316.837,3.2033,847.319,132.093,207.503,0.10156,0.3836,67.215,0.4719,42.7141,1.1086,-3.1979,-0.9561,788.5253,38.6164,0.17328,8,1,0,4,1,1,1,,0.928604822290698,0,0,0,0,GOOD
O003_W0247,3,LOT_03_03,11,P_A,R_FAST,CVD,ETCH_02,CH_A,1884.7,1,1.6422,0.1849,0.0249,0.0301,0.8634,325.961,322.973,2.8074,910.079,131.09,206.428,0.13543,0.6971,66.746,1.1291,42.7771,1.9601,7.1659,-7.8542,753.3137,41.8906,0.23329,1,2,0,8,0,0,5,10.688807924491828,,1,0,0,0,A
O003_W0248,3,LOT_03_06,21,P_A,R_FAST,ETCH,CMP_01,CH_A,1987.3,0,1.1095,0.0106,0.0163,0.005,0.9778,328.44,332.454,3.5329,870.399,117.534,190.814,0.07012,0.3513,56.363,1.5989,43.4702,1.3068,-0.5578,5.3726,814.2533,44.4838,0.20926,5,1,2,2,1,1,0,,1.127299201593243,0,0,0,0,GOOD
O003_W0249,3,LOT_03_07,1,P_C,R_BASE,ETCH,CVD_01,CH_A,2128.2,0,1.529,0.0265,0.0227,0.0234,0.9069,320.083,318.09,3.1589,870.274,123.949,214.218,0.08405,0.5501,60.43,-1.5555,40.0028,0.8891,1.6688,-2.1058,782.9795,42.3204,0.17396,4,0,1,0,7,0,1,,1.0911605735699805,0,0,0,1,D
O003_W0250,3,LOT_03_07,19,P_B,R_REWORK,ETCH,ETCH_02,CH_B,2071.4,0,1.1136,0.0,0.0259,0.0236,0.9787,323.642,316.719,3.1559,829.444,127.028,192.654,0.07115,0.6862,60.572,-0.618,41.3228,1.264,-3.6188,4.9291,754.6651,34.4154,0.18307,3,0,3,3,4,2,1,,0.9952047293027769,0,0,0,0,GOOD
O003_W0251,3,LOT_03_06,12,P_B,R_REWORK,ETCH,ETCH_03,CH_B,2137.9,1,1.5323,0.1404,0.0307,0.031,0.9109,333.755,318.86,3.595,867.847,126.019,210.158,0.09338,0.5914,64.404,1.0749,42.4028,1.8279,-9.7925,1.1365,778.8145,40.1133,0.16756,6,1,0,4,2,0,4,11.04733320997127,,1,0,0,0,A
O003_W0252,3,LOT_03_02,24,P_A,R_BASE,CMP,ETCH_02,CH_B,1707.2,0,1.3337,0.0484,0.1225,0.0253,0.9163,328.879,321.794,3.2563,892.719,120.924,191.442,0.06367,0.3371,61.452,-2.0538,42.7511,0.7676,8.8382,-3.992,773.463,29.5443,0.14542,3,0,4,3,3,1,1,,1.3098664479863649,0,1,0,0,B
O003_W0253,3,LOT_03_03,6,P_C,R_BASE,CMP,ETCH_03,CH_D,1923.8,0,1.4954,0.0214,0.1598,0.0254,0.9197,326.135,315.158,3.3069,847.357,124.057,201.129,0.0567,0.5096,56.965,0.1607,40.836,1.4209,4.2276,-13.0463,811.9082,40.7003,0.14404,5,0,2,4,0,1,1,,0.9344601697706109,0,1,0,0,B
O003_W0254,3,LOT_03_08,18,P_B,R_FAST,ETCH,PHOTO_01,CH_D,2030.1,0,1.3688,0.032,0.0259,0.0,0.9363,323.822,317.376,3.1593,864.687,111.982,203.829,0.07498,0.6563,64.907,-1.2882,40.1657,1.6854,-7.519,-1.3058,766.4503,36.8105,0.21291,4,0,0,1,0,2,1,,0.9557447906065514,0,0,0,0,GOOD
O003_W0255,3,LOT_03_03,7,P_B,R_FAST,ETCH,PHOTO_01,CH_C,2130.7,0,1.2675,0.0622,0.0151,0.0137,0.942,326.018,319.15,2.7072,891.732,123.439,194.671,0.0344,0.5667,57.178,0.9517,40.5225,1.4721,-3.8031,-0.9025,769.1004,36.4268,0.07735,1,0,0,3,2,2,0,,0.8830555216718642,0,0,0,0,GOOD
O003_W0256,3,LOT_03_01,15,P_C,R_FAST,PHOTO,CVD_01,CH_D,1870.9,0,1.0271,0.0,0.0204,0.0,0.9602,326.827,306.645,2.6663,852.094,134.56,218.318,0.12304,0.3879,51.29,-0.1512,42.588,1.2468,3.3061,-0.8885,750.2874,40.6917,0.12985,3,0,4,3,0,1,1,,0.9849703383927274,0,0,0,0,GOOD
O003_W0257,3,LOT_03_08,17,P_B,R_BASE,CVD,ETCH_01,CH_A,1874.4,0,1.5343,0.0183,0.0347,0.0416,0.8965,317.958,315.527,3.0692,909.22,130.005,210.583,0.05673,0.5237,63.47,0.404,45.1647,1.1607,1.2027,4.5811,776.8202,38.7383,0.24949,3,2,1,4,5,0,1,,0.9973017985971416,0,0,0,1,D
O003_W0258,3,LOT_03_06,12,P_B,R_FAST,CVD,PHOTO_01,CH_A,2023.6,0,1.04,0.0311,0.0171,0.0074,0.9725,328.588,314.796,3.1338,856.694,119.544,205.26,0.04625,0.5655,53.235,0.4319,41.6866,1.2318,0.631,1.8168,758.1793,33.2728,0.20714,1,0,1,1,0,1,0,,1.0210298211918998,0,0,0,0,GOOD
O003_W0259,3,LOT_03_06,17,P_B,R_FAST,ETCH,CVD_01,CH_B,1889.2,0,1.1378,0.0315,0.0215,0.0135,0.962,314.097,321.595,2.6657,837.891,111.734,213.283,0.07673,0.4326,59.792,0.583,43.514,1.4042,-1.2851,-6.5077,741.9082,33.4916,0.17509,3,0,0,5,3,1,0,,1.0316316246955013,0,0,0,0,GOOD
O003_W0260,3,LOT_03_03,15,P_B,R_BASE,ETCH,ETCH_03,CH_A,2147.3,0,1.3638,0.0525,0.051,0.0206,0.9457,321.487,320.735,3.5095,875.059,132.957,212.336,0.07482,0.3919,58.75,0.7424,40.0626,1.3864,-6.4994,-6.9146,806.2455,38.4041,0.13569,6,0,1,1,0,0,1,,0.9341029485606163,0,0,0,0,GOOD
O003_W0261,3,LOT_03_08,13,P_A,R_BASE,ETCH,CVD_01,CH_A,1952.0,0,1.1401,0.0517,0.0162,0.0,0.9597,318.154,315.197,2.7948,886.499,127.32,196.541,0.10901,0.3013,60.162,-0.5366,42.937,1.1545,-0.4976,2.3249,731.174,37.8384,0.23533,4,2,1,4,0,0,0,,0.9327776314318075,0,0,0,0,GOOD
O003_W0262,3,LOT_03_06,25,P_C,R_BASE,ETCH,ETCH_02,CH_A,2061.2,1,1.5154,0.0314,0.0299,0.047,0.8981,325.02,321.718,3.3908,860.0,118.019,199.462,0.13113,0.3328,66.374,0.0655,43.1149,1.2928,2.6199,-1.9367,800.664,40.9017,0.23578,4,1,2,1,5,0,1,8.697957779077182,,0,0,0,1,D
O003_W0263,3,LOT_03_04,3,P_B,R_BASE,ETCH,ETCH_01,CH_A,2057.6,1,1.6691,0.1843,0.0328,0.0522,0.8838,317.195,323.078,3.4807,936.365,129.816,214.659,0.09725,0.6044,64.262,2.3887,43.4085,1.6719,1.4617,-9.7329,773.5692,34.8601,0.18698,1,1,0,5,1,0,4,11.323355055797398,,1,0,0,0,A
O003_W0264,3,LOT_03_08,9,P_A,R_BASE,CVD,ETCH_03,CH_D,1948.7,0,1.3893,0.037,0.0197,0.1179,0.9208,317.204,315.471,3.1735,806.879,136.247,190.432,0.03355,0.3087,63.967,-0.2497,40.7361,1.1451,-2.4844,-1.704,771.1097,37.6646,0.27216,3,4,0,2,0,2,0,,1.1612633487939226,0,0,1,0,C
O003_W0265,3,LOT_03_05,17,P_C,R_BASE,PHOTO,ETCH_03,CH_B,1832.9,0,1.1567,0.0282,0.0135,0.0,0.9483,316.344,317.95,2.9628,819.083,127.742,208.643,0.07851,0.4824,64.189,0.509,41.3718,1.4538,-3.4544,-1.8244,759.5782,38.8156,0.17103,6,0,0,2,2,0,0,,1.037247480792818,0,0,0,0,GOOD
O003_W0266,3,LOT_03_03,25,P_C,R_BASE,CMP,CVD_01,CH_B,1728.7,0,1.0735,0.0321,0.0255,0.0,0.9453,332.583,317.452,2.9764,817.359,114.284,210.284,0.07784,0.3785,66.55,-0.7191,38.9794,1.7455,4.5084,5.09,741.6234,39.4897,0.27496,5,2,1,0,3,0,0,,1.0374340972857445,0,0,0,0,GOOD
O003_W0267,3,LOT_03_01,13,P_B,R_BASE,PHOTO,CMP_01,CH_B,1934.0,1,1.5213,0.1969,0.0212,0.0053,0.9046,324.835,318.448,3.6051,874.455,138.699,206.146,0.08064,0.5855,64.09,1.074,45.2132,1.6602,1.6335,11.0926,790.8639,40.4824,0.14727,4,1,0,4,2,0,5,7.914747030567778,,1,0,0,0,A
O003_W0268,3,LOT_03_07,6,P_A,R_BASE,ETCH,ETCH_02,CH_C,2007.9,0,1.2085,0.0376,0.0332,0.0218,0.9374,329.522,316.936,3.0308,896.453,134.944,200.61,0.06369,0.2799,64.807,-0.0049,37.9374,0.7279,2.5572,5.631,816.9473,40.5243,0.12691,5,0,5,2,1,1,1,,1.1504213785209603,0,0,0,0,GOOD
O003_W0269,3,LOT_03_04,8,P_A,R_BASE,CVD,ETCH_01,CH_A,1653.6,0,1.1282,0.0438,0.0182,0.0323,0.9377,319.587,324.846,2.7702,841.848,136.465,216.424,0.11543,0.4239,62.484,-2.3856,42.3395,0.9898,-0.2648,5.2971,782.406,36.1626,0.26303,8,2,0,4,1,1,1,,1.2470750328895153,0,0,0,0,GOOD
O003_W0270,3,LOT_03_07,11,P_B,R_BASE,CVD,ETCH_03,CH_D,1848.9,0,1.2324,0.0342,0.0125,0.0405,0.9522,326.668,315.519,2.8464,858.713,121.508,213.694,0.07274,0.4351,65.156,0.2876,45.4038,1.0308,-3.5609,3.5652,779.9808,39.5421,0.15855,7,2,0,1,1,0,1,,1.0769110696138766,0,0,0,0,GOOD
O003_W0271,3,LOT_03_06,7,P_B,R_FAST,CMP,CMP_01,CH_C,1834.1,0,1.1773,0.0,0.035,0.0167,0.9397,318.311,316.752,2.7913,856.984,117.774,208.125,0.05252,0.2911,58.378,0.398,39.5337,1.2554,8.2693,-3.906,797.9419,33.3399,0.17862,3,3,0,1,0,0,0,,1.1124170163354252,0,0,0,0,GOOD
O003_W0272,3,LOT_03_04,7,P_A,R_FAST,CVD,CVD_01,CH_A,1820.4,0,1.1688,0.0118,0.0,0.0266,0.9621,325.274,328.136,3.2799,829.213,121.632,212.651,0.07667,0.2761,68.765,-0.4888,43.9946,1.0354,-7.326,-6.3275,791.7966,33.7884,0.22115,2,2,1,2,1,0,1,,1.1848486942101981,0,0,0,0,GOOD
O003_W0273,3,LOT_03_06,19,P_A,R_FAST,CMP,ETCH_01,CH_C,1763.2,0,1.7964,0.0439,0.0208,0.1214,0.863,333.903,323.576,3.1207,857.336,124.551,218.627,0.11034,0.4078,64.743,-0.6215,41.9128,1.1777,-3.8703,-7.841,807.4633,43.0812,0.22551,6,2,0,2,7,0,0,,0.9783317890463601,0,0,1,1,C
O003_W0274,3,LOT_03_01,1,P_B,R_BASE,CVD,ETCH_02,CH_A,2053.3,0,1.087,0.0303,0.0167,0.0,0.9351,325.691,317.331,2.7685,886.856,138.11,202.732,0.07414,0.4613,65.582,-0.6207,43.2602,1.0517,-0.1126,-2.4446,785.0072,33.7586,0.19827,2,1,2,6,1,2,0,,1.0882702491297787,0,0,0,0,GOOD
O003_W0275,3,LOT_03_03,24,P_B,R_BASE,ETCH,ETCH_03,CH_D,2138.4,0,1.5634,0.0332,0.0318,0.015,0.8856,322.138,314.529,3.0316,864.666,120.941,207.105,0.10499,0.3398,61.089,0.7118,42.4267,1.2256,-3.7484,2.2842,807.4559,41.7034,0.21452,4,3,0,3,8,0,1,,0.8380805637686396,0,0,0,1,D
O003_W0276,3,LOT_03_08,24,P_A,R_BASE,CMP,CVD_01,CH_B,1761.2,0,1.5157,0.0316,0.1398,0.0351,0.9137,329.808,318.527,3.0113,872.316,126.183,211.339,0.07952,0.6272,62.629,-0.2657,44.8136,1.2581,6.324,5.8604,808.8365,36.873,0.15155,2,0,2,6,2,2,1,,0.8196908436515998,0,1,0,0,B
O003_W0277,3,LOT_03_06,22,P_C,R_BASE,CMP,PHOTO_01,CH_C,1776.3,0,1.4144,0.0189,0.0456,0.1038,0.9278,317.506,325.27,3.0819,828.121,125.371,211.81,0.0606,0.5522,61.511,0.589,41.6929,1.1097,-1.7045,-1.4487,790.2317,37.5733,0.24493,4,7,1,1,1,0,0,,1.1405574813552164,0,0,1,0,C
O003_W0278,3,LOT_03_04,25,P_C,R_BASE,ETCH,CVD_01,CH_D,1900.0,0,0.9487,0.0392,0.0119,0.0322,0.936,323.514,319.908,2.7446,802.207,123.664,210.365,0.08993,0.49,59.014,0.541,43.0662,1.4044,-1.9453,5.7721,787.6901,39.4619,0.16728,8,2,3,3,0,1,2,,1.2348219980728752,0,0,0,0,GOOD
O003_W0279,3,LOT_03_08,4,P_B,R_FAST,CMP,ETCH_03,CH_D,1993.3,0,1.4734,0.0417,0.1372,0.0105,0.9323,321.032,312.542,3.3836,851.225,130.245,210.604,0.09386,0.4566,64.111,-0.8118,42.6152,0.5691,13.4928,-8.6939,786.6026,36.5969,0.17051,5,1,3,0,1,4,0,,1.0017325351245985,0,1,0,0,B
O003_W0280,3,LOT_03_01,8,P_B,R_BASE,CVD,CVD_01,CH_B,1752.8,0,1.0514,0.0255,0.026,0.0251,0.9514,313.426,313.78,2.8427,847.443,128.661,217.933,0.08284,0.3849,69.817,0.5669,41.6925,1.1594,4.8652,3.1189,803.5261,37.5184,0.1407,1,1,0,2,2,0,0,,0.8381928363201838,0,0,0,0,GOOD
O003_W0281,3,LOT_03_03,22,P_A,R_BASE,CMP,ETCH_01,CH_D,1789.2,0,1.3608,0.0398,0.0344,0.1105,0.9153,326.093,316.651,3.3155,821.867,131.82,199.347,0.07565,0.4367,67.674,1.1605,41.2774,1.186,-0.4382,-2.4111,793.0399,39.2762,0.19522,2,5,1,0,1,0,0,,1.1287155254604537,0,0,1,0,C
O003_W0282,3,LOT_03_05,1,P_A,R_BASE,PHOTO,ETCH_01,CH_D,1855.5,0,1.4361,0.0343,0.1288,0.0143,0.9253,327.287,315.287,3.0202,852.475,130.421,189.281,0.09486,0.5524,59.494,-0.8628,43.8574,1.1784,6.0596,-7.548,765.9196,33.1139,0.1021,4,1,5,2,2,6,0,,0.9785767608994717,0,1,0,0,B
O003_W0283,3,LOT_03_05,7,P_B,R_BASE,CMP,PHOTO_01,CH_C,1813.0,0,1.2832,0.059,0.0186,0.0102,0.9574,322.286,314.763,2.8997,842.576,123.091,214.35,0.08623,0.2964,57.163,0.9962,42.3751,1.1945,3.3807,-4.6088,772.4961,39.5699,0.16086,3,0,0,2,0,0,1,,1.157073655311207,0,0,0,0,GOOD
O003_W0284,3,LOT_03_04,25,P_C,R_BASE,ETCH,ETCH_01,CH_B,2062.5,0,1.3713,0.0836,0.0198,0.0176,0.94,321.082,321.053,2.9369,883.815,120.762,192.661,0.06751,0.3751,65.652,-0.9035,46.4588,1.3322,8.6241,3.1323,805.0268,37.0146,0.08347,3,0,0,1,1,1,1,,1.111990087852058,0,0,0,0,GOOD
O003_W0285,3,LOT_03_04,12,P_C,R_BASE,CMP,PHOTO_01,CH_A,1841.9,0,1.2055,0.0501,0.0113,0.0346,0.9212,319.67,324.018,3.3181,868.446,135.281,195.728,0.11534,0.2656,66.166,-0.3393,42.9369,0.922,-2.8516,4.0048,770.4939,34.8096,0.15926,3,0,0,0,2,0,0,,0.948472062908579,0,0,0,0,GOOD
O003_W0286,3,LOT_03_05,18,P_C,R_FAST,ETCH,ETCH_03,CH_D,2019.6,1,1.7515,0.2004,0.02,0.0948,0.8881,324.392,315.072,3.5089,902.992,120.257,209.956,0.08875,0.3973,70.91,0.9886,43.1278,1.759,1.169,5.4402,766.4944,34.7868,0.29538,7,2,0,6,1,1,4,11.152545574124389,,1,0,1,0,A
O003_W0287,3,LOT_03_02,18,P_A,R_BASE,ETCH,CMP_01,CH_A,2119.9,0,1.1679,0.0558,0.0033,0.0281,0.95,320.884,316.736,3.0216,871.867,135.508,220.079,0.03252,0.5247,56.256,0.9942,41.0859,1.072,-3.8231,-4.3059,778.413,41.6231,0.25081,2,0,0,2,1,1,1,,0.9367178605125588,0,0,0,0,GOOD
O003_W0288,3,LOT_03_04,25,P_A,R_BASE,PHOTO,ETCH_01,CH_C,1839.5,0,1.4772,0.0295,0.1052,0.0241,0.9319,310.758,319.829,3.0564,891.871,118.908,213.183,0.09019,0.5012,63.068,-0.124,41.5717,1.2551,6.6721,-11.221,794.734,36.8615,0.1134,5,1,8,1,1,0,0,,0.8731612729755855,0,1,0,0,B
O003_W0289,3,LOT_03_08,19,P_B,R_BASE,ETCH,ETCH_01,CH_D,2074.2,0,1.3141,0.037,0.0173,0.0333,0.9361,317.689,325.258,2.9297,838.911,129.866,208.3,0.0838,0.5232,65.735,0.3464,43.4815,0.876,-4.3791,-4.9818,773.6443,39.9095,0.17302,4,0,2,5,1,0,1,,0.9907512126901049,0,0,0,0,GOOD
O003_W0290,3,LOT_03_07,23,P_A,R_BASE,CMP,ETCH_03,CH_B,1869.6,0,1.1222,0.0301,0.0145,0.0115,0.9602,316.56,319.223,2.9697,861.545,136.944,204.023,0.0522,0.4418,55.722,-0.0714,41.1261,1.1954,-0.3298,-1.0378,759.5259,37.8328,0.27451,6,0,1,2,3,1,1,,1.1277728672954443,0,0,0,0,GOOD
O003_W0291,3,LOT_03_08,18,P_B,R_BASE,PHOTO,ETCH_02,CH_D,1857.1,0,1.2882,0.0186,0.0415,0.1187,0.9279,327.254,308.956,3.0071,842.444,128.973,225.728,0.10995,0.3757,64.332,0.7374,44.5411,1.3168,-3.567,1.1743,788.0813,38.704,0.16226,9,3,0,4,2,1,0,,1.0360886996616878,0,0,1,0,C
O003_W0292,3,LOT_03_05,1,P_B,R_BASE,ETCH,PHOTO_01,CH_D,1959.9,0,1.3296,0.0233,0.0092,0.1097,0.9363,320.977,313.122,3.0435,870.063,144.309,193.204,0.05978,0.5555,60.936,0.5957,39.6864,1.2053,-3.8118,-6.015,776.7001,40.7562,0.23564,8,3,0,1,1,0,1,,1.1924529281924503,0,0,1,0,C
O003_W0293,3,LOT_03_06,19,P_A,R_BASE,ETCH,CVD_01,CH_B,1850.3,0,1.1643,0.0444,0.0088,0.0005,0.942,318.991,311.148,3.2072,877.519,128.059,210.509,0.11487,0.4627,59.634,0.5224,41.4186,0.7375,-11.0483,-4.9591,788.6895,31.9735,0.21789,7,0,2,3,2,0,2,,1.0628873600498165,0,0,0,0,GOOD
O003_W0294,3,LOT_03_07,2,P_B,R_REWORK,ETCH,CVD_01,CH_D,2136.3,0,1.1759,0.0062,0.0262,0.0295,0.9559,322.26,319.488,2.6004,845.942,124.121,198.801,0.07248,0.3287,56.571,-0.9316,41.3839,1.2554,3.1213,1.2541,794.6198,38.067,0.16353,5,1,0,5,1,1,1,,1.0456478040346924,0,0,0,0,GOOD
O003_W0295,3,LOT_03_02,20,P_A,R_BASE,CMP,CVD_01,CH_B,1807.2,0,1.3106,0.024,0.0376,0.0239,0.9288,328.348,314.853,2.4905,872.646,113.581,207.356,0.03131,0.4062,67.131,-0.9711,43.636,1.5706,-4.9809,-3.4485,799.7176,33.3191,0.2405,4,0,1,3,1,1,0,,1.0264606770760007,0,0,0,0,GOOD
O003_W0296,3,LOT_03_01,10,P_B,R_BASE,ETCH,ETCH_01,CH_B,2024.2,0,1.2846,0.0575,0.1121,0.0055,0.9268,326.796,319.832,3.2188,872.685,131.029,200.108,0.0688,0.3904,63.803,0.8343,41.583,1.5299,3.6638,-5.3093,788.5938,41.0591,0.30502,7,1,3,4,1,2,0,,1.058950716719401,0,1,0,0,B
O003_W0297,3,LOT_03_01,24,P_B,R_BASE,ETCH,ETCH_03,CH_C,1967.3,1,1.592,0.1823,0.0205,0.0097,0.8958,317.433,315.437,3.6324,900.248,122.982,219.368,0.1144,0.5307,64.997,0.189,45.6881,1.8792,-6.0745,-2.299,762.3388,36.0742,0.17207,5,1,2,12,1,0,7,10.125084320602983,,1,0,0,0,A
O003_W0298,3,LOT_03_01,18,P_C,R_BASE,ETCH,PHOTO_01,CH_C,2026.8,1,1.5046,0.1671,0.018,0.0268,0.9193,322.481,324.066,3.1978,906.736,132.1,215.241,0.07502,0.7133,61.848,0.084,43.0706,1.1917,1.7924,2.6487,769.8142,37.8266,0.20615,3,1,1,5,2,0,5,7.719723718916498,,1,0,0,0,A
O003_W0299,3,LOT_03_03,11,P_A,R_FAST,CMP,ETCH_02,CH_B,1890.5,1,2.0398,0.1882,0.0185,0.0563,0.8329,313.225,327.192,3.3466,897.025,111.731,220.391,0.08984,0.6797,66.887,0.5531,43.9718,1.8104,3.0373,-0.6864,776.0576,38.3173,0.14897,3,0,0,8,3,0,5,8.8583048089887,,1,0,0,1,A
O003_W0300,3,LOT_03_02,23,P_A,R_FAST,CMP,CVD_01,CH_A,1599.7,0,1.5751,0.0355,0.016,0.1031,0.8647,324.286,329.702,3.1111,794.49,134.75,188.148,0.11204,0.1947,61.894,-0.4623,43.821,1.2255,0.9484,10.4769,791.1799,42.2311,0.23233,4,3,1,6,6,1,1,,0.8944842105139078,0,0,1,1,C
O003_W0301,3,LOT_03_02,16,P_A,R_BASE,PHOTO,CVD_01,CH_C,1672.5,0,1.295,0.0243,0.0209,0.0928,0.9367,317.758,321.178,3.127,835.007,114.488,199.141,0.04059,0.4506,58.893,-0.0065,42.8219,1.4397,4.123,0.1739,818.7867,36.8559,0.14944,6,5,1,1,2,0,0,,1.1147015362862098,0,0,1,0,C
O003_W0302,3,LOT_03_08,20,P_C,R_FAST,ETCH,ETCH_01,CH_B,2119.7,1,1.5273,0.1813,0.0297,0.014,0.883,320.085,321.478,3.5334,934.21,129.475,205.603,0.11059,0.547,69.384,-0.9746,45.0473,2.1301,-8.6972,13.0965,769.604,34.9384,0.15761,5,0,2,15,1,1,5,10.822363513285907,,1,0,0,0,A
O003_W0303,3,LOT_03_08,3,P_A,R_REWORK,ETCH,CMP_01,CH_A,2114.5,0,1.3441,0.0376,0.1286,0.0376,0.9114,318.535,321.255,3.0053,851.914,135.262,210.617,0.06633,0.1711,55.677,-0.2809,41.5395,1.0384,8.7893,-4.4436,725.0968,36.3302,0.17032,2,2,5,0,1,1,0,,0.7104340053779861,0,1,0,0,B
O003_W0304,3,LOT_03_05,9,P_A,R_BASE,CVD,CVD_01,CH_A,1771.5,0,1.4861,0.0242,0.1463,0.046,0.9106,322.987,315.823,2.9393,851.737,132.38,199.731,0.05716,0.2555,56.744,0.32,41.0385,0.9443,9.5319,-13.3091,774.3045,38.6689,0.14106,4,0,1,3,1,0,0,,0.8898318110535582,0,1,0,0,B
O003_W0305,3,LOT_03_08,3,P_A,R_BASE,ETCH,ETCH_01,CH_D,2090.5,0,1.1918,0.0547,0.0418,0.0136,0.9371,326.121,320.163,3.425,882.02,130.151,213.697,0.04698,0.3133,62.839,-0.5347,43.0184,1.2503,-3.4812,-0.2372,808.2739,33.5076,0.14505,1,0,2,3,1,0,1,,0.9556609363831015,0,0,0,0,GOOD
O003_W0306,3,LOT_03_01,8,P_A,R_FAST,CVD,CMP_01,CH_A,1842.0,0,1.1143,0.0327,0.0325,0.0349,0.939,320.172,318.57,3.1099,904.275,121.96,213.297,0.0955,0.4821,62.107,0.697,41.8967,0.9953,-9.252,-6.1903,779.5893,36.4607,0.18994,3,1,2,1,1,0,2,,0.8842349259036159,0,0,0,0,GOOD
O003_W0307,3,LOT_03_02,18,P_A,R_BASE,ETCH,ETCH_01,CH_A,1898.6,0,1.1011,0.0271,0.0418,0.0235,0.9386,328.844,323.825,2.832,911.886,119.991,197.055,0.05113,0.423,68.251,0.2867,41.3828,1.057,7.6187,-0.061,782.336,42.2144,0.23115,2,0,0,0,3,0,0,,0.8899513400955601,0,0,0,0,GOOD
O003_W0308,3,LOT_03_01,2,P_B,R_BASE,ETCH,ETCH_02,CH_C,2057.2,1,1.4625,0.1669,0.0061,0.0269,0.9211,316.472,310.666,3.6419,891.628,131.974,195.491,0.11274,0.7076,68.089,1.4618,46.4529,1.964,8.7998,-0.0421,784.8519,40.1528,0.20752,5,0,0,8,3,0,6,7.921588084339202,,1,0,0,0,A
O003_W0309,3,LOT_03_06,12,P_A,R_BASE,ETCH,CMP_01,CH_C,1825.9,0,1.2786,0.0572,0.0379,0.0315,0.929,306.491,320.485,2.8745,871.933,120.481,196.189,0.08504,0.3819,56.871,1.2535,41.5196,1.2918,-0.2549,-4.022,777.8064,41.3424,0.23179,6,1,1,2,2,0,0,,0.8552624973122612,0,0,0,0,GOOD
O003_W0310,3,LOT_03_07,11,P_B,R_BASE,CMP,ETCH_01,CH_B,1834.3,0,1.1252,0.0055,0.0269,0.0354,0.9426,319.363,315.67,2.979,872.905,129.461,220.034,0.05945,0.559,59.328,0.8319,42.0682,0.9107,-4.2679,4.5889,735.7808,42.0157,0.11249,3,3,1,2,1,0,0,,0.9309876283718976,0,0,0,0,GOOD
O003_W0311,3,LOT_03_04,2,P_C,R_BASE,ETCH,CMP_01,CH_C,1934.3,0,1.0798,0.0385,0.0293,0.0058,0.962,336.058,318.741,3.1081,836.487,123.49,199.481,0.08248,0.1404,61.667,-0.1323,43.0794,1.4726,2.6558,-6.7312,774.1204,34.8132,0.12044,2,1,1,3,1,0,1,,0.6667581818834937,0,0,0,0,GOOD
O003_W0312,3,LOT_03_07,22,P_B,R_FAST,ETCH,ETCH_02,CH_B,1923.1,0,1.1347,0.0043,0.019,0.0243,0.9679,323.157,321.05,2.8897,840.957,121.417,197.072,0.11497,0.5021,63.741,0.9362,39.2119,1.5084,-0.5074,-5.3955,802.7254,39.1134,0.1957,1,2,0,3,1,0,1,,0.9669081978570253,0,0,0,0,GOOD
O003_W0313,3,LOT_03_06,12,P_A,R_REWORK,ETCH,CVD_01,CH_A,2068.4,0,1.2222,0.0461,0.0482,0.0257,0.945,325.431,310.666,2.6465,924.279,124.2,221.027,0.06684,0.3501,67.824,1.4493,41.953,1.0841,5.1086,-3.6339,796.0435,35.4176,0.19031,6,0,1,3,1,1,0,,1.0533728551781962,0,0,0,0,GOOD
O003_W0314,3,LOT_03_01,24,P_A,R_BASE,CMP,PHOTO_01,CH_C,1772.6,0,1.5976,0.0,0.0595,0.041,0.9032,329.813,318.044,2.937,885.551,124.567,198.185,0.10777,0.2861,59.22,1.1369,40.3814,1.2686,4.6864,-1.6457,800.6188,43.6227,0.24123,5,2,0,2,5,1,1,,0.9464936568125326,0,0,0,1,D
O003_W0315,3,LOT_03_05,17,P_B,R_FAST,ETCH,ETCH_03,CH_A,2158.2,1,1.6289,0.1502,0.013,0.1242,0.8902,320.118,325.454,3.5841,898.688,132.376,206.293,0.14389,0.6823,69.056,1.6186,40.6432,1.7801,-0.9059,-1.8421,810.6252,38.9338,0.26661,7,3,1,6,2,0,6,6.389262080729017,,1,0,1,0,A
O003_W0316,3,LOT_03_07,4,P_B,R_FAST,ETCH,ETCH_02,CH_D,1983.3,1,1.5525,0.1843,0.0227,0.0183,0.8716,323.182,316.456,3.2315,881.248,116.639,201.157,0.14179,0.7657,64.418,1.3937,45.3472,1.8304,-3.4692,6.3019,779.2387,39.1488,0.24511,5,0,0,10,1,1,5,10.980097031465505,,1,0,0,0,A
O003_W0317,3,LOT_03_03,25,P_C,R_BASE,ETCH,CVD_01,CH_C,2137.1,1,1.7156,0.207,0.0274,0.0273,0.9,326.276,321.461,3.4769,925.418,134.206,224.703,0.10966,0.7332,63.563,2.3793,44.7882,1.6656,-6.1698,-6.4731,736.9814,37.8727,0.14818,1,0,2,15,1,1,5,14.588074125069687,,1,0,0,0,A
O003_W0318,3,LOT_03_08,6,P_A,R_BASE,CVD,CVD_01,CH_B,1766.3,0,1.1255,0.0125,0.0185,0.0239,0.967,315.932,313.788,3.0019,877.548,125.273,211.392,0.09506,0.2121,67.747,-0.4627,42.8665,1.6543,-15.3828,-3.5987,781.3467,40.3708,0.20523,4,0,0,2,3,0,1,,1.0933789319179221,0,0,0,0,GOOD
O003_W0319,3,LOT_03_03,22,P_A,R_BASE,ETCH,PHOTO_01,CH_C,2103.1,0,1.3373,0.0548,0.0056,0.1379,0.9225,324.36,312.801,3.2682,856.55,122.141,206.641,0.07291,0.3722,62.156,0.7558,41.769,1.1835,-6.832,-4.814,769.1218,34.5414,0.21244,6,4,1,2,1,0,0,,1.3343758924646816,0,0,1,0,C
O004_W0000,4,LOT_04_01,1,P_B,R_REWORK,ETCH,ETCH_02,CH_C,2133.8,0,1.5205,0.007,0.0426,0.0379,0.8826,319.459,316.023,3.0629,819.401,132.392,203.733,0.03973,0.5215,67.005,1.0763,42.2436,0.9412,-13.944,-7.4105,779.7137,40.195,0.11905,7,1,2,4,7,0,0,,1.0805311239693325,0,0,0,1,D
O004_W0001,4,LOT_04_04,24,P_A,R_BASE,PHOTO,ETCH_01,CH_D,1812.1,0,1.5773,0.0511,0.1399,0.0156,0.9427,316.95,320.986,2.9019,849.839,122.297,213.018,0.1149,0.3164,59.027,0.2963,42.5427,1.5564,2.758,4.227,784.6421,35.6209,0.14703,4,1,3,1,0,2,0,,0.8929750015180412,0,1,0,0,B
O004_W0002,4,LOT_04_06,14,P_A,R_BASE,CMP,CMP_01,CH_B,1748.0,0,1.4326,0.0,0.016,0.1161,0.934,326.132,317.874,2.9744,828.5,140.385,200.217,0.09023,0.4887,62.59,0.1518,40.6542,1.2025,6.0904,-8.2021,823.4515,42.5324,0.19648,6,3,2,2,1,0,0,,1.327371796017606,0,0,1,0,C
O004_W0003,4,LOT_04_03,23,P_B,R_REWORK,CMP,PHOTO_01,CH_D,1944.6,0,1.4984,0.0095,0.1323,0.1146,0.903,318.696,322.771,2.8905,895.125,118.618,212.434,0.07689,0.328,75.716,0.4387,41.0624,1.2707,6.0194,1.7936,765.1725,36.0092,0.16634,3,4,7,3,1,0,1,,0.9496151465272085,0,1,1,0,B
O004_W0004,4,LOT_04_05,20,P_B,R_BASE,ETCH,ETCH_01,CH_D,2077.4,0,1.5067,0.0349,0.0265,0.1209,0.9217,320.735,323.832,3.068,862.186,129.744,200.575,0.04896,0.4633,59.851,-0.4074,39.3636,1.4258,-1.3746,1.2357,798.2602,41.5535,0.15558,1,4,1,1,3,0,2,,1.083496079558185,0,0,1,0,C
O004_W0005,4,LOT_04_05,11,P_B,R_FAST,PHOTO,ETCH_03,CH_A,1992.7,0,1.3793,0.0316,0.1479,0.0235,0.8911,314.793,320.107,3.075,881.758,133.111,236.018,0.0654,0.3434,65.847,-0.0077,41.8334,1.3232,12.1157,-6.2757,752.9013,38.3599,0.24789,4,1,5,1,1,2,0,,1.1041796419088206,0,1,0,0,B
O004_W0006,4,LOT_04_02,23,P_A,R_BASE,CVD,CVD_01,CH_C,1762.4,0,1.1416,0.0358,0.0442,0.0,0.9508,322.942,313.588,2.7678,838.66,120.059,206.982,0.129,0.3951,61.366,1.5728,40.5221,1.641,1.5491,5.268,779.8914,39.5621,0.20245,4,1,0,1,0,0,0,,0.9227935646001405,0,0,0,0,GOOD
O004_W0007,4,LOT_04_05,6,P_B,R_BASE,CVD,CMP_01,CH_B,1777.7,0,1.314,0.0057,0.1384,0.0155,0.9265,327.177,312.349,3.087,865.285,113.519,210.563,0.07911,0.3754,62.82,0.3652,42.5282,0.977,4.361,-4.8357,755.3826,36.6431,0.1801,1,0,4,4,1,1,1,,1.023679731537797,0,1,0,0,B
O004_W0008,4,LOT_04_06,19,P_B,R_FAST,PHOTO,CMP_01,CH_C,1879.3,0,1.357,0.0772,0.0235,0.0216,0.9516,316.313,324.15,2.8323,871.601,130.352,213.592,0.07428,0.4978,59.063,-0.9484,45.2727,1.3977,8.0582,2.6776,789.3461,38.7582,0.1347,3,0,0,2,0,0,1,,0.7538790933754309,0,0,0,0,GOOD
O004_W0009,4,LOT_04_07,25,P_A,R_BASE,CVD,ETCH_02,CH_A,1692.2,0,1.402,0.0329,0.0305,0.0289,0.9435,317.894,308.297,2.6476,852.106,132.739,202.913,0.05427,0.4656,61.425,-0.332,42.5851,1.0666,-2.7824,-1.5519,791.4165,42.2358,0.12817,5,0,0,3,0,2,0,,1.1397031374293443,0,0,0,0,GOOD
O004_W0010,4,LOT_04_01,13,P_B,R_BASE,ETCH,CMP_01,CH_A,1940.3,1,1.8453,0.1793,0.014,0.0364,0.8633,324.079,314.032,3.5254,937.868,121.876,193.429,0.14296,0.4819,64.731,1.1126,44.7069,1.6538,2.5473,10.8521,772.4327,41.9265,0.16334,6,0,1,4,3,1,6,9.355638000264921,,1,0,0,1,A
O004_W0011,4,LOT_04_03,1,P_A,R_BASE,CMP,CVD_01,CH_D,1722.1,0,1.2618,0.0086,0.0243,0.101,0.9303,318.156,317.802,2.9205,869.294,136.163,200.43,0.08112,0.6867,64.328,-2.385,41.8094,1.4678,-4.747,8.2973,784.378,40.9766,0.28454,2,5,2,2,3,0,1,,0.8471264923642068,0,0,1,0,C
O004_W0012,4,LOT_04_04,15,P_B,R_BASE,ETCH,PHOTO_01,CH_A,2043.7,0,1.3019,0.0597,0.0425,0.0021,0.9088,318.411,314.22,3.1574,868.64,116.875,217.2,0.07651,0.4196,56.751,1.5808,42.4458,0.8092,1.5131,5.915,824.2462,38.2028,0.2188,3,0,0,3,1,0,0,,1.0859477536447297,0,0,0,0,GOOD
O004_W0013,4,LOT_04_05,18,P_B,R_BASE,CVD,ETCH_01,CH_C,1830.6,0,1.5444,0.0431,0.0132,0.0268,0.8979,317.544,313.772,3.2137,812.496,125.777,200.046,0.05525,0.3407,68.094,0.1967,42.932,0.6008,1.1112,-1.6485,780.7405,39.7299,0.13211,6,1,2,1,4,0,0,,1.1201338295863768,0,0,0,1,D
O004_W0014,4,LOT_04_05,21,P_B,R_FAST,CVD,ETCH_01,CH_C,1852.2,0,1.7689,0.0538,0.1416,0.0182,0.8755,319.215,313.461,2.9243,867.383,121.366,203.185,0.09697,0.5428,61.844,-0.8043,43.7347,0.8079,2.5477,-4.9485,798.5833,43.6027,0.19159,4,0,4,2,3,1,0,,1.0558450830860178,0,1,0,1,B
O004_W0015,4,LOT_04_06,5,P_A,R_BASE,CVD,ETCH_03,CH_A,1765.8,0,1.6249,0.0752,0.0497,0.0212,0.8724,320.99,304.886,3.189,843.417,138.907,214.384,0.1149,0.5265,70.579,1.8147,38.9697,1.476,-4.4833,0.2136,806.7052,39.2761,0.24512,5,2,1,3,5,0,0,,0.8524431861982867,0,0,0,1,D
O004_W0016,4,LOT_04_07,1,P_A,R_FAST,ETCH,CVD_01,CH_C,1970.1,0,1.4803,0.0577,0.1558,0.0021,0.8849,324.843,323.077,2.8039,881.891,122.9,207.474,0.05129,0.4361,62.987,0.8091,43.3114,1.0103,9.358,-0.3184,791.4563,33.052,0.20038,6,0,6,2,3,0,1,,0.7268213282319085,0,1,0,0,B
O004_W0017,4,LOT_04_08,5,P_C,R_BASE,CMP,PHOTO_01,CH_A,1767.4,0,1.5798,0.0531,0.0269,0.026,0.8652,317.344,323.679,3.2124,875.088,129.633,203.953,0.09399,0.3628,60.321,1.9016,42.6774,1.0306,8.6254,3.5702,800.9166,40.7835,0.21754,5,1,0,0,6,0,4,,1.2720231566696913,0,0,0,1,D
O004_W0018,4,LOT_04_05,13,P_A,R_REWORK,ETCH,PHOTO_01,CH_D,2261.9,0,1.2542,0.0536,0.0398,0.0272,0.9261,316.427,307.755,2.9564,852.309,114.946,190.33,0.07904,0.5621,54.763,-2.6007,40.1993,1.2657,-3.4408,5.0885,783.0281,36.0716,0.27999,10,1,2,3,0,0,0,,1.1219963582131878,0,0,0,0,GOOD
O004_W0019,4,LOT_04_02,3,P_A,R_BASE,CVD,ETCH_01,CH_B,1750.9,0,1.2838,0.0548,0.0087,0.0167,0.9493,316.119,319.11,2.7876,866.784,126.08,199.296,0.12993,0.4317,60.111,0.7005,41.9917,1.4049,2.8563,0.459,777.4949,37.719,0.1999,6,0,1,2,1,0,0,,1.0443763829259733,0,0,0,0,GOOD
O004_W0020,4,LOT_04_04,24,P_A,R_BASE,CVD,ETCH_01,CH_B,1793.9,0,1.1452,0.0269,0.0231,0.0185,0.9358,325.115,315.577,3.0436,880.958,141.56,212.022,0.1212,0.3307,53.24,-0.7291,45.2725,1.203,-4.2543,10.9713,792.7997,36.8805,0.1719,3,0,0,1,0,1,1,,0.8719244088958996,0,0,0,0,GOOD
O004_W0021,4,LOT_04_03,13,P_A,R_BASE,CMP,PHOTO_01,CH_A,1918.4,0,1.9265,0.0336,0.135,0.0388,0.8562,333.149,328.354,2.8451,851.201,117.683,202.938,0.08645,0.4967,62.503,-1.0069,41.8721,0.944,9.3764,-2.9992,820.4772,41.8098,0.11928,3,0,7,1,3,2,1,,0.9416231751420303,0,1,0,1,B
O004_W0022,4,LOT_04_06,14,P_A,R_FAST,ETCH,PHOTO_01,CH_D,2112.5,0,1.587,0.0219,0.0285,0.0334,0.8904,321.318,315.596,3.182,879.173,120.578,212.845,0.09679,0.4528,63.683,-1.0841,42.8936,1.0441,-1.338,6.1027,756.5589,39.263,0.18198,5,0,3,0,5,0,1,,1.095703182283997,0,0,0,1,D
O004_W0023,4,LOT_04_04,5,P_C,R_BASE,CVD,PHOTO_01,CH_A,1943.8,0,1.1962,0.0529,0.0362,0.0159,0.9154,319.938,313.873,2.8183,838.814,145.852,188.1,0.07201,0.4615,61.235,-0.0346,42.0391,0.8852,-9.0103,-0.4062,772.8838,38.2022,0.15199,4,1,2,4,2,0,0,,0.9315111434013641,0,0,0,0,GOOD
O004_W0024,4,LOT_04_08,6,P_A,R_BASE,PHOTO,ETCH_03,CH_D,1848.3,0,1.203,0.0584,0.0248,0.0166,0.9443,319.39,322.412,3.1972,877.332,129.64,201.8,0.11808,0.3751,58.085,-0.2655,45.272,1.2493,-9.071,-7.631,795.4988,37.4929,0.13268,3,1,0,4,2,1,1,,0.8970664350560682,0,0,0,0,GOOD
O004_W0025,4,LOT_04_06,22,P_A,R_REWORK,ETCH,ETCH_02,CH_C,2094.9,0,1.3094,0.0572,0.0076,0.0149,0.9409,321.359,318.624,3.3402,867.076,123.075,198.186,0.08353,0.2541,67.871,0.756,40.7855,0.9221,-6.9292,4.0966,786.2231,38.0314,0.17672,4,1,0,0,4,1,0,,1.0031911583364248,0,0,0,0,GOOD
O004_W0026,4,LOT_04_06,19,P_B,R_BASE,ETCH,ETCH_02,CH_A,1987.8,1,1.5902,0.1773,0.0164,0.0101,0.9116,320.974,320.008,3.7775,968.665,113.309,201.122,0.12479,0.6647,65.858,2.7151,44.7581,1.8653,-0.5279,-2.1257,793.8489,36.0725,0.16815,8,0,1,6,0,1,6,10.506048358116068,,1,0,0,0,A
O004_W0027,4,LOT_04_06,17,P_B,R_BASE,CMP,ETCH_02,CH_A,1617.0,0,0.967,0.0106,0.0269,0.0369,0.9353,315.286,311.67,2.8741,857.421,123.472,210.164,0.1284,0.3903,61.981,-2.585,41.7108,1.4859,9.4073,8.8268,800.9158,38.9679,0.18392,2,0,0,4,0,0,1,,1.072137936283004,0,0,0,0,GOOD
O004_W0028,4,LOT_04_04,24,P_B,R_REWORK,ETCH,ETCH_01,CH_C,2143.1,0,1.4216,0.0457,0.1372,0.0175,0.9027,324.518,310.786,2.56,878.045,127.406,193.931,0.05603,0.3677,55.005,2.1329,44.8369,1.1698,4.4822,0.9412,761.1703,39.7954,0.21826,5,0,3,3,1,7,2,,0.8927812592634221,0,1,0,0,B
O004_W0029,4,LOT_04_06,25,P_C,R_BASE,PHOTO,ETCH_03,CH_A,1901.6,1,1.9141,0.156,0.1623,0.0777,0.8703,319.694,321.407,3.5893,888.218,134.714,208.425,0.0919,0.5186,70.314,2.5019,46.6897,1.6715,-2.9563,-3.3064,814.5572,38.1167,0.35705,4,3,4,5,0,0,5,9.441490630444841,,1,1,1,0,A
O004_W0030,4,LOT_04_04,17,P_A,R_REWORK,CMP,ETCH_02,CH_A,1948.8,0,1.5183,0.011,0.1304,0.1152,0.9217,325.824,322.037,3.0545,845.235,110.17,208.039,0.03194,0.4867,60.116,-1.4556,45.1177,1.0256,5.4343,4.6394,794.4748,36.5363,0.15933,13,2,4,3,0,2,1,,1.0253378115548355,0,1,1,0,B
O004_W0031,4,LOT_04_01,10,P_B,R_BASE,CVD,ETCH_02,CH_D,1914.5,0,1.4512,0.031,0.0267,0.1092,0.9258,320.777,318.953,2.6107,866.489,136.909,206.619,0.02789,0.4073,57.057,-1.0319,41.467,1.4835,-3.7444,2.1112,804.3136,40.3372,0.16724,5,3,0,4,0,2,2,,0.8527599502525587,0,0,1,0,C
O004_W0032,4,LOT_04_04,16,P_B,R_BASE,CMP,ETCH_02,CH_A,2099.1,0,1.1866,0.0395,0.0247,0.0216,0.9367,312.963,323.684,3.0865,873.731,127.043,210.686,0.05358,0.5439,56.346,0.2762,41.2862,1.0776,-8.7029,4.9238,766.7713,37.9655,0.17831,6,1,3,2,1,0,0,,1.3053672573871422,0,0,0,0,GOOD
O004_W0033,4,LOT_04_03,7,P_B,R_FAST,ETCH,CVD_01,CH_A,1900.4,0,1.2807,0.0188,0.0012,0.0222,0.9494,317.627,313.561,3.1388,834.225,125.39,233.306,0.06312,0.5174,61.002,0.3752,39.7351,1.1053,-2.1328,-4.4284,772.5887,35.1556,0.23653,1,2,2,1,3,1,0,,1.037551441255696,0,0,0,0,GOOD
O004_W0034,4,LOT_04_06,24,P_A,R_BASE,ETCH,ETCH_03,CH_D,2097.6,1,1.8306,0.2082,0.0555,0.0204,0.9002,320.419,318.374,3.2399,952.548,119.021,222.244,0.09017,0.4291,65.383,0.5868,47.2776,1.2173,-2.9134,-5.4355,767.4328,36.9323,0.164,1,0,1,4,1,0,3,9.040592696128707,,1,0,0,0,A
O004_W0035,4,LOT_04_08,17,P_B,R_BASE,ETCH,CMP_01,CH_C,1989.1,0,1.5126,0.031,0.1632,0.0292,0.9137,315.556,317.264,2.762,824.087,134.389,205.747,0.061,0.3449,59.213,0.1245,43.6307,1.4164,10.0765,2.7228,769.6998,41.1041,0.18857,1,1,3,1,1,3,1,,1.1000165691437982,0,1,0,0,B
O004_W0036,4,LOT_04_08,24,P_C,R_BASE,CVD,ETCH_01,CH_B,1866.0,0,1.256,0.052,0.0127,0.025,0.9554,324.028,314.015,2.5211,834.59,119.073,226.159,0.07521,0.2956,64.725,-0.2337,41.931,0.6653,0.8373,1.6579,829.5416,40.4535,0.15311,1,0,1,0,3,1,0,,0.9660725990020925,0,0,0,0,GOOD
O004_W0037,4,LOT_04_01,11,P_B,R_BASE,PHOTO,ETCH_01,CH_B,1866.4,1,1.3098,0.017,0.0284,0.1237,0.939,325.498,318.022,2.7747,824.051,121.843,193.347,0.07978,0.4733,54.271,1.0075,40.2802,1.2783,-2.612,-3.6055,752.6131,38.1358,0.14736,7,3,0,0,3,0,3,8.902633509848517,,0,0,1,0,C
O004_W0038,4,LOT_04_01,5,P_B,R_BASE,ETCH,CVD_01,CH_D,1942.3,0,1.3381,0.0331,0.001,0.1028,0.9278,322.084,317.06,3.1164,880.816,136.741,203.905,0.10904,0.3864,56.911,-0.7444,40.9363,1.1436,0.0488,-2.7851,797.1332,34.2833,0.15541,13,2,0,2,0,0,2,,0.8658696065763366,0,0,1,0,C
O004_W0039,4,LOT_04_03,22,P_B,R_BASE,CMP,ETCH_02,CH_C,1895.9,0,1.1686,0.0024,0.0201,0.0405,0.9601,319.687,321.119,2.9439,908.997,137.65,220.422,0.05333,0.3036,67.133,-1.7229,41.9329,1.3244,3.7385,9.2507,822.5593,35.2779,0.38283,9,1,0,2,1,0,0,,0.9946261564239655,0,0,0,0,GOOD
O004_W0040,4,LOT_04_01,25,P_A,R_BASE,CMP,ETCH_02,CH_B,1817.1,0,1.0327,0.045,0.0238,0.0088,0.9482,319.615,314.597,3.1353,845.695,121.871,217.432,0.11707,0.3172,61.262,-1.4792,43.6368,1.0945,-9.9285,11.8526,781.9831,39.099,0.25885,8,1,2,1,0,0,0,,0.9354822898245523,0,0,0,0,GOOD
O004_W0041,4,LOT_04_02,23,P_C,R_BASE,CMP,CMP_01,CH_D,1960.2,0,1.2247,0.0262,0.0276,0.007,0.9484,319.174,313.554,3.0727,900.058,121.828,208.18,0.0524,0.3412,63.189,-0.0358,41.1036,1.0536,5.704,0.4046,753.4557,35.3643,0.19261,5,2,2,2,1,0,0,,0.9173045892539249,0,0,0,0,GOOD
O004_W0042,4,LOT_04_07,1,P_A,R_BASE,CMP,ETCH_03,CH_B,1934.4,0,1.3125,0.0548,0.0361,0.0407,0.9258,323.284,322.524,3.1442,883.911,142.98,204.145,0.09646,0.4772,65.589,2.4615,43.5743,1.1302,4.0918,4.6194,779.2221,39.5573,0.20691,2,0,1,4,1,1,0,,1.3067129083422746,0,0,0,0,GOOD
O004_W0043,4,LOT_04_06,16,P_C,R_BASE,ETCH,CMP_01,CH_B,1931.6,0,1.3299,0.0364,0.0278,0.0269,0.9522,330.131,322.79,2.8296,859.402,132.216,214.253,0.07935,0.5248,66.318,-1.2532,42.6112,1.2033,-11.162,5.4803,775.7523,38.4614,0.15403,8,0,2,2,2,2,1,,0.7169882042517755,0,0,0,0,GOOD
O004_W0044,4,LOT_04_08,4,P_C,R_BASE,ETCH,CMP_01,CH_C,1870.0,0,1.2833,0.0427,0.0376,0.0058,0.9476,310.314,313.268,3.1736,881.029,120.135,198.814,0.00834,0.6619,64.385,-0.114,42.472,1.2612,-4.2385,7.9707,790.2659,36.6003,0.24119,2,0,0,0,1,0,0,,0.9339420638926762,0,0,0,0,GOOD
O004_W0045,4,LOT_04_04,19,P_C,R_BASE,ETCH,ETCH_02,CH_D,2051.3,0,1.2391,0.0149,0.0326,0.041,0.9572,307.861,312.282,2.9868,893.786,122.653,214.235,0.05465,0.3274,64.651,-0.0744,40.0181,1.7313,-1.105,4.0242,780.0214,39.5874,0.17603,4,0,0,1,3,1,0,,0.9628680102742079,0,0,0,0,GOOD
O004_W0046,4,LOT_04_05,17,P_A,R_BASE,ETCH,PHOTO_01,CH_A,2027.3,1,1.7164,0.2056,0.0464,0.0,0.881,319.108,323.323,3.634,894.035,134.659,211.784,0.12448,0.7068,63.602,0.6249,42.3952,1.5872,1.1674,1.7952,802.0793,36.2537,0.21412,5,0,1,9,0,0,5,9.089583434570907,,1,0,0,0,A
O004_W0047,4,LOT_04_04,9,P_B,R_BASE,ETCH,CMP_01,CH_A,2149.0,1,1.5151,0.1817,0.0238,0.0134,0.8963,318.305,314.015,3.7846,914.465,129.396,220.493,0.14214,0.7142,72.523,1.3673,42.3516,2.108,3.0646,-0.4396,779.2824,39.7084,0.20289,5,1,1,7,0,1,4,10.040081063147593,,1,0,0,0,A
O004_W0048,4,LOT_04_06,11,P_C,R_BASE,CMP,CVD_01,CH_B,1759.3,0,1.2046,0.0429,0.0282,0.024,0.9183,324.854,315.234,3.2421,807.932,111.282,223.021,0.07139,0.3301,57.878,0.1484,42.185,1.4113,-3.0377,10.2155,773.5226,36.8437,0.21767,7,4,0,1,1,3,1,,0.9247583706186167,0,0,0,0,GOOD
O004_W0049,4,LOT_04_04,8,P_C,R_FAST,CMP,ETCH_03,CH_A,1724.0,0,1.4436,0.0637,0.0133,0.1101,0.9323,319.602,319.482,3.5108,830.677,119.373,225.037,0.02834,0.2931,63.396,0.5669,42.3034,1.7529,-8.9374,0.2193,772.7568,42.0025,0.1908,3,1,1,1,1,0,2,,0.7753904583518763,0,0,1,0,C
O004_W0050,4,LOT_04_02,18,P_B,R_BASE,PHOTO,ETCH_01,CH_A,1783.4,1,1.6839,0.1888,0.0305,0.1028,0.8686,312.735,318.592,3.1703,890.664,125.54,194.113,0.08266,0.4087,66.708,2.5604,45.0193,2.255,-9.321,-4.8652,792.993,36.5967,0.2313,5,1,1,7,3,0,5,11.083275454864678,,1,0,1,0,A
O004_W0051,4,LOT_04_04,6,P_C,R_BASE,CMP,ETCH_01,CH_C,1685.6,0,1.1549,0.0358,0.0032,0.0313,0.9607,316.401,320.211,2.6394,860.69,119.603,211.797,0.08355,0.3348,64.75,0.433,44.5833,1.18,2.8989,0.8939,811.1393,34.2786,0.15697,4,1,3,1,1,0,0,,1.0044514163875429,0,0,0,0,GOOD
O004_W0052,4,LOT_04_03,16,P_A,R_BASE,ETCH,ETCH_02,CH_B,2105.0,0,1.3055,0.0393,0.0437,0.0161,0.938,318.13,323.376,3.1135,858.623,138.614,207.552,0.08532,0.4021,63.973,0.5045,42.1869,1.4258,0.7664,0.8464,742.3579,39.5135,0.20411,2,0,4,3,1,0,1,,0.9701612551651774,0,0,0,0,GOOD
O004_W0053,4,LOT_04_01,23,P_B,R_FAST,PHOTO,ETCH_02,CH_A,1683.2,0,1.4982,0.056,0.1533,0.0,0.9064,314.203,310.637,2.9086,860.269,133.454,215.745,0.05287,0.2531,59.002,-0.2498,41.4416,0.8891,10.544,10.5243,761.5774,33.8627,0.19567,1,0,6,0,0,1,0,,1.1981773860825529,0,1,0,0,B
O004_W0054,4,LOT_04_04,20,P_B,R_REWORK,ETCH,CVD_01,CH_C,2116.6,0,1.1321,0.0587,0.0,0.0373,0.9324,325.137,324.745,2.9907,822.613,114.738,209.299,0.10155,0.6062,60.606,0.7881,40.9035,1.1873,2.4654,11.357,762.3425,35.1393,0.14802,5,0,1,3,1,1,0,,0.8859477152710535,0,0,0,0,GOOD
O004_W0055,4,LOT_04_07,5,P_B,R_BASE,CMP,ETCH_02,CH_B,1789.3,0,1.2495,0.0681,0.0247,0.0355,0.9401,330.092,319.825,2.8864,843.49,123.183,196.921,0.07863,0.5526,60.739,-0.04,41.4122,1.0042,9.1483,-1.3471,759.139,36.2621,0.15092,2,1,1,1,2,0,0,,0.9510216905046175,0,0,0,0,GOOD
O004_W0056,4,LOT_04_05,24,P_C,R_BASE,ETCH,CMP_01,CH_B,1924.7,0,1.1336,0.0194,0.0446,0.0182,0.9521,313.769,312.756,3.0199,834.681,122.538,212.326,0.0979,0.431,68.825,-1.1144,42.3005,0.9602,1.65,4.0872,803.2516,36.1678,0.18847,3,1,0,1,1,1,2,,0.7476615748922071,0,0,0,0,GOOD
O004_W0057,4,LOT_04_07,5,P_A,R_BASE,ETCH,ETCH_03,CH_A,2199.3,0,1.4743,0.0251,0.0148,0.0249,0.9078,320.838,322.107,3.4605,887.035,108.653,196.618,0.09773,0.2237,57.891,-0.0363,41.9992,1.5655,2.501,8.5137,830.9442,39.4325,0.17799,4,1,1,4,4,2,0,,1.025084695033038,0,0,0,1,D
O004_W0058,4,LOT_04_02,14,P_C,R_BASE,ETCH,CVD_01,CH_B,1841.1,1,1.5343,0.1478,0.0148,0.0525,0.8945,328.378,311.645,3.153,893.868,123.68,203.399,0.09208,0.6176,59.489,0.4656,43.2396,1.9702,-0.6141,1.6599,787.2685,37.4099,0.09833,4,1,0,8,0,0,7,9.528472890080497,,1,0,0,0,A
O004_W0059,4,LOT_04_02,24,P_B,R_BASE,ETCH,ETCH_01,CH_D,1988.1,0,1.6179,0.0,0.0283,0.0248,0.9074,324.661,313.101,3.0051,849.508,121.417,209.26,0.03415,0.3838,67.028,0.385,42.615,1.3609,1.1858,-5.8954,801.587,47.7605,0.13879,1,1,0,2,3,0,1,,1.1530273769146733,0,0,0,1,D
O004_W0060,4,LOT_04_06,20,P_C,R_BASE,ETCH,ETCH_02,CH_C,1995.4,0,0.968,0.0313,0.0367,0.0018,0.9511,319.973,312.297,2.955,847.596,117.251,199.912,0.09301,0.5056,62.745,-0.2059,43.5346,0.775,-0.4096,-1.3782,803.035,35.3421,0.22174,3,1,1,3,0,0,0,,1.2523015779802193,0,0,0,0,GOOD
O004_W0061,4,LOT_04_05,11,P_C,R_FAST,ETCH,ETCH_01,CH_B,1935.3,0,1.6029,0.0329,0.1282,0.1269,0.9218,318.697,319.303,3.0623,898.747,128.538,207.241,0.07103,0.3931,60.522,-1.7896,45.0075,1.1717,4.9753,-1.8464,805.8478,34.9154,0.25527,6,7,3,5,1,3,0,,0.8710901029218912,0,1,1,0,B
O004_W0062,4,LOT_04_07,2,P_C,R_BASE,ETCH,ETCH_01,CH_C,1857.2,1,1.5507,0.1693,0.0187,0.0416,0.8958,308.768,320.903,3.2562,907.102,126.555,213.198,0.08511,0.7443,64.754,0.349,40.0653,1.9444,4.2565,-6.6484,791.2606,33.2108,0.21091,2,1,1,3,0,0,2,8.35805408750296,,1,0,0,0,A
O004_W0063,4,LOT_04_07,14,P_C,R_BASE,CVD,CMP_01,CH_A,1760.5,1,1.4895,0.0023,0.0169,0.0534,0.8873,318.955,324.196,3.2439,783.691,128.228,192.827,0.08991,0.4961,60.052,-0.4321,37.2838,1.332,2.1875,-7.1012,802.4304,45.1864,0.14479,5,1,0,3,2,3,0,11.391014365207312,,0,0,0,1,D
O004_W0064,4,LOT_04_06,9,P_A,R_BASE,ETCH,PHOTO_01,CH_B,1929.9,0,1.1644,0.0231,0.0137,0.0126,0.9603,318.187,323.635,3.0875,885.786,129.951,199.605,0.07327,0.7069,61.274,0.1799,41.7236,0.9233,-5.5184,-9.8287,780.7677,35.7485,0.19838,4,1,1,1,3,0,2,,0.981521729417383,0,0,0,0,GOOD
O004_W0065,4,LOT_04_03,7,P_A,R_BASE,ETCH,ETCH_03,CH_B,1829.2,1,1.6911,0.1969,0.0101,0.0146,0.9058,330.855,316.458,3.5049,924.031,121.606,196.471,0.11197,0.4584,71.207,0.8078,46.8328,1.3607,-3.0103,-17.1813,771.4369,36.2555,0.27844,6,0,3,8,0,1,5,11.429730066952565,,1,0,0,0,A
O004_W0066,4,LOT_04_02,10,P_B,R_BASE,ETCH,ETCH_02,CH_C,1899.4,0,1.1365,0.0225,0.03,0.013,0.9322,330.073,318.413,2.996,832.728,130.745,210.391,0.08244,0.4763,65.147,0.6495,41.2844,1.7873,0.4557,-8.6963,790.4058,36.2624,0.23523,3,0,1,3,1,0,3,,1.1406803639681362,0,0,0,0,GOOD
O004_W0067,4,LOT_04_03,3,P_B,R_BASE,CMP,ETCH_01,CH_A,1745.5,0,1.0134,0.0479,0.0002,0.0,0.9625,325.12,316.375,3.1863,855.288,125.182,199.043,0.07126,0.4658,49.703,0.2654,45.0032,1.2961,1.9156,-0.3807,815.1803,32.1436,0.2153,3,1,1,1,3,0,0,,0.8534921704050996,0,0,0,0,GOOD
O004_W0068,4,LOT_04_06,23,P_A,R_FAST,CMP,CMP_01,CH_D,1784.1,0,1.1785,0.0511,0.0084,0.0323,0.9542,322.532,319.848,2.5089,851.902,137.668,199.612,0.08437,0.3157,63.252,0.8159,44.5641,0.9827,6.4873,-5.4227,783.0646,35.7785,0.19438,3,1,1,3,1,0,0,,0.9960901117130015,0,0,0,0,GOOD
O004_W0069,4,LOT_04_08,14,P_C,R_REWORK,PHOTO,CMP_01,CH_A,1818.3,0,1.5906,0.0615,0.1767,0.0227,0.8999,318.585,312.88,3.491,843.781,122.701,210.968,0.10943,0.3959,70.75,-0.3313,41.7683,1.1003,2.7169,-3.8314,791.1203,40.8864,0.09629,5,0,11,4,1,1,0,,1.0167134480119384,0,1,0,0,B
O004_W0070,4,LOT_04_04,1,P_A,R_BASE,ETCH,CVD_01,CH_D,2025.7,1,1.6288,0.2022,0.0055,0.0339,0.8901,315.222,321.87,3.3495,868.495,133.236,217.409,0.13265,0.605,66.054,-1.3064,41.9463,1.9668,3.174,7.6563,785.7244,38.1481,0.18112,7,2,3,5,1,1,1,10.78571683040446,,1,0,0,0,A
O004_W0071,4,LOT_04_03,23,P_C,R_BASE,ETCH,ETCH_01,CH_B,2093.2,0,1.6818,0.0545,0.1268,0.1232,0.897,329.421,307.987,2.9993,820.261,133.847,209.013,0.10084,0.3566,57.522,-0.0346,44.566,1.3493,-3.4364,-10.9921,786.5773,39.105,0.19545,10,3,5,2,1,5,3,,1.0275964370779165,0,1,1,0,B
O004_W0072,4,LOT_04_05,20,P_B,R_BASE,ETCH,CMP_01,CH_C,1827.1,0,1.2428,0.024,0.0486,0.0325,0.9662,328.907,317.062,3.0681,907.562,135.697,226.082,0.13398,0.4963,66.636,0.3227,41.394,1.0627,-4.7963,-4.5387,754.9178,34.8108,0.12234,4,0,1,1,1,0,0,,0.8953664576986725,0,0,0,0,GOOD
O004_W0073,4,LOT_04_02,13,P_C,R_FAST,CMP,ETCH_01,CH_B,1824.8,0,1.1018,0.0338,0.0128,0.0107,0.9406,329.319,319.881,2.8864,803.566,118.52,199.775,0.08319,0.373,62.723,1.0323,44.6507,1.175,-3.4058,3.0978,782.2361,39.4098,0.25919,4,0,1,0,2,0,1,,0.9621997621802332,0,0,0,0,GOOD
O004_W0074,4,LOT_04_07,21,P_B,R_BASE,PHOTO,CMP_01,CH_B,1744.4,0,1.3727,0.0199,0.1521,0.0269,0.9189,321.638,327.701,2.6085,873.675,116.461,210.964,0.09025,0.5029,64.318,0.0584,45.7073,1.4626,8.688,-11.5641,734.9504,31.9396,0.22263,4,0,3,4,4,2,1,,0.8238469517996057,0,1,0,0,B
O004_W0075,4,LOT_04_05,20,P_A,R_BASE,CVD,CMP_01,CH_A,1766.6,0,1.6716,0.061,0.042,0.0265,0.8847,324.294,311.645,3.2583,836.071,129.812,196.829,0.10432,0.5697,59.484,0.5223,43.4508,1.6169,-0.6577,-0.6543,814.0509,40.5578,0.20211,5,1,2,1,3,1,0,,1.0875280366987778,0,0,0,1,D
O004_W0076,4,LOT_04_05,23,P_A,R_BASE,PHOTO,ETCH_01,CH_A,1818.0,0,1.4403,0.0406,0.1133,0.0212,0.9221,326.507,321.264,2.7782,822.581,131.333,206.195,0.13208,0.3061,71.353,0.9025,42.2833,0.744,6.9879,-5.855,775.0407,38.9725,0.15816,5,0,4,3,1,4,2,,0.7964118016113039,0,1,0,0,B
O004_W0077,4,LOT_04_02,23,P_B,R_BASE,PHOTO,ETCH_02,CH_B,1685.5,0,1.4986,0.041,0.1333,0.0128,0.9164,311.92,317.657,2.8802,866.96,124.466,216.061,0.08843,0.4656,69.848,0.5018,41.7913,1.2941,9.3376,-15.0521,775.7883,39.221,0.14672,3,1,2,1,2,4,1,,0.8916744162575073,0,1,0,0,B
O004_W0078,4,LOT_04_07,24,P_A,R_FAST,CVD,CVD_01,CH_C,1920.8,1,1.8088,0.1724,0.0099,0.0054,0.8698,329.414,312.336,3.0761,815.502,117.917,221.398,0.14412,0.4305,71.529,1.231,44.5582,1.4923,3.7181,1.933,818.6953,38.9689,0.19175,3,0,0,12,4,1,5,8.869088070899156,,1,0,0,1,A
O004_W0079,4,LOT_04_04,4,P_A,R_FAST,CVD,CVD_01,CH_B,1860.5,0,1.1837,0.0168,0.0147,0.0287,0.968,326.844,318.946,2.9509,849.882,140.987,203.26,0.12876,0.512,62.685,0.9498,45.6933,0.831,-0.9249,8.6368,738.8805,41.5391,0.19196,4,1,0,1,0,0,0,,1.177371484439396,0,0,0,0,GOOD
O004_W0080,4,LOT_04_07,7,P_A,R_BASE,PHOTO,ETCH_02,CH_D,1755.8,0,1.3839,0.0579,0.027,0.0325,0.9171,327.951,321.222,3.036,850.431,135.513,212.259,0.09223,0.6339,60.151,0.552,43.2365,1.3666,-9.9137,-0.3621,774.4742,40.0102,0.19685,4,2,0,4,3,1,1,,0.775744046010195,0,0,0,0,GOOD
O004_W0081,4,LOT_04_04,8,P_A,R_BASE,CVD,ETCH_02,CH_A,1866.0,0,1.3662,0.0469,0.0455,0.0149,0.946,327.114,314.51,2.6566,800.595,115.224,222.586,0.11888,0.3704,61.004,0.2362,44.0518,1.0829,2.5267,-2.7526,801.6634,38.6772,0.22551,2,3,1,0,1,0,0,,0.9892049812011572,0,0,0,0,GOOD
O004_W0082,4,LOT_04_03,1,P_B,R_BASE,CMP,PHOTO_01,CH_B,1678.9,0,1.3997,0.0623,0.0376,0.0341,0.9256,326.547,318.528,2.9047,817.087,124.053,221.578,0.08939,0.4197,60.155,-0.4957,41.5938,0.9587,3.1022,1.8313,778.3363,38.5085,0.13259,4,3,0,0,1,1,0,,1.0591821059063495,0,0,0,0,GOOD
O004_W0083,4,LOT_04_04,15,P_C,R_FAST,CVD,PHOTO_01,CH_C,1802.9,0,1.241,0.0397,0.0251,0.0187,0.9432,322.4,319.169,3.2397,830.51,114.56,231.432,0.06753,0.4075,61.289,1.3125,42.2021,1.5773,8.1123,5.8371,783.8527,33.9113,0.25292,6,0,1,2,2,1,1,,1.0129057121362528,0,0,0,0,GOOD
O004_W0084,4,LOT_04_06,17,P_B,R_BASE,ETCH,CVD_01,CH_B,2072.0,0,1.6318,0.0299,0.0277,0.093,0.8816,324.829,322.271,2.9956,864.205,118.835,213.404,0.152,0.253,53.74,0.1039,41.9343,1.1597,5.6514,1.7959,836.2456,39.9884,0.22677,8,3,0,2,2,0,0,,0.8854225200475111,0,0,1,1,C
O004_W0085,4,LOT_04_08,9,P_B,R_BASE,ETCH,ETCH_01,CH_C,1923.0,1,1.64,0.1884,0.0301,0.0283,0.8842,321.519,316.32,3.4085,937.803,121.165,221.663,0.10029,0.6512,72.14,1.8239,47.1207,1.5951,2.1057,0.3475,791.3899,33.5532,0.1125,4,2,1,5,1,0,6,8.365254721853901,,1,0,0,0,A
O004_W0086,4,LOT_04_03,5,P_B,R_BASE,CMP,CVD_01,CH_D,1800.7,1,1.7024,0.2164,0.0059,0.0173,0.8784,323.364,314.431,3.3953,885.748,127.054,224.807,0.13375,0.7337,67.292,0.935,44.0007,1.5084,-1.5996,6.0584,785.2884,35.0036,0.1383,3,2,1,9,1,2,1,10.465874675163551,,1,0,0,0,A
O004_W0087,4,LOT_04_04,11,P_B,R_BASE,CVD,CMP_01,CH_B,1793.2,0,1.2115,0.0404,0.0198,0.0215,0.9638,315.053,323.231,3.1913,850.112,111.045,209.44,0.1085,0.5085,66.302,0.3764,42.8498,1.3593,1.726,-2.2353,770.0092,39.271,0.17044,3,0,2,0,1,1,0,,1.0188219420495028,0,0,0,0,GOOD
O004_W0088,4,LOT_04_05,12,P_B,R_FAST,CVD,CVD_01,CH_C,1742.2,0,1.301,0.0504,0.0,0.0323,0.9219,329.585,313.335,3.1539,864.342,120.223,213.715,0.13464,0.5331,58.208,1.3544,39.9603,1.2207,-8.6859,5.7742,781.0589,38.4653,0.11487,1,3,0,1,1,0,0,,0.8598453306156126,0,0,0,0,GOOD
O004_W0089,4,LOT_04_04,22,P_B,R_BASE,PHOTO,ETCH_03,CH_B,1934.4,1,1.7659,0.2103,0.03,0.0264,0.8884,325.106,309.292,3.8781,893.396,122.972,202.014,0.09643,0.5692,64.499,1.2313,43.9121,1.4431,-11.3924,-0.3654,771.1499,44.7972,0.12188,5,2,0,5,2,1,7,9.349500518346497,,1,0,0,0,A
O004_W0090,4,LOT_04_04,16,P_B,R_FAST,CMP,PHOTO_01,CH_A,1796.8,0,1.2491,0.0422,0.0363,0.0179,0.9555,320.946,324.437,3.4508,888.122,129.716,220.402,0.07223,0.4429,55.992,0.0543,43.1639,0.9394,-15.2134,1.283,782.2861,39.9118,0.1869,10,0,0,2,2,2,1,,1.0868439474052602,0,0,0,0,GOOD
O004_W0091,4,LOT_04_02,17,P_A,R_BASE,CMP,ETCH_02,CH_A,1823.2,0,1.2363,0.0349,0.0113,0.0176,0.9408,327.959,321.509,2.8889,814.276,123.84,227.483,0.09977,0.3022,60.507,-0.097,42.7986,1.0943,-7.97,7.5363,760.2301,35.294,0.2507,4,1,1,3,0,0,0,,0.9761052682120979,0,0,0,0,GOOD
O004_W0092,4,LOT_04_08,2,P_C,R_BASE,ETCH,CVD_01,CH_B,2102.2,1,1.4511,0.1478,0.037,0.0083,0.9066,317.355,320.665,3.586,904.283,120.213,197.813,0.10255,0.88,64.455,2.0781,43.8631,1.8401,-10.3364,2.404,772.3889,40.1001,0.09457,6,1,1,7,1,1,4,7.949582698469925,,1,0,0,0,A
O004_W0093,4,LOT_04_04,22,P_C,R_BASE,CVD,ETCH_02,CH_A,1783.5,0,1.0997,0.0432,0.0159,0.0256,0.9347,328.375,325.948,2.5703,858.541,106.927,196.157,0.11288,0.2997,65.629,-1.2479,42.3339,0.9577,-5.4078,-0.7682,779.9106,40.1837,0.16728,5,1,1,3,1,0,2,,1.084357769788113,0,0,0,0,GOOD
O004_W0094,4,LOT_04_05,11,P_C,R_FAST,CMP,PHOTO_01,CH_C,1666.5,0,1.2276,0.0434,0.0231,0.0343,0.9351,321.545,317.57,2.9786,880.491,133.311,198.829,0.07266,0.17,58.825,0.2055,40.8858,1.4065,6.2647,10.7322,755.4064,37.0387,0.19321,6,0,0,2,1,0,0,,1.3695913221008615,0,0,0,0,GOOD
O004_W0095,4,LOT_04_01,12,P_A,R_FAST,PHOTO,ETCH_02,CH_C,1735.6,0,1.3563,0.0548,0.0375,0.0271,0.9351,322.878,314.423,2.9386,827.151,133.194,207.438,0.07601,0.4342,61.579,2.0191,40.9393,0.8552,-3.2809,-0.5555,745.479,38.3699,0.16955,4,0,0,4,1,0,0,,1.0665634706015048,0,0,0,0,GOOD
O004_W0096,4,LOT_04_07,23,P_B,R_FAST,ETCH,CVD_01,CH_D,2070.3,1,1.5543,0.183,0.0333,0.0,0.929,311.284,330.883,3.3855,908.593,120.367,209.401,0.13584,0.6733,70.22,2.0647,46.317,1.5577,0.0667,8.9079,761.9499,38.9541,0.1853,5,0,2,8,1,0,6,8.722094641692543,,1,0,0,0,A
O004_W0097,4,LOT_04_05,7,P_A,R_REWORK,ETCH,ETCH_01,CH_D,2060.0,0,1.1648,0.0417,0.0256,0.0207,0.9516,320.302,315.778,3.3622,877.836,129.688,188.751,0.13311,0.3988,62.984,-0.3212,43.7349,1.0069,-2.7649,-4.9194,779.6478,35.1538,0.17204,3,2,1,3,2,0,4,,0.9712400623243376,0,0,0,0,GOOD
O004_W0098,4,LOT_04_06,4,P_C,R_REWORK,ETCH,ETCH_02,CH_B,2145.4,0,1.1753,0.0191,0.046,0.0126,0.9482,317.981,325.012,2.9154,871.495,125.44,203.676,0.05924,0.5442,62.862,0.9265,41.891,1.1839,-0.6668,-7.2197,781.4489,38.3593,0.17914,4,1,1,3,0,0,1,,0.9830988443054979,0,0,0,0,GOOD
O004_W0099,4,LOT_04_08,4,P_A,R_BASE,ETCH,ETCH_01,CH_B,1875.3,0,1.2647,0.0336,0.0135,0.0489,0.9489,326.308,315.132,2.9083,952.056,128.113,213.436,0.11661,0.4795,64.544,-1.4128,43.0708,1.3174,0.3564,-0.882,796.4614,38.4852,0.21039,3,1,0,4,1,0,2,,0.9041728902153477,0,0,0,0,GOOD
O004_W0100,4,LOT_04_06,7,P_A,R_BASE,CVD,PHOTO_01,CH_D,1906.1,0,1.2225,0.0508,0.0077,0.0359,0.9676,320.284,322.482,3.0763,844.778,123.464,220.184,0.08418,0.4395,61.361,1.2509,42.7694,1.5001,-11.0975,4.4259,809.369,34.6209,0.20873,7,1,1,0,3,0,1,,1.1182418168635364,0,0,0,0,GOOD
O004_W0101,4,LOT_04_08,20,P_A,R_BASE,ETCH,ETCH_02,CH_C,1876.3,0,1.44,0.0395,0.0223,0.0,0.9162,326.084,325.708,2.8444,901.524,131.039,212.087,0.10407,0.2095,63.844,0.4733,39.7949,1.2704,-1.2043,1.4333,791.1212,42.628,0.09923,3,5,0,1,3,0,1,,0.9488860361891334,0,0,0,1,D
O004_W0102,4,LOT_04_08,20,P_A,R_BASE,CVD,ETCH_03,CH_C,1871.5,0,1.2936,0.0451,0.0162,0.1072,0.9423,324.547,317.964,3.2528,867.202,133.689,208.016,0.08516,0.4376,71.196,-0.3765,43.4328,1.2907,-1.9268,-1.0032,789.7396,38.2919,0.20122,6,3,0,2,1,0,1,,1.0563219030804605,0,0,1,0,C
O004_W0103,4,LOT_04_08,15,P_A,R_BASE,CMP,ETCH_03,CH_D,1983.1,0,1.5959,0.0227,0.1405,0.0315,0.9289,319.385,322.109,3.0635,835.611,126.558,225.119,0.05986,0.2676,65.591,-0.7829,38.998,1.0152,5.0593,-7.1213,833.9402,38.0548,0.16312,4,1,2,3,0,3,0,,0.8110364345637002,0,1,0,0,B
O004_W0104,4,LOT_04_03,18,P_B,R_REWORK,CVD,ETCH_01,CH_C,2009.1,0,1.1489,0.0384,0.0118,0.026,0.9203,317.234,316.279,2.7946,833.605,115.638,212.795,0.09628,0.4338,55.879,0.0454,43.7706,1.2191,-5.2499,4.4044,772.5607,42.7226,0.22466,7,0,1,4,2,0,2,,0.850327133169866,0,0,0,0,GOOD
O004_W0105,4,LOT_04_03,8,P_C,R_BASE,ETCH,ETCH_02,CH_B,1981.0,0,1.2333,0.0487,0.005,0.0221,0.9343,328.063,311.953,3.2111,854.516,143.018,217.707,0.09628,0.2412,57.391,-0.3726,42.331,1.1137,2.448,4.2886,795.053,34.3601,0.23322,5,2,0,1,1,0,0,,0.9575019406437698,0,0,0,0,GOOD
O004_W0106,4,LOT_04_08,21,P_B,R_REWORK,CMP,ETCH_01,CH_C,1782.5,0,1.1307,0.0352,0.0248,0.0262,0.9375,325.854,317.649,3.0963,882.287,133.928,226.198,0.07255,0.4188,65.095,0.1114,43.0931,1.2701,1.1734,-1.8908,771.689,38.8574,0.27211,2,1,2,4,2,0,1,,1.1393106053340765,0,0,0,0,GOOD
O004_W0107,4,LOT_04_01,5,P_A,R_REWORK,ETCH,ETCH_02,CH_B,2147.1,1,1.4891,0.1744,0.0388,0.0116,0.8918,330.32,312.864,3.3523,923.334,110.45,221.182,0.09228,0.483,68.725,2.6519,45.0413,1.6653,-2.9133,9.2903,785.8951,43.2724,0.20986,7,3,2,7,1,0,3,7.252680133467013,,1,0,0,0,A
O004_W0108,4,LOT_04_02,22,P_A,R_FAST,CVD,CMP_01,CH_B,1900.2,0,1.4395,0.0262,0.003,0.0404,0.8994,319.665,319.329,2.7992,854.332,124.843,208.423,0.059,0.4568,53.031,-0.6562,43.1423,0.9736,-0.1772,6.6109,783.2038,44.7753,0.1549,4,0,1,5,8,0,0,,0.8869358546364722,0,0,0,1,D
O004_W0109,4,LOT_04_08,11,P_B,R_BASE,ETCH,ETCH_01,CH_D,1967.0,0,1.3775,0.0248,0.0308,0.0177,0.9002,323.528,318.043,3.0339,880.424,127.357,204.89,0.06981,0.5373,61.787,1.2899,41.0676,1.821,-1.5315,-7.4261,827.8003,41.7716,0.15954,4,0,0,3,7,0,0,,1.2759359310338187,0,0,0,1,D
O004_W0110,4,LOT_04_08,6,P_B,R_BASE,CVD,ETCH_01,CH_A,1747.4,0,1.5207,0.0585,0.1269,0.0327,0.8741,330.562,311.2,2.7294,833.73,127.441,225.786,0.08232,0.5417,62.13,1.4566,45.6932,1.0461,11.7398,-5.3981,776.7162,35.0578,0.35937,7,1,4,0,0,0,0,,1.0829233773431255,0,1,0,0,B
O004_W0111,4,LOT_04_05,16,P_A,R_FAST,CMP,CMP_01,CH_C,1816.7,0,1.1351,0.0423,0.0349,0.0308,0.9497,331.182,316.086,2.9155,831.606,123.113,198.572,0.11677,0.4461,59.372,1.403,39.9795,0.6186,-5.0444,3.3749,766.2821,39.5792,0.1821,4,1,0,1,0,0,3,,1.2724660243267274,0,0,0,0,GOOD
O004_W0112,4,LOT_04_05,10,P_B,R_BASE,PHOTO,CMP_01,CH_D,1896.4,0,1.436,0.036,0.1767,0.0264,0.9129,323.235,309.821,2.7706,816.487,134.563,199.957,0.09932,0.3756,70.208,-0.1453,40.3941,1.5843,16.7021,1.1621,799.2116,34.928,0.18281,3,3,5,3,1,4,1,,0.9979131457162237,0,1,0,0,B
O004_W0113,4,LOT_04_08,2,P_A,R_BASE,PHOTO,ETCH_03,CH_B,1733.1,1,1.6478,0.1705,0.0225,0.0436,0.8878,311.191,321.865,3.26,842.203,140.298,214.592,0.10573,0.5837,75.279,2.6002,42.3817,1.8047,-1.2059,-3.838,743.9585,35.412,0.14637,6,1,0,9,0,0,6,8.336181647415295,,1,0,0,0,A
O004_W0114,4,LOT_04_07,20,P_A,R_BASE,CMP,CVD_01,CH_D,1699.5,0,1.2401,0.0471,0.0357,0.0116,0.9411,323.405,314.149,2.9206,853.529,134.475,216.65,0.11763,0.5443,73.692,-0.1157,44.6684,1.106,-3.063,2.153,791.8286,39.0891,0.10268,5,2,1,2,0,1,1,,1.0536688639706895,0,0,0,0,GOOD
O004_W0115,4,LOT_04_07,18,P_B,R_FAST,PHOTO,ETCH_01,CH_C,1807.0,0,1.1718,0.0272,0.0054,0.0283,0.944,320.599,316.545,2.9568,859.494,123.47,219.093,0.10685,0.5147,62.652,0.996,40.897,1.0834,1.7486,2.8127,743.8244,37.4313,0.20756,1,0,1,1,2,2,0,,0.9303371275356246,0,0,0,0,GOOD
O004_W0116,4,LOT_04_05,25,P_B,R_FAST,PHOTO,CVD_01,CH_B,1788.1,1,1.5067,0.1932,0.0303,0.02,0.8762,322.83,317.413,3.1464,918.741,127.651,209.811,0.08436,0.6261,77.47,1.3875,43.0939,1.4722,-4.0013,2.2333,776.1177,36.2397,0.21089,4,0,2,7,3,1,4,9.124652412399607,,1,0,0,0,A
O004_W0117,4,LOT_04_04,13,P_C,R_BASE,CVD,ETCH_01,CH_C,1925.3,0,1.3114,0.0517,0.0373,0.018,0.9241,326.024,313.683,3.1713,841.979,118.491,222.911,0.08614,0.4234,63.578,0.6608,42.8108,1.6273,-3.1369,-7.8827,780.8053,38.6124,0.17998,4,1,1,2,1,2,0,,1.2597649790744943,0,0,0,0,GOOD
O004_W0118,4,LOT_04_08,25,P_A,R_BASE,ETCH,ETCH_03,CH_B,1986.4,0,1.1612,0.0078,0.0348,0.0187,0.9591,320.563,316.588,3.5487,913.624,120.41,216.924,0.06552,0.227,66.498,-0.9797,45.8371,1.1797,0.5044,8.5824,779.2577,43.5658,0.19224,2,1,2,1,1,2,1,,1.0134495851548806,0,0,0,0,GOOD
O004_W0119,4,LOT_04_05,9,P_A,R_BASE,PHOTO,CMP_01,CH_D,1822.1,1,1.5903,0.1766,0.0302,0.0034,0.892,327.135,320.669,3.261,873.482,126.006,203.557,0.08556,0.5695,70.805,2.4031,45.3391,1.7279,-2.0026,3.247,784.2846,37.685,0.10554,4,1,0,7,1,0,7,8.669557888800918,,1,0,0,0,A
O004_W0120,4,LOT_04_04,12,P_A,R_FAST,CVD,CVD_01,CH_B,1863.7,0,0.955,0.0492,0.0406,0.0,0.9361,319.989,325.318,2.9607,813.108,118.114,200.211,0.0765,0.5007,57.742,-0.1203,42.0334,0.9462,1.2613,2.7591,789.5182,38.2165,0.07842,0,1,3,0,2,0,1,,0.6478016687748098,0,0,0,0,GOOD
O004_W0121,4,LOT_04_07,15,P_C,R_BASE,CMP,CVD_01,CH_A,1864.5,1,1.6421,0.18,0.0417,0.0227,0.8873,324.863,323.548,3.5243,886.079,116.382,215.938,0.11406,0.6156,68.015,0.2978,45.5244,1.5593,3.9138,10.1488,797.3,40.4407,0.23246,4,1,1,5,2,0,3,12.477218409759661,,1,0,0,0,A
O004_W0122,4,LOT_04_07,18,P_B,R_FAST,ETCH,CMP_01,CH_D,2075.3,0,1.4679,0.0422,0.0258,0.089,0.9326,318.089,318.43,2.9759,813.408,116.982,210.291,0.10132,0.5632,57.46,0.4886,41.6865,0.9092,-1.5382,-0.4711,805.2351,35.8939,0.2467,4,3,0,6,1,0,1,,0.8257234421600017,0,0,1,0,C
O004_W0123,4,LOT_04_04,5,P_C,R_BASE,PHOTO,CVD_01,CH_B,1919.4,0,1.4929,0.0693,0.0084,0.0291,0.8773,313.272,314.846,2.8765,774.68,124.823,220.848,0.08133,0.2371,62.683,-1.1958,40.5346,1.1199,4.8497,2.262,798.9865,38.2237,0.178,1,0,0,1,3,1,0,,0.9183285122664504,0,0,0,1,D
O004_W0124,4,LOT_04_02,25,P_C,R_BASE,PHOTO,ETCH_02,CH_C,1816.0,0,1.2073,0.0281,0.0,0.1046,0.9417,329.082,316.286,3.4627,813.217,131.048,207.265,0.061,0.3366,61.713,1.7403,41.2245,1.339,-2.123,6.149,773.1564,42.6357,0.23991,4,3,0,2,1,2,0,,1.006134588272111,0,0,1,0,C
O004_W0125,4,LOT_04_01,23,P_A,R_BASE,ETCH,ETCH_01,CH_C,1862.4,0,1.3769,0.0667,0.0144,0.1065,0.9275,327.513,318.616,3.1465,891.477,127.455,203.27,0.07562,0.4665,64.667,1.397,42.1965,1.1124,-9.616,0.857,834.6781,37.221,0.24338,7,2,0,1,1,1,0,,0.8402905054844694,0,0,1,0,C
O004_W0126,4,LOT_04_03,7,P_A,R_REWORK,CVD,CVD_01,CH_A,1897.5,0,1.214,0.0367,0.0281,0.0204,0.9334,317.059,318.655,3.1249,833.574,116.647,208.685,0.07876,0.3043,64.244,0.4709,40.7534,1.1084,3.6553,2.5899,824.619,31.7506,0.17184,10,0,0,1,0,1,1,,1.178661602629538,0,0,0,0,GOOD
O004_W0127,4,LOT_04_02,3,P_A,R_FAST,ETCH,ETCH_01,CH_D,1970.2,0,1.1507,0.0037,0.0294,0.0204,0.9644,321.146,319.164,2.728,866.228,135.902,206.624,0.05948,0.504,62.466,0.4533,43.4823,1.0181,2.9473,-1.3058,796.7712,41.2475,0.18578,6,0,0,6,0,1,0,,1.2356555251718757,0,0,0,0,GOOD
O004_W0128,4,LOT_04_07,21,P_A,R_BASE,CVD,CVD_01,CH_A,1733.6,0,1.2185,0.0386,0.031,0.0266,0.9461,318.709,320.09,2.7851,778.25,133.166,221.351,0.05973,0.2774,58.202,-0.687,43.2872,1.0821,-4.5122,0.6248,788.3181,37.7851,0.19246,2,0,0,2,1,2,1,,0.8224629879654496,0,0,0,0,GOOD
O004_W0129,4,LOT_04_03,15,P_A,R_BASE,ETCH,PHOTO_01,CH_D,1940.8,0,1.1073,0.0226,0.026,0.0351,0.9501,329.402,312.35,2.9583,858.989,128.846,195.888,0.06683,0.2497,58.933,1.7511,42.5323,1.1872,7.2513,0.181,781.2176,43.0268,0.2195,4,0,0,2,1,0,0,,0.9834573416050882,0,0,0,0,GOOD
O004_W0130,4,LOT_04_04,17,P_B,R_BASE,CVD,CVD_01,CH_D,1690.3,0,1.8566,0.0667,0.1319,0.0292,0.8389,320.349,320.315,2.8438,848.889,135.695,204.924,0.08354,0.3347,61.902,0.4091,42.3675,1.3015,1.404,-5.9692,793.8848,41.9292,0.10612,3,0,6,1,5,3,0,,0.9908997264297233,0,1,0,1,B
O004_W0131,4,LOT_04_06,1,P_A,R_BASE,ETCH,ETCH_02,CH_B,1997.6,0,1.328,0.0325,0.0322,0.035,0.9476,318.565,324.923,2.6206,854.207,128.036,212.151,0.08187,0.3144,56.432,-0.1099,44.0466,1.1515,-0.1481,1.2327,739.9816,36.741,0.22005,3,1,0,4,2,0,1,,1.228208573499936,0,0,0,0,GOOD
O004_W0132,4,LOT_04_04,22,P_A,R_BASE,ETCH,ETCH_01,CH_A,2068.5,0,1.4216,0.0326,0.03,0.1281,0.9391,310.913,319.307,2.809,877.876,123.546,198.037,0.13052,0.3614,64.614,-0.8989,39.8333,1.5449,-6.9769,1.5291,782.7103,36.8566,0.20437,10,6,0,6,0,1,0,,1.0021884144228332,0,0,1,0,C
O004_W0133,4,LOT_04_07,11,P_B,R_BASE,ETCH,ETCH_03,CH_A,1952.2,0,1.3752,0.0124,0.1597,0.0336,0.9181,326.021,316.552,3.1378,872.585,139.919,197.134,0.09468,0.3862,62.254,0.2639,43.4066,0.8112,-6.9885,-0.6393,786.8478,41.7162,0.15694,3,0,6,2,3,5,2,,1.1381365867307924,0,1,0,0,B
O004_W0134,4,LOT_04_01,22,P_A,R_BASE,CMP,ETCH_02,CH_B,1730.3,0,1.2432,0.0267,0.0077,0.0522,0.9466,320.417,314.408,3.245,862.83,127.264,217.22,0.09849,0.5474,64.074,1.2028,41.3153,1.1162,-3.8584,-7.4042,765.8561,36.2693,0.22864,3,0,3,7,0,2,0,,1.0688987688123264,0,0,0,0,GOOD
O004_W0135,4,LOT_04_06,18,P_C,R_BASE,CVD,ETCH_03,CH_B,1984.5,0,1.7235,0.0285,0.013,0.1045,0.8849,316.222,308.002,3.4841,888.171,117.406,199.458,0.06131,0.4542,59.978,0.1319,42.0998,1.3683,-4.7563,5.1936,806.486,44.3719,0.32437,6,2,2,2,3,1,0,,0.8141320856720383,0,0,1,1,C
O004_W0136,4,LOT_04_07,3,P_B,R_BASE,ETCH,ETCH_01,CH_C,1884.9,0,1.2871,0.0359,0.0473,0.0193,0.9117,319.718,318.392,2.9859,904.805,132.651,203.642,0.09989,0.487,70.287,0.5244,42.5845,0.982,11.0033,-7.9492,812.4623,35.7864,0.09891,2,0,0,0,3,0,1,,0.8541435895171121,0,0,0,0,GOOD
O004_W0137,4,LOT_04_05,8,P_A,R_BASE,CVD,ETCH_01,CH_C,1772.7,0,1.6355,0.0326,0.0239,0.0313,0.8873,309.772,318.645,3.1636,841.438,122.982,205.76,0.06871,0.6687,62.737,1.1877,44.8097,1.1938,2.5606,0.2242,797.723,42.5736,0.19359,5,1,0,3,7,1,1,,1.0253338167721708,0,0,0,1,D
O004_W0138,4,LOT_04_05,5,P_A,R_BASE,ETCH,ETCH_03,CH_B,2084.2,1,1.5479,0.186,0.0,0.0255,0.8909,314.446,322.966,3.4243,861.322,123.188,208.582,0.11154,0.6433,67.258,2.3589,43.6885,1.644,5.0282,1.2272,783.8849,37.5492,0.10718,3,0,0,10,1,0,5,7.159881444993894,,1,0,0,0,A
O004_W0139,4,LOT_04_02,15,P_B,R_FAST,CVD,ETCH_02,CH_A,1804.5,0,1.5649,0.0374,0.0406,0.0222,0.8954,321.8,315.082,2.9434,856.245,122.684,198.585,0.06458,0.463,65.332,0.4611,39.3433,1.047,-2.594,-2.1391,805.213,44.1377,0.21319,2,0,0,1,4,0,0,,1.185668165074481,0,0,0,1,D
O004_W0140,4,LOT_04_02,23,P_B,R_BASE,CMP,ETCH_01,CH_B,1833.0,0,1.2101,0.0223,0.0353,0.0279,0.9755,315.847,319.456,2.9321,813.185,122.593,208.096,0.09964,0.3614,61.204,-1.1851,43.6987,1.1897,4.0888,2.8165,782.859,40.6313,0.16357,0,1,3,2,1,0,1,,0.9300036766550455,0,0,0,0,GOOD
O004_W0141,4,LOT_04_01,6,P_C,R_BASE,CMP,ETCH_02,CH_C,1830.4,0,1.6565,0.0669,0.0282,0.093,0.8664,323.923,316.922,2.9182,841.215,124.774,198.805,0.03539,0.3776,58.917,-0.0117,40.321,0.5116,6.5537,0.2457,816.4513,39.2529,0.25091,6,3,3,1,2,0,0,,1.3147328624168315,0,0,1,1,C
O004_W0142,4,LOT_04_07,23,P_B,R_BASE,CMP,CMP_01,CH_A,1641.6,0,1.0856,0.0348,0.0221,0.0235,0.9355,330.547,317.211,3.2053,859.205,137.501,200.976,0.04284,0.4732,62.396,-1.7643,43.0629,1.3785,4.1226,-0.7988,786.5832,39.0414,0.17797,3,1,6,2,1,2,0,,1.033808670050571,0,0,0,0,GOOD
O004_W0143,4,LOT_04_08,22,P_B,R_BASE,ETCH,CVD_01,CH_C,1906.6,1,1.6581,0.1849,0.0174,0.0332,0.8944,322.221,318.01,3.2174,941.103,133.191,212.812,0.07192,0.5454,60.605,1.1012,42.918,1.4317,1.9836,3.3473,780.3406,38.7832,0.26717,3,0,2,6,1,0,5,10.869430088117914,,1,0,0,0,A
O004_W0144,4,LOT_04_04,10,P_B,R_REWORK,CVD,CVD_01,CH_C,1799.7,1,1.5845,0.1713,0.0033,0.0221,0.8986,327.214,319.239,3.3157,884.678,124.192,213.125,0.05927,0.6615,74.951,1.0255,44.7753,1.5429,-8.5101,8.752,796.6133,36.0822,0.22876,6,1,2,5,3,0,5,10.817484770739583,,1,0,0,0,A
O004_W0145,4,LOT_04_02,25,P_A,R_BASE,CMP,ETCH_02,CH_B,1693.0,0,1.3067,0.042,0.045,0.0168,0.9337,317.491,322.273,3.477,851.299,119.865,212.983,0.08005,0.4485,61.757,-0.0495,40.5165,1.1388,2.4905,2.7407,767.9622,40.1696,0.17018,5,0,4,3,2,1,1,,1.2096354186996736,0,0,0,0,GOOD
O004_W0146,4,LOT_04_02,21,P_B,R_FAST,CVD,CMP_01,CH_C,1709.8,0,1.1555,0.0593,0.0038,0.0397,0.9224,323.385,318.027,2.8218,861.745,131.732,215.641,0.13474,0.4053,66.747,-0.6706,41.2651,1.2569,-5.5442,-13.1108,749.9069,41.5962,0.22193,3,0,1,4,3,1,0,,1.2068338013506035,0,0,0,0,GOOD
O004_W0147,4,LOT_04_03,13,P_C,R_REWORK,CVD,PHOTO_01,CH_C,1673.4,0,1.3032,0.037,0.0286,0.0,0.9606,324.3,318.743,3.2187,821.973,120.034,207.907,0.06679,0.3751,55.09,1.7368,44.3147,1.1337,-3.99,-3.5774,772.0971,31.8187,0.16561,7,1,0,1,0,0,2,,0.8823081336942002,0,0,0,0,GOOD
O004_W0148,4,LOT_04_05,25,P_A,R_BASE,PHOTO,ETCH_03,CH_D,1897.8,1,1.5666,0.1996,0.0208,0.0156,0.899,310.27,326.2,3.2208,906.602,118.81,213.008,0.13034,0.6945,72.557,0.4208,42.7816,2.0764,1.1419,0.3293,781.3556,40.5843,0.16712,8,0,1,6,2,0,3,9.755459366891504,,1,0,0,0,A
O004_W0149,4,LOT_04_01,5,P_C,R_BASE,PHOTO,ETCH_02,CH_D,1798.7,0,1.1789,0.0736,0.0236,0.0194,0.9185,322.392,318.819,3.095,871.973,125.56,205.755,0.09148,0.3912,53.076,-0.6178,43.7665,1.1966,-4.3789,5.6488,792.2425,34.7759,0.19356,7,0,0,0,1,1,1,,0.9108940088542552,0,0,0,0,GOOD
O004_W0150,4,LOT_04_01,20,P_A,R_BASE,PHOTO,PHOTO_01,CH_B,1907.6,0,1.5239,0.076,0.0406,0.0169,0.9261,325.255,317.263,2.85,896.927,132.001,205.141,0.09692,0.3536,66.855,1.287,43.9578,0.5472,-1.3007,5.7054,759.4437,37.5051,0.17973,3,0,2,2,3,0,4,,0.981478623794116,0,0,0,0,GOOD
O004_W0151,4,LOT_04_08,18,P_C,R_BASE,CVD,ETCH_02,CH_A,1877.7,0,1.2174,0.0124,0.0,0.0142,0.9596,328.487,314.251,3.2431,847.523,126.03,194.966,0.09263,0.5931,61.902,0.3149,43.1091,1.0721,8.2051,-1.5353,761.9361,37.8512,0.22765,1,1,1,4,1,0,1,,0.6623360931066458,0,0,0,0,GOOD
O004_W0152,4,LOT_04_06,4,P_A,R_BASE,CVD,ETCH_02,CH_D,1614.1,0,1.0659,0.0169,0.014,0.009,0.9492,316.249,323.041,2.6874,871.105,132.954,224.408,0.06879,0.3174,68.055,0.335,39.9733,0.747,3.7885,1.3879,780.8157,33.7895,0.21852,3,0,0,2,0,0,0,,1.0151175982396325,0,0,0,0,GOOD
O004_W0153,4,LOT_04_07,16,P_A,R_FAST,ETCH,CVD_01,CH_C,2025.7,0,1.3611,0.0447,0.0199,0.1155,0.934,318.809,316.041,2.6444,877.896,123.241,208.158,0.11205,0.2927,61.992,1.8022,45.0331,1.3722,2.6781,-2.7651,763.0609,43.3296,0.25387,2,4,0,2,0,0,1,,0.7369079284811344,0,0,1,0,C
O004_W0154,4,LOT_04_02,1,P_B,R_FAST,PHOTO,ETCH_02,CH_D,1774.8,0,1.2771,0.0647,0.0209,0.0098,0.9297,313.843,326.387,2.4799,885.889,126.01,217.954,0.04652,0.5732,61.999,0.3414,43.2334,1.1179,4.6058,-0.1839,753.9309,41.7252,0.13411,2,1,3,2,2,0,2,,1.0080050277180388,0,0,0,0,GOOD
O004_W0155,4,LOT_04_06,6,P_C,R_BASE,CVD,ETCH_01,CH_C,1899.7,0,1.5945,0.029,0.0209,0.0172,0.9083,316.19,317.392,3.0488,825.573,129.603,208.982,0.03204,0.4752,60.209,0.6561,40.0916,1.0763,7.1631,4.608,835.3029,43.1568,0.15169,1,0,2,0,4,0,0,,0.9696293146916125,0,0,0,1,D
O004_W0156,4,LOT_04_04,21,P_B,R_BASE,ETCH,CMP_01,CH_C,2134.2,0,1.3737,0.0436,0.0404,0.035,0.9584,319.53,312.221,3.1154,894.169,124.176,222.861,0.0377,0.4958,54.892,0.5983,43.8896,1.3246,-2.1796,10.707,807.292,37.1891,0.19242,4,1,1,1,0,0,0,,0.9967823872066348,0,0,0,0,GOOD
O004_W0157,4,LOT_04_01,23,P_A,R_BASE,CVD,ETCH_02,CH_C,1839.3,1,2.1594,0.1744,0.1456,0.0276,0.8173,312.209,318.203,3.2976,902.448,132.526,210.096,0.1103,0.7367,63.401,0.4312,46.8324,1.973,5.6843,-14.1151,792.7028,42.2866,0.15859,2,0,6,9,4,0,4,11.95944409868716,,1,1,0,1,A
O004_W0158,4,LOT_04_06,16,P_C,R_FAST,CMP,CMP_01,CH_D,1758.4,1,1.498,0.1486,0.0452,0.0094,0.9141,321.813,321.199,3.6318,869.382,132.335,211.481,0.07123,0.7058,61.107,1.527,44.2419,2.0761,0.0015,-1.421,772.8331,40.2575,0.14749,7,0,1,6,1,0,6,8.451908182620777,,1,0,0,0,A
O004_W0159,4,LOT_04_02,13,P_C,R_BASE,CVD,CVD_01,CH_C,1780.3,1,1.8949,0.1733,0.0211,0.0057,0.8482,329.163,323.9,3.1786,931.987,115.717,204.759,0.11083,0.5469,64.503,2.0333,43.8367,1.9855,0.0383,-6.9824,803.2181,37.918,0.18297,2,0,0,11,4,0,4,9.564362752818997,,1,0,0,1,A
O004_W0160,4,LOT_04_03,15,P_A,R_FAST,CVD,ETCH_02,CH_A,1768.6,1,1.7107,0.2054,0.0,0.0475,0.8833,323.482,322.13,3.5223,903.727,114.059,214.535,0.13858,0.5987,59.428,2.283,45.6036,1.5513,-2.3037,-5.5773,756.0492,42.1037,0.25052,4,3,1,7,2,1,5,11.619788387530699,,1,0,0,0,A
O004_W0161,4,LOT_04_06,24,P_A,R_FAST,CVD,ETCH_03,CH_C,1995.4,1,1.6213,0.182,0.1001,0.0231,0.8884,327.42,320.135,3.9011,860.2,122.479,205.159,0.07103,0.4952,61.009,1.3243,46.6055,1.6352,7.4327,3.0446,794.245,35.1738,0.26287,5,1,5,12,3,3,4,10.943595771705578,,1,1,0,0,A
O004_W0162,4,LOT_04_07,10,P_B,R_BASE,CMP,CVD_01,CH_A,1887.3,0,1.1773,0.0262,0.0096,0.0387,0.9353,325.913,316.208,2.6658,868.122,113.546,216.669,0.07345,0.1642,60.353,-0.7026,38.0037,1.0037,4.5915,1.0489,785.3115,33.7818,0.1699,5,1,0,0,2,0,0,,0.9190248435287558,0,0,0,0,GOOD
O004_W0163,4,LOT_04_04,8,P_A,R_BASE,ETCH,ETCH_01,CH_B,1958.5,0,0.948,0.0396,0.0114,0.0019,0.9438,330.342,320.492,3.021,903.871,139.164,204.307,0.09611,0.6549,74.562,-0.011,41.0602,0.7817,-4.0336,-3.4067,792.4305,36.9103,0.1548,5,0,1,2,3,2,1,,1.0846800891597,0,0,0,0,GOOD
O004_W0164,4,LOT_04_01,23,P_A,R_REWORK,ETCH,PHOTO_01,CH_D,2217.3,0,1.1347,0.0348,0.0067,0.051,0.9467,321.488,310.633,3.4683,896.315,116.897,230.571,0.02228,0.4215,62.598,0.8332,42.6807,1.2933,-1.4593,-3.0402,791.0851,35.6323,0.02628,7,3,1,2,1,0,0,,1.2404716197431402,0,0,0,0,GOOD
O004_W0165,4,LOT_04_05,18,P_C,R_FAST,ETCH,ETCH_01,CH_A,2009.8,0,1.1686,0.0253,0.0369,0.0285,0.9596,323.556,317.517,2.9932,858.984,122.387,203.617,0.067,0.5027,62.811,-1.8836,40.2008,0.8192,-0.9811,-6.9253,748.024,37.9254,0.10979,3,0,1,3,0,1,1,,0.8404079618514999,0,0,0,0,GOOD
O004_W0166,4,LOT_04_06,21,P_B,R_BASE,ETCH,ETCH_02,CH_C,1956.7,0,1.1606,0.054,0.0367,0.0,0.9425,318.251,317.097,3.1211,853.253,126.526,214.816,0.09015,0.3126,56.776,1.4439,40.6095,1.3978,-3.7126,-1.9962,748.4925,38.7492,0.21401,2,1,0,5,2,0,1,,0.8607738706136191,0,0,0,0,GOOD
O004_W0167,4,LOT_04_01,1,P_A,R_BASE,CVD,ETCH_01,CH_B,1786.9,0,1.2104,0.0413,0.0515,0.0212,0.9441,327.868,313.936,2.7724,885.502,119.45,210.824,0.0736,0.3239,67.471,0.0979,43.3523,1.0728,5.4309,-6.1101,797.8548,40.1037,0.19381,4,2,1,1,1,1,1,,0.7922263120536945,0,0,0,0,GOOD
O004_W0168,4,LOT_04_01,25,P_C,R_REWORK,ETCH,ETCH_01,CH_B,2054.1,0,1.5176,0.0446,0.1286,0.0289,0.9392,327.276,313.215,2.9539,873.462,113.229,210.851,0.04705,0.5047,67.57,-0.1127,40.7083,1.7261,9.964,0.7627,798.1387,39.0473,0.10552,6,2,0,1,1,0,0,,0.9980463211211996,0,1,0,0,B
O004_W0169,4,LOT_04_08,20,P_A,R_BASE,ETCH,ETCH_03,CH_C,2086.9,0,1.2661,0.0534,0.0379,0.0261,0.9376,312.815,317.277,3.4602,875.694,134.884,202.177,0.07257,0.4126,59.698,-0.8632,45.2811,1.4163,4.3209,-4.4667,801.6749,35.8756,0.1623,2,1,2,0,1,0,1,,0.9718977655755154,0,0,0,0,GOOD
O004_W0170,4,LOT_04_08,24,P_C,R_REWORK,CVD,CMP_01,CH_A,1953.6,0,1.6911,0.0901,0.0366,0.1356,0.8896,318.222,313.032,3.0471,870.165,129.613,212.285,0.06126,0.3696,63.6,1.3121,44.7774,1.6068,3.9142,-2.4331,759.6861,33.7986,0.26355,5,5,0,4,1,0,0,,1.287343990160596,0,0,1,0,C
O004_W0171,4,LOT_04_05,5,P_A,R_BASE,ETCH,PHOTO_01,CH_B,2021.3,0,1.1915,0.0215,0.0302,0.0112,0.9573,321.763,317.706,3.1149,910.762,136.971,196.626,0.09076,0.3264,62.832,-1.6131,39.7895,1.0452,0.1439,2.4775,767.4123,36.3568,0.21122,4,2,1,5,2,1,1,,1.1443914138754845,0,0,0,0,GOOD
O004_W0172,4,LOT_04_01,18,P_B,R_REWORK,ETCH,PHOTO_01,CH_A,2068.9,0,1.0696,0.0336,0.0181,0.0409,0.9277,327.52,319.981,2.9591,908.071,133.781,189.444,0.06912,0.3783,63.09,-0.8081,41.8984,1.1676,5.3246,-2.3574,789.4412,39.8144,0.18339,2,2,2,1,1,2,2,,1.2677307670540292,0,0,0,0,GOOD
O004_W0173,4,LOT_04_05,15,P_B,R_BASE,ETCH,CMP_01,CH_B,2011.0,0,1.1243,0.0404,0.0398,0.0,0.9357,319.28,320.431,2.8696,856.796,122.722,216.095,0.05495,0.446,61.759,0.8259,39.2732,1.2437,-2.2704,-4.9072,800.9104,40.6026,0.15815,4,0,0,0,0,0,4,,0.8411931517637463,0,0,0,0,GOOD
O004_W0174,4,LOT_04_02,9,P_A,R_FAST,ETCH,ETCH_02,CH_B,1811.7,1,1.62,0.1454,0.0404,0.0267,0.8954,326.834,319.136,3.57,894.326,124.679,207.09,0.11317,0.6581,63.23,1.5721,44.2869,1.8434,-1.7283,-0.3302,768.0872,34.62,0.19138,1,0,1,11,2,1,2,10.15309932986858,,1,0,0,0,A
O004_W0175,4,LOT_04_07,6,P_A,R_FAST,CVD,CMP_01,CH_C,1783.8,0,1.4067,0.0064,0.0035,0.0239,0.9152,332.169,308.121,2.9758,806.73,104.109,203.507,0.04066,0.3726,62.713,-0.6772,42.464,0.6978,5.2426,5.0942,804.2975,40.2269,0.15663,2,0,1,2,4,0,0,,1.1268356664904715,0,0,0,1,D
O004_W0176,4,LOT_04_01,14,P_B,R_FAST,ETCH,ETCH_01,CH_B,1962.3,1,1.9559,0.2019,0.0551,0.03,0.8406,320.853,320.391,3.393,893.699,130.125,204.921,0.07438,0.4546,61.018,0.5537,44.166,2.0269,1.7072,1.51,790.3651,47.6798,0.17831,5,1,1,12,2,0,5,10.133561717508119,,1,0,0,1,A
O004_W0177,4,LOT_04_03,15,P_A,R_FAST,ETCH,CMP_01,CH_C,1949.2,0,1.4706,0.0427,0.1359,0.0059,0.9254,323.563,314.448,2.8073,856.493,111.615,221.614,0.09494,0.4051,63.109,0.9406,41.2032,1.4673,10.6933,1.9866,782.2488,31.7162,0.27841,3,0,4,1,4,0,1,,1.1707845289382246,0,1,0,0,B
O004_W0178,4,LOT_04_04,10,P_B,R_BASE,CVD,ETCH_02,CH_C,1892.6,1,1.5246,0.1719,0.0179,0.0118,0.8878,321.826,325.809,3.4095,846.717,143.766,210.243,0.11085,0.6518,54.517,1.8478,44.8422,1.3349,8.8716,-1.5009,812.2263,35.1747,0.17974,3,0,0,14,0,1,3,7.719836335962514,,1,0,0,0,A
O004_W0179,4,LOT_04_04,12,P_C,R_BASE,CVD,PHOTO_01,CH_D,1972.1,0,1.2886,0.0578,0.0221,0.017,0.9663,316.594,321.904,2.8587,843.984,124.274,212.974,0.05723,0.402,72.823,1.0396,41.8361,1.1026,-3.2351,3.7373,808.9267,37.5691,0.1738,6,1,2,0,1,1,2,,0.8318820076631426,0,0,0,0,GOOD
O004_W0180,4,LOT_04_06,16,P_C,R_BASE,CMP,ETCH_03,CH_B,1901.1,1,1.6153,0.1948,0.0346,0.0132,0.8875,321.068,306.899,3.7533,861.732,99.831,227.714,0.17396,0.5931,61.944,1.103,42.3517,2.0468,-5.862,0.5196,805.1881,37.6063,0.22013,1,1,0,10,2,0,3,9.8960585687448,,1,0,0,0,A
O004_W0181,4,LOT_04_08,13,P_B,R_BASE,CMP,ETCH_02,CH_C,1824.8,0,1.1025,0.0539,0.0321,0.0071,0.9602,314.693,308.033,3.1313,874.176,131.253,214.306,0.0803,0.5062,56.858,0.8809,42.3263,1.1714,-0.575,7.7385,765.9132,36.8838,0.22512,6,0,1,2,1,0,1,,1.0358182230733617,0,0,0,0,GOOD
O004_W0182,4,LOT_04_05,13,P_B,R_REWORK,ETCH,ETCH_02,CH_A,2093.9,0,1.7694,0.0363,0.1269,0.0286,0.8829,317.97,317.889,3.1185,848.337,131.648,216.391,0.09095,0.405,66.365,0.7092,42.036,1.1957,4.2938,-2.8435,800.562,44.587,0.1141,10,1,3,2,2,2,0,,0.8265983272507594,0,1,0,1,B
O004_W0183,4,LOT_04_07,13,P_C,R_BASE,ETCH,CMP_01,CH_C,1862.6,0,1.6024,0.0242,0.0197,0.0245,0.8962,324.156,319.698,2.6895,849.457,140.597,194.791,0.06628,0.3719,61.041,-1.1301,41.917,1.647,-7.6395,-3.7833,802.9046,44.6818,0.17624,5,0,2,0,4,1,0,,0.8604819459003945,0,0,0,1,D
O004_W0184,4,LOT_04_01,16,P_A,R_BASE,PHOTO,CVD_01,CH_D,1759.2,0,1.4998,0.0289,0.1605,0.0511,0.897,325.295,324.714,2.6668,831.442,124.138,208.833,0.05531,0.3941,57.42,-0.4757,42.9112,1.2219,18.6217,-8.7339,787.5876,39.9988,0.11471,2,0,6,1,0,2,0,,0.9610295535747051,0,1,0,0,B
O004_W0185,4,LOT_04_05,15,P_C,R_BASE,PHOTO,PHOTO_01,CH_A,1919.4,0,1.318,0.0646,0.0362,0.0259,0.9423,319.133,318.057,2.9957,872.096,124.027,210.557,0.07474,0.483,58.504,0.9696,42.7483,1.1104,-6.7152,5.0996,793.8979,36.5187,0.16571,4,1,2,0,0,2,0,,0.7535789455480532,0,0,0,0,GOOD
O004_W0186,4,LOT_04_04,11,P_B,R_BASE,ETCH,PHOTO_01,CH_C,2038.4,0,1.0065,0.0478,0.0194,0.0057,0.9259,324.964,321.139,3.4683,868.731,110.718,203.573,0.09011,0.4391,66.546,0.2762,40.7386,1.4968,-4.2542,-3.3477,785.9571,36.6921,0.28186,2,0,3,2,1,0,0,,0.8298133741576723,0,0,0,0,GOOD
O004_W0187,4,LOT_04_01,1,P_A,R_FAST,CVD,CVD_01,CH_D,1674.0,0,1.4473,0.0251,0.1423,0.0225,0.9195,312.242,314.758,3.3927,804.898,128.034,215.166,0.06593,0.4455,68.138,2.8877,43.4653,1.2646,3.0784,3.1448,794.7229,35.7678,0.17101,4,0,6,1,2,1,1,,0.6990347215992594,0,1,0,0,B
O004_W0188,4,LOT_04_05,17,P_B,R_BASE,ETCH,ETCH_01,CH_A,1847.8,0,1.1658,0.0237,0.0236,0.0111,0.9562,313.128,315.768,2.5221,901.421,128.879,208.471,0.06661,0.5048,67.62,0.2875,40.5701,1.3122,-0.5441,-0.0643,777.3631,37.9428,0.12683,1,1,1,2,2,0,2,,1.0282624860987541,0,0,0,0,GOOD
O004_W0189,4,LOT_04_02,11,P_A,R_BASE,CMP,ETCH_01,CH_D,1834.0,0,1.3278,0.0372,0.0406,0.0441,0.9345,317.323,319.795,2.7937,861.347,121.928,210.816,0.04172,0.3452,50.95,0.2715,41.3613,1.4355,1.0552,4.4001,786.3113,36.1007,0.18723,6,0,0,4,2,0,0,,0.788659362713189,0,0,0,0,GOOD
O004_W0190,4,LOT_04_08,1,P_A,R_BASE,ETCH,CMP_01,CH_C,1980.9,0,1.1162,0.0341,0.0158,0.0212,0.9306,321.19,323.952,3.4106,889.757,122.797,201.811,0.06428,0.449,61.104,-0.7128,39.2559,1.3786,-10.0133,-3.9568,789.4536,37.6244,0.24337,5,3,2,3,3,0,1,,1.0213367572894068,0,0,0,0,GOOD
O004_W0191,4,LOT_04_01,24,P_A,R_BASE,PHOTO,CMP_01,CH_A,1755.1,0,1.1942,0.0287,0.0321,0.0081,0.9476,314.611,318.217,2.9475,842.428,111.843,220.888,0.09487,0.4707,71.341,-0.2991,42.5128,1.2422,1.5492,-4.2886,770.0843,39.0564,0.16992,11,0,2,0,1,0,0,,0.9246926240425569,0,0,0,0,GOOD
O004_W0192,4,LOT_04_01,20,P_C,R_FAST,ETCH,PHOTO_01,CH_D,1879.2,0,1.2708,0.0591,0.0117,0.0225,0.9374,323.431,314.764,3.1977,867.55,120.569,213.279,0.06819,0.3492,68.856,0.3637,43.0536,1.2445,-3.1631,2.1858,801.302,37.2368,0.23899,3,1,2,0,0,0,0,,1.2826187664480995,0,0,0,0,GOOD
O004_W0193,4,LOT_04_08,6,P_A,R_BASE,CMP,ETCH_01,CH_B,1816.0,0,1.0882,0.0397,0.0167,0.0204,0.9357,317.539,320.889,3.1576,844.449,119.52,210.235,0.10977,0.5013,58.737,-0.2933,43.4739,1.0324,0.7048,-1.4075,738.2088,33.7194,0.206,1,1,1,1,1,3,1,,1.1536564971726762,0,0,0,0,GOOD
O004_W0194,4,LOT_04_05,22,P_B,R_BASE,CMP,CVD_01,CH_B,1776.4,0,1.5888,0.0433,0.1418,0.023,0.9087,315.521,317.668,2.7836,826.279,137.51,202.61,0.09393,0.6677,62.958,0.6826,39.4043,1.5107,-0.1925,-8.3139,778.8492,40.7773,0.17572,3,0,2,2,2,2,0,,0.7620658306993455,0,1,0,0,B
O004_W0195,4,LOT_04_03,12,P_B,R_BASE,ETCH,ETCH_02,CH_C,2195.0,1,1.4968,0.1796,0.0174,0.0213,0.8978,326.726,314.207,3.2327,904.824,123.986,211.97,0.11056,0.4872,59.931,0.9171,47.894,2.1623,-0.0032,2.1227,808.9653,39.377,0.19781,5,1,0,7,1,0,2,8.888440960049861,,1,0,0,0,A
O004_W0196,4,LOT_04_07,11,P_A,R_BASE,PHOTO,CVD_01,CH_B,1703.4,0,1.0835,0.0232,0.0392,0.0271,0.9604,320.122,323.385,2.919,845.252,135.395,208.649,0.10664,0.4776,63.816,-0.5634,43.5102,0.8544,-2.073,-3.7018,789.7011,34.4966,0.24379,5,1,1,1,3,1,2,,0.9759082612535581,0,0,0,0,GOOD
O004_W0197,4,LOT_04_05,18,P_A,R_FAST,PHOTO,ETCH_02,CH_D,1848.7,0,1.2508,0.0209,0.0219,0.0323,0.9509,335.816,330.389,3.148,808.728,132.807,188.557,0.0177,0.4223,51.889,0.6155,40.9069,1.5487,1.5795,-2.989,771.9517,41.334,0.14551,4,2,0,1,2,0,0,,1.2827370632046544,0,0,0,0,GOOD
O004_W0198,4,LOT_04_07,5,P_A,R_FAST,ETCH,CMP_01,CH_D,2019.8,0,1.3807,0.0334,0.0065,0.0352,0.89,313.105,317.08,2.3823,873.547,122.37,220.882,0.09264,0.4462,65.891,-1.1397,43.2656,1.0385,2.4931,12.1595,784.7992,44.4052,0.21664,6,1,1,5,2,0,0,,1.0908206396447335,0,0,0,1,D
O004_W0199,4,LOT_04_08,11,P_B,R_FAST,ETCH,ETCH_02,CH_A,2077.9,0,1.1808,0.0392,0.0178,0.0218,0.9398,323.204,321.934,3.0502,891.852,119.875,213.411,0.11629,0.3151,58.546,-0.976,41.3764,1.2981,-0.2132,-3.9069,746.3984,40.8807,0.10936,2,1,0,4,0,0,2,,1.1140641539883138,0,0,0,0,GOOD
O004_W0200,4,LOT_04_02,1,P_B,R_FAST,CMP,ETCH_01,CH_A,1649.2,0,1.3502,0.0432,0.0069,0.1275,0.9475,331.161,310.58,3.0564,790.64,116.525,208.7,0.03981,0.3619,64.416,-0.2545,41.6601,1.2229,4.0813,-4.0792,762.3618,38.7666,0.24465,4,3,0,0,4,0,1,,0.9576332452187515,0,0,1,0,C
O004_W0201,4,LOT_04_07,15,P_A,R_BASE,ETCH,ETCH_01,CH_B,1997.0,0,1.2768,0.0208,0.0437,0.0072,0.9397,318.015,321.988,3.1966,903.768,119.666,195.569,0.05162,0.3151,66.021,-0.6396,42.5391,0.9465,5.1049,-12.4805,810.4106,34.1767,0.21525,3,0,2,2,2,0,0,,1.019039333349429,0,0,0,0,GOOD
O004_W0202,4,LOT_04_03,22,P_C,R_FAST,CMP,CMP_01,CH_B,1835.1,0,1.1097,0.0205,0.0,0.0371,0.9535,323.345,306.638,3.2697,875.928,134.468,213.532,0.06687,0.2688,62.323,-0.0004,40.9698,1.1184,-4.5899,2.2662,786.4908,34.7824,0.1726,7,2,2,1,0,1,0,,0.9801724235128799,0,0,0,0,GOOD
O004_W0203,4,LOT_04_06,16,P_A,R_BASE,CMP,CVD_01,CH_D,1805.2,0,1.3735,0.0346,0.0,0.1122,0.9478,325.823,324.971,2.9255,836.385,132.678,214.896,0.10947,0.3244,62.566,-0.3235,41.9247,1.4802,-0.6106,11.209,810.7732,42.2715,0.24186,6,4,3,1,0,3,2,,1.0387348172654036,0,0,1,0,C
O004_W0204,4,LOT_04_02,23,P_B,R_BASE,ETCH,ETCH_02,CH_A,1965.4,0,1.1821,0.0361,0.0279,0.0317,0.9466,317.894,319.376,3.0689,857.043,116.662,204.221,0.09009,0.3854,60.798,0.5934,40.5356,1.2546,3.18,5.6242,785.9153,37.5206,0.12869,5,0,0,3,2,0,0,,0.7895693414295523,0,0,0,0,GOOD
O004_W0205,4,LOT_04_05,10,P_B,R_FAST,CMP,CVD_01,CH_C,1748.7,1,1.5418,0.0138,0.0448,0.0273,0.9013,319.074,322.442,2.8901,802.243,135.398,217.482,0.10035,0.4709,59.556,-0.9559,43.9486,1.4272,-0.372,-5.8423,799.4051,43.6301,0.17166,2,0,2,2,5,2,0,8.210219656672493,,0,0,0,1,D
O004_W0206,4,LOT_04_05,12,P_A,R_BASE,CVD,PHOTO_01,CH_D,1807.5,0,1.0607,0.0488,0.0241,0.0,0.9418,322.367,317.141,3.396,799.549,121.191,209.078,0.07935,0.2463,59.682,-1.3209,39.5752,1.1193,-2.9129,-3.1679,807.9361,39.3388,0.21627,5,1,1,2,0,0,0,,1.2479232105683777,0,0,0,0,GOOD
O004_W0207,4,LOT_04_06,20,P_C,R_REWORK,CVD,CVD_01,CH_C,1905.7,1,1.5771,0.1734,0.0314,0.0348,0.9172,325.043,309.42,3.4719,902.148,126.569,216.405,0.10658,0.5802,65.63,1.675,46.4926,1.6857,6.8962,1.5372,789.1378,36.5867,0.17618,5,0,2,8,1,1,2,11.739872779622852,,1,0,0,0,A
O004_W0208,4,LOT_04_01,14,P_A,R_BASE,CMP,ETCH_03,CH_D,1773.7,0,1.9937,0.0575,0.139,0.1159,0.8427,325.037,314.849,3.2274,825.812,113.72,208.374,0.08122,0.3977,69.536,0.2297,42.9363,1.042,-0.1622,-4.3722,806.6061,38.6626,0.18754,8,4,5,1,6,1,2,,1.0075223973583336,0,1,1,1,B
O004_W0209,4,LOT_04_01,9,P_B,R_BASE,PHOTO,ETCH_01,CH_B,1856.5,0,1.6171,0.0446,0.1532,0.1122,0.8804,332.295,323.672,3.0486,842.507,125.855,205.511,0.06157,0.5593,65.768,1.4464,41.5211,1.5699,5.7309,-9.9451,789.5728,39.8203,0.16711,4,5,4,1,1,4,1,,0.9538077972047917,0,1,1,0,B
O004_W0210,4,LOT_04_05,15,P_C,R_BASE,CMP,CMP_01,CH_B,1926.8,0,1.665,0.0742,0.029,0.0222,0.8886,324.337,316.695,2.9711,833.168,120.66,211.05,0.09925,0.3384,65.911,-0.7753,41.4036,1.6247,0.7882,-13.0614,819.916,43.8424,0.24349,3,0,1,5,3,0,0,,1.1930872184219814,0,0,0,1,D
O004_W0211,4,LOT_04_04,1,P_B,R_BASE,CVD,CVD_01,CH_A,1841.2,0,1.2507,0.0658,0.0151,0.0456,0.9478,321.292,323.367,3.2136,870.842,143.085,218.397,0.06563,0.4667,64.404,0.1707,40.3442,1.2839,3.9148,-3.5837,806.0806,36.3589,0.11878,3,1,2,4,1,1,1,,0.9783333257660204,0,0,0,0,GOOD
O004_W0212,4,LOT_04_03,13,P_B,R_BASE,CMP,ETCH_03,CH_A,1976.5,0,1.1442,0.0443,0.0351,0.0396,0.9343,322.179,316.435,2.7653,832.485,126.812,201.838,0.02678,0.365,65.221,-0.6492,43.6371,1.5094,-4.0252,6.2945,772.5922,36.4108,0.18241,2,0,0,0,1,1,1,,1.2477062232057152,0,0,0,0,GOOD
O004_W0213,4,LOT_04_06,4,P_B,R_FAST,CVD,ETCH_03,CH_D,1995.8,0,1.0445,0.0242,0.0042,0.0087,0.9421,329.277,317.347,3.256,855.427,130.066,201.636,0.08274,0.4044,66.378,0.7041,40.722,0.886,1.771,7.5182,774.8306,33.2153,0.22417,3,1,1,2,1,1,1,,1.1073753393802486,0,0,0,0,GOOD
O004_W0214,4,LOT_04_05,25,P_C,R_BASE,ETCH,PHOTO_01,CH_B,1873.4,0,1.3449,0.0438,0.0199,0.1351,0.8963,318.401,314.912,3.3279,897.148,121.025,229.331,0.06324,0.513,71.68,0.4677,41.8753,1.1577,2.6476,8.3214,795.6197,35.5958,0.26394,6,3,1,2,4,1,0,,1.289800493923066,0,0,1,0,C
O004_W0215,4,LOT_04_07,25,P_B,R_REWORK,ETCH,CMP_01,CH_B,1999.4,1,1.6661,0.2034,0.024,0.0269,0.8738,324.405,317.122,2.9883,911.892,128.345,197.224,0.18878,0.3296,68.141,2.6948,45.7324,2.151,-4.5618,-1.9077,783.0496,36.0519,0.20632,5,0,3,6,1,0,2,11.636651895429322,,1,0,0,0,A
O004_W0216,4,LOT_04_05,22,P_A,R_BASE,CMP,CMP_01,CH_C,1753.8,0,1.3653,0.041,0.0314,0.0904,0.9204,318.503,328.297,2.7106,832.7,131.685,191.482,0.10936,0.6366,65.38,0.029,43.2472,1.136,0.3188,1.6941,776.6738,36.5577,0.23123,10,7,0,1,2,0,1,,1.2520236306895516,0,0,1,0,C
O004_W0217,4,LOT_04_06,23,P_C,R_REWORK,ETCH,CVD_01,CH_B,2115.7,0,1.2008,0.0345,0.0406,0.0278,0.9292,316.776,316.193,3.6955,925.387,136.754,216.441,0.11791,0.5821,59.714,-2.167,40.4203,1.0012,-3.6707,-2.1228,796.9937,46.3053,0.19321,3,0,0,3,1,1,2,,0.8771003862125144,0,0,0,0,GOOD
O004_W0218,4,LOT_04_05,21,P_B,R_FAST,ETCH,CVD_01,CH_B,1931.4,0,1.1231,0.0379,0.1011,0.0193,0.9294,322.714,319.01,3.2872,862.557,130.054,204.409,0.10074,0.4722,62.898,0.6014,40.7105,1.8587,7.3731,-5.056,807.9824,37.8106,0.23871,4,2,5,3,2,1,1,,1.3071481286474456,0,1,0,0,B
O004_W0219,4,LOT_04_01,15,P_B,R_BASE,CVD,CMP_01,CH_B,1669.8,0,1.482,0.0175,0.0262,0.0154,0.8897,327.081,330.603,3.1699,796.886,130.763,217.039,0.07939,0.5014,61.213,0.1431,41.2741,1.3635,-6.2196,-7.5885,796.7588,46.9738,0.26202,5,2,0,1,3,0,2,,0.9593279262637116,0,0,0,1,D
O004_W0220,4,LOT_04_01,25,P_C,R_FAST,PHOTO,PHOTO_01,CH_B,1917.0,0,1.0222,0.0229,0.0257,0.0319,0.9279,317.264,315.931,2.9987,889.085,123.809,192.359,0.09389,0.3683,71.817,0.009,42.4628,1.2144,-1.1899,-1.0676,768.9439,35.6129,0.1393,3,1,1,4,2,1,2,,0.7719240920273636,0,0,0,0,GOOD
O004_W0221,4,LOT_04_08,5,P_B,R_FAST,ETCH,ETCH_01,CH_B,1964.2,0,1.0942,0.0339,0.0048,0.0095,0.9576,311.625,315.303,2.917,852.934,133.324,207.72,0.07036,0.3906,59.931,1.3298,41.3681,1.4313,5.8589,-4.4235,784.1888,39.9812,0.19517,6,0,0,0,0,1,1,,0.9511950383776492,0,0,0,0,GOOD
O004_W0222,4,LOT_04_05,4,P_A,R_FAST,PHOTO,ETCH_01,CH_D,1724.3,0,1.1634,0.022,0.0,0.0323,0.9425,328.528,313.891,2.7891,840.604,115.951,219.201,0.07624,0.4778,69.509,-0.3649,42.4037,1.4754,-9.8859,4.6968,800.7193,39.4648,0.12485,4,0,4,1,0,2,0,,0.9731337467613124,0,0,0,0,GOOD
O004_W0223,4,LOT_04_02,5,P_A,R_FAST,CVD,ETCH_01,CH_D,1847.6,1,1.7051,0.2064,0.0237,0.0246,0.8892,336.924,312.62,3.4943,855.447,127.176,206.352,0.13166,0.6938,68.944,0.806,42.3035,1.7722,3.1815,8.4867,794.6869,39.112,0.23058,2,3,0,9,0,0,4,14.549780802816032,,1,0,0,0,A
O004_W0224,4,LOT_04_05,11,P_B,R_BASE,CVD,PHOTO_01,CH_C,1678.8,0,1.4934,0.0448,0.0128,0.0382,0.9177,321.773,309.379,2.8896,879.999,122.257,201.077,0.07063,0.4234,53.085,1.027,42.5694,1.2553,0.672,-0.0918,808.2673,38.8613,0.21083,1,2,0,0,2,1,0,,0.8975062511835589,0,0,0,1,D
O004_W0225,4,LOT_04_06,22,P_A,R_BASE,CVD,ETCH_03,CH_B,1884.9,0,1.0764,0.0175,0.0147,0.0293,0.985,322.969,320.209,3.3567,846.489,125.277,196.665,0.11376,0.1865,64.38,1.1565,41.6238,1.1477,1.1944,2.8883,777.8436,39.1976,0.17024,3,0,0,1,2,1,0,,0.7902907976502542,0,0,0,0,GOOD
O004_W0226,4,LOT_04_06,12,P_A,R_BASE,CVD,CMP_01,CH_B,1787.1,0,1.0401,0.0234,0.0014,0.0113,0.9371,320.782,320.811,2.7562,861.696,126.806,193.911,0.08835,0.5445,65.181,0.9987,42.8139,0.869,-9.416,-16.3419,796.3023,38.7885,0.24867,3,0,3,1,1,0,0,,0.9336274210437543,0,0,0,0,GOOD
O004_W0227,4,LOT_04_08,25,P_A,R_REWORK,PHOTO,PHOTO_01,CH_B,1893.9,0,1.0899,0.0,0.0019,0.0146,0.9641,322.517,309.975,2.8518,833.577,129.738,216.272,0.1075,0.4484,60.977,1.3046,42.1494,1.1222,2.6454,-3.7306,768.5076,40.7647,0.1932,7,0,0,5,0,0,1,,1.0794739029724538,0,0,0,0,GOOD
O004_W0228,4,LOT_04_07,2,P_A,R_BASE,CVD,ETCH_01,CH_B,1949.7,0,1.5178,0.018,0.0185,0.0065,0.8967,321.141,320.154,2.5367,879.072,125.713,220.671,0.12181,0.5038,59.988,-0.6702,42.0365,1.3934,-3.4749,-6.1878,819.585,40.0698,0.20805,2,0,1,2,4,0,0,,0.7253835315213872,0,0,0,1,D
O004_W0229,4,LOT_04_01,14,P_A,R_BASE,CMP,ETCH_02,CH_C,1815.2,0,1.2855,0.044,0.0183,0.0083,0.9357,326.108,312.356,2.999,800.569,127.571,187.681,0.05871,0.3867,64.715,0.4355,40.7508,1.1274,-8.3489,-7.1948,766.1092,41.4125,0.17658,1,1,0,3,1,3,0,,0.7992894467375267,0,0,0,0,GOOD
O004_W0230,4,LOT_04_07,4,P_B,R_BASE,CMP,CVD_01,CH_C,1785.3,0,1.4116,0.0687,0.0263,0.1216,0.9001,326.305,320.437,2.9112,869.233,136.805,201.061,0.10599,0.5081,61.371,0.8944,41.1367,1.0408,8.069,-0.1489,797.7922,39.3496,0.26624,7,4,1,4,0,0,1,,1.0741621556012915,0,0,1,0,C
O004_W0231,4,LOT_04_02,6,P_A,R_BASE,CMP,ETCH_02,CH_C,1874.9,0,1.7743,0.0217,0.0339,0.1358,0.8787,311.044,314.835,2.6399,860.608,126.837,204.349,0.08699,0.5538,62.825,0.6082,40.9734,1.2294,-5.1215,-1.8335,811.5962,45.3675,0.27817,11,8,0,1,4,0,1,,0.723711256347016,0,0,1,1,C
O004_W0232,4,LOT_04_07,10,P_B,R_BASE,CMP,CVD_01,CH_A,1677.1,0,1.546,0.0161,0.0658,0.0303,0.8765,329.207,317.57,3.0809,862.032,128.707,223.508,0.07346,0.4061,53.648,-0.3005,43.7643,1.0649,-2.7258,-7.7096,775.2647,40.4994,0.2222,8,1,4,1,10,0,1,,0.830773035894312,0,0,0,1,D
O004_W0233,4,LOT_04_07,1,P_C,R_FAST,PHOTO,CVD_01,CH_C,1807.2,1,1.8869,0.1491,0.0288,0.0057,0.8623,321.202,319.543,3.8458,914.533,117.257,209.97,0.13041,0.6058,67.031,1.2439,45.0764,1.385,-0.65,-8.2472,806.0707,44.0235,0.24602,8,0,0,8,5,0,3,8.62195992876997,,1,0,0,1,A
O004_W0234,4,LOT_04_08,15,P_B,R_BASE,CMP,ETCH_01,CH_C,1900.8,1,1.4983,0.1917,0.018,0.0249,0.9061,319.563,319.547,3.4721,906.867,120.159,202.505,0.09808,0.5816,70.661,-0.6606,46.9159,2.3446,-1.4582,-5.6,757.7438,41.0549,0.11702,2,0,2,7,0,0,8,13.785346158858562,,1,0,0,0,A
O004_W0235,4,LOT_04_08,19,P_B,R_REWORK,CVD,ETCH_03,CH_D,2040.5,1,1.43,0.1744,0.015,0.0126,0.9127,322.142,317.734,3.2258,874.22,125.126,201.244,0.12837,0.3754,70.285,0.661,44.1535,1.6465,-3.2925,3.9882,787.8013,41.2527,0.13602,5,1,1,6,2,0,3,11.708098219168964,,1,0,0,0,A
O004_W0236,4,LOT_04_05,11,P_B,R_FAST,PHOTO,ETCH_03,CH_C,1807.8,1,1.8161,0.1669,0.128,0.0178,0.8668,315.332,320.903,3.2819,935.018,134.291,207.528,0.09698,0.4995,57.765,1.2276,48.7306,1.782,8.1919,-6.3632,783.3195,35.4604,0.19014,3,2,4,5,1,1,9,11.108763894589332,,1,1,0,0,A
O004_W0237,4,LOT_04_06,14,P_C,R_FAST,CMP,ETCH_01,CH_C,1613.6,0,1.2357,0.036,0.0392,0.0391,0.9637,318.962,315.712,2.6421,824.888,127.798,211.198,0.09524,0.3771,58.946,-1.4191,44.1483,1.8079,-2.6714,0.4007,808.019,35.3204,0.19047,8,0,1,2,1,0,2,,0.8782169044219186,0,0,0,0,GOOD
O004_W0238,4,LOT_04_08,5,P_C,R_BASE,CVD,ETCH_03,CH_C,1950.6,0,1.5935,0.0667,0.148,0.0462,0.91,331.305,316.299,3.1952,888.711,126.104,208.738,0.08932,0.1884,63.06,1.4144,41.7094,1.1606,11.9888,3.3835,757.223,38.0253,0.20826,2,0,8,4,0,0,1,,1.0140947194717347,0,1,0,0,B
O004_W0239,4,LOT_04_04,24,P_B,R_BASE,PHOTO,ETCH_02,CH_C,1780.9,0,1.0216,0.0043,0.0042,0.0198,0.9557,321.085,319.351,3.3246,859.408,120.119,202.577,0.04659,0.4263,62.292,-0.4068,41.6379,1.0707,11.9299,-8.004,772.1902,37.1224,0.1951,1,1,0,3,2,0,2,,1.160954797110286,0,0,0,0,GOOD
O004_W0240,4,LOT_04_06,24,P_C,R_FAST,ETCH,CVD_01,CH_C,1933.6,0,1.219,0.0687,0.022,0.0159,0.9454,320.29,307.914,3.0786,819.715,126.557,204.612,0.06077,0.2408,65.489,0.9097,39.2464,1.5665,1.6486,8.5744,788.0917,36.3795,0.21925,10,2,2,2,0,0,1,,0.7528348841858776,0,0,0,0,GOOD
O004_W0241,4,LOT_04_05,13,P_A,R_FAST,CMP,CMP_01,CH_D,1808.2,1,1.8793,0.1992,0.0534,0.1277,0.8484,320.209,322.869,3.527,864.805,122.224,223.076,0.15132,0.6304,67.353,1.911,44.5178,1.7106,-0.5235,7.4595,802.0562,40.0588,0.21892,10,1,1,7,3,1,5,11.06505469101246,,1,0,1,0,A
O004_W0242,4,LOT_04_02,13,P_A,R_REWORK,CVD,ETCH_02,CH_C,2019.5,1,1.9021,0.0444,0.0211,0.118,0.878,324.526,320.293,3.1079,847.186,131.734,205.446,0.05965,0.3692,66.24,0.3448,41.7676,1.0221,0.6225,-8.3884,844.7443,41.3094,0.36085,3,2,1,3,1,1,0,10.100198771929039,,0,0,1,1,C
O004_W0243,4,LOT_04_07,17,P_A,R_REWORK,CMP,ETCH_01,CH_D,1856.4,0,1.3839,0.0532,0.0153,0.0068,0.9473,325.122,314.935,3.1085,912.324,137.72,193.448,0.06318,0.4009,61.737,1.0478,43.5481,1.1268,-6.6478,9.1088,772.39,39.1795,0.15494,10,1,2,5,0,0,0,,1.2291794183146167,0,0,0,0,GOOD
O004_W0244,4,LOT_04_07,9,P_B,R_FAST,CMP,ETCH_02,CH_A,1984.0,1,1.64,0.1812,0.0169,0.0177,0.8871,326.08,326.273,3.2317,861.184,127.303,203.426,0.05663,0.5014,62.986,-1.5207,43.8275,1.7244,-4.2088,-10.1397,769.667,34.6391,0.23503,3,0,1,9,1,1,6,9.679656953372946,,1,0,0,0,A
O004_W0245,4,LOT_04_03,25,P_C,R_BASE,CMP,ETCH_02,CH_C,1745.8,0,1.479,0.0196,0.0244,0.0298,0.8941,321.005,321.474,3.4999,862.901,125.364,203.0,0.06218,0.4234,54.7,0.1415,41.8539,1.0162,5.9192,-10.4451,793.8833,37.17,0.15816,0,0,0,2,8,1,1,,0.7909889309063183,0,0,0,1,D
O004_W0246,4,LOT_04_01,18,P_C,R_BASE,CVD,CMP_01,CH_D,1835.8,0,1.2412,0.0367,0.0431,0.0191,0.9483,320.93,310.162,2.4954,833.988,130.754,211.667,0.05346,0.4967,63.679,0.2441,41.9973,1.0631,-2.107,-2.8128,743.2576,37.7649,0.17441,6,3,2,3,4,1,1,,1.041387248236895,0,0,0,0,GOOD
O004_W0247,4,LOT_04_01,2,P_B,R_BASE,CVD,ETCH_03,CH_A,1805.1,0,1.242,0.0037,0.1311,0.0335,0.9288,313.632,314.739,3.3881,856.22,119.048,212.034,0.07672,0.5603,66.634,0.0474,40.7611,1.6379,6.639,-1.7947,738.6325,33.6829,0.16618,4,1,4,2,2,1,0,,1.1986521685611446,0,1,0,0,B
O004_W0248,4,LOT_04_07,12,P_A,R_FAST,CVD,CVD_01,CH_A,1909.1,0,1.2376,0.0577,0.0336,0.0279,0.9269,323.968,319.425,3.1745,835.812,115.078,203.305,0.09789,0.4528,70.28,0.6329,40.88,1.1279,-5.3,4.5041,775.478,40.5538,0.15873,1,1,2,0,4,0,0,,0.811029655177463,0,0,0,0,GOOD
O004_W0249,4,LOT_04_06,24,P_A,R_BASE,PHOTO,CMP_01,CH_B,1781.2,0,1.1125,0.022,0.0216,0.0005,0.9686,319.659,315.933,3.066,898.915,131.883,203.589,0.08519,0.3598,62.713,-0.3769,40.6739,1.6156,-0.1418,-0.1049,776.6398,35.0878,0.22068,3,0,1,1,1,1,0,,0.8147385309719838,0,0,0,0,GOOD
O004_W0250,4,LOT_04_05,8,P_C,R_FAST,ETCH,CVD_01,CH_B,2016.1,0,1.5882,0.0141,0.0248,0.0295,0.9164,321.513,315.168,2.8223,852.96,123.993,206.415,0.1175,0.5625,62.071,1.2377,43.6688,1.1371,1.5994,-2.7571,758.3839,44.5983,0.12165,6,0,0,1,6,0,0,,1.0463053000177391,0,0,0,1,D
O004_W0251,4,LOT_04_04,22,P_A,R_BASE,CVD,PHOTO_01,CH_D,1717.0,0,1.1632,0.021,0.0248,0.0238,0.9487,318.574,311.811,2.8729,876.957,126.641,217.029,0.07461,0.3188,60.497,-0.6934,40.9081,0.859,1.9582,0.413,752.6276,37.9444,0.11968,4,0,0,2,4,0,2,,0.7492207572063536,0,0,0,0,GOOD
O004_W0252,4,LOT_04_04,21,P_C,R_BASE,CVD,ETCH_02,CH_D,1783.7,0,1.2001,0.0299,0.0391,0.0139,0.9655,308.694,320.625,3.2557,887.679,121.891,203.419,0.09915,0.4197,64.199,-0.04,38.9314,1.0391,2.4486,-1.9721,811.3035,36.8164,0.21186,5,1,1,3,1,0,2,,0.953042646397541,0,0,0,0,GOOD
O004_W0253,4,LOT_04_01,12,P_A,R_REWORK,ETCH,ETCH_01,CH_B,2237.1,0,1.1045,0.0156,0.0267,0.0372,0.947,322.796,325.489,3.1841,884.549,124.561,200.503,0.07134,0.6056,62.654,1.1669,42.6737,1.27,3.4746,2.0867,766.6904,37.6606,0.15773,3,0,0,5,0,0,1,,0.916257148591977,0,0,0,0,GOOD
O004_W0254,4,LOT_04_01,20,P_B,R_BASE,ETCH,CVD_01,CH_B,2039.3,0,1.4902,0.0312,0.017,0.0261,0.8724,326.034,318.864,2.994,845.434,125.168,216.059,0.08169,0.4966,69.158,0.3417,42.8609,0.4863,-3.3038,1.9087,794.5837,43.2112,0.07789,5,2,4,1,3,2,1,,0.9404051628829335,0,0,0,1,D
O004_W0255,4,LOT_04_03,14,P_C,R_FAST,ETCH,CVD_01,CH_C,2095.7,1,1.9876,0.204,0.0381,0.01,0.8443,317.37,310.828,3.7488,862.22,119.547,197.845,0.10872,0.5506,67.494,0.4782,45.8428,1.5403,0.5109,-1.8382,803.9331,48.717,0.13216,3,0,1,12,5,0,6,9.233649865499343,,1,0,0,1,A
O004_W0256,4,LOT_04_01,24,P_B,R_BASE,ETCH,ETCH_03,CH_B,2048.1,1,1.5278,0.1988,0.0277,0.004,0.8934,320.642,326.176,3.674,875.305,125.837,204.59,0.10743,0.7691,65.204,1.2308,42.777,1.7251,1.5431,-8.1053,792.4646,40.8027,0.15701,7,1,0,4,0,0,6,12.443472543535288,,1,0,0,0,A
O004_W0257,4,LOT_04_03,13,P_B,R_BASE,ETCH,CVD_01,CH_B,1983.2,0,1.5927,0.0476,0.1353,0.135,0.9092,318.005,312.935,3.0933,847.526,115.807,199.873,0.07081,0.4141,57.596,1.4696,38.6446,1.0406,4.0137,-10.6923,776.0428,38.4592,0.28215,12,8,3,0,1,3,0,,1.0390059589239335,0,1,1,0,B
O004_W0258,4,LOT_04_07,14,P_B,R_BASE,CVD,ETCH_02,CH_C,1872.9,0,1.2581,0.0323,0.0189,0.0293,0.9539,324.264,316.229,3.4384,829.022,120.804,210.44,0.08833,0.3431,61.83,1.0474,42.0678,1.0669,-6.8098,2.1734,781.2533,37.7402,0.11608,9,0,0,2,1,0,0,,0.9900969142150186,0,0,0,0,GOOD
O004_W0259,4,LOT_04_04,4,P_C,R_BASE,CVD,CMP_01,CH_C,1818.8,0,1.2796,0.0296,0.0234,0.0318,0.9417,328.621,310.198,2.9592,889.005,127.938,201.46,0.04289,0.3731,68.458,0.4584,46.3601,1.0333,-6.1188,2.7064,760.9722,40.4236,0.09245,1,2,0,1,1,0,1,,0.8632849159559771,0,0,0,0,GOOD
O004_W0260,4,LOT_04_04,4,P_A,R_FAST,CVD,ETCH_02,CH_C,1831.4,0,1.425,0.0,0.1281,0.0392,0.9402,326.129,301.576,3.1424,856.699,116.813,206.541,0.0448,0.6693,62.639,0.449,43.8681,0.9753,12.2704,-0.9211,806.8877,37.663,0.21049,2,0,7,0,0,2,0,,1.0909503950455377,0,1,0,0,B
O004_W0261,4,LOT_04_05,23,P_B,R_BASE,CMP,ETCH_02,CH_C,1881.3,0,1.2469,0.0411,0.0156,0.0,0.9418,327.074,314.826,3.3452,873.902,138.012,208.068,0.09319,0.402,61.315,-1.2938,41.5356,0.5971,0.1563,4.6458,773.085,33.5894,0.22987,3,0,0,2,1,1,1,,0.9666716163669513,0,0,0,0,GOOD
O004_W0262,4,LOT_04_01,16,P_C,R_BASE,CMP,ETCH_02,CH_D,1837.5,0,1.4402,0.0174,0.1228,0.1221,0.9171,323.789,323.575,2.8063,868.199,111.054,207.003,0.10684,0.4165,60.566,1.9343,40.7624,1.6235,-1.6775,-9.2351,779.6038,41.3234,0.28736,4,2,5,3,1,2,2,,0.9722227847707121,0,1,1,0,B
O004_W0263,4,LOT_04_08,5,P_B,R_BASE,ETCH,CVD_01,CH_A,1961.6,0,1.2167,0.0365,0.0091,0.0288,0.9542,321.684,307.279,3.1252,874.962,128.422,204.25,0.05329,0.6131,65.847,-0.2915,40.6673,0.9531,-3.5742,-2.077,813.0043,34.4502,0.16642,6,1,0,2,2,2,2,,0.9619977704114452,0,0,0,0,GOOD
O004_W0264,4,LOT_04_01,13,P_C,R_BASE,CVD,CMP_01,CH_C,1942.0,0,1.2164,0.0617,0.0242,0.0135,0.9392,320.922,320.097,2.6592,843.076,123.669,206.065,0.07391,0.5335,65.32,-0.0416,44.8881,1.6619,-6.6384,4.2948,788.1168,35.6212,0.17527,1,1,2,1,1,1,1,,1.136928659003292,0,0,0,0,GOOD
O004_W0265,4,LOT_04_08,13,P_A,R_BASE,ETCH,CVD_01,CH_B,2030.5,0,1.2279,0.0315,0.0076,0.0207,0.9407,322.213,317.819,3.0033,787.659,122.501,216.571,0.07866,0.3623,66.881,-0.0362,42.5672,1.4353,-0.286,4.2649,797.3614,38.4149,0.1521,5,0,0,1,0,1,0,,1.038086939524533,0,0,0,0,GOOD
O004_W0266,4,LOT_04_08,10,P_B,R_BASE,ETCH,CMP_01,CH_B,1929.7,1,1.597,0.1585,0.0207,0.0303,0.8999,316.684,313.484,3.0439,876.82,120.328,194.47,0.11948,0.7271,64.398,2.3577,42.8267,1.6184,1.0922,5.0714,772.2368,36.2153,0.20489,1,0,1,2,2,0,9,10.933326835777022,,1,0,0,0,A
O004_W0267,4,LOT_04_08,13,P_A,R_FAST,ETCH,PHOTO_01,CH_B,1952.8,0,1.1513,0.0364,0.0204,0.0489,0.9498,322.518,322.314,2.8936,837.901,109.756,209.3,0.05818,0.3448,58.609,-0.7442,38.7224,1.4739,4.6521,3.8295,801.5967,36.0095,0.17525,4,1,0,2,1,1,1,,1.0414494166280643,0,0,0,0,GOOD
O004_W0268,4,LOT_04_07,17,P_A,R_BASE,ETCH,ETCH_01,CH_A,2085.5,0,1.1414,0.0373,0.0392,0.0129,0.9252,318.385,321.487,3.1443,897.743,131.253,195.246,0.06794,0.1575,66.138,0.8571,42.0532,0.9837,-2.3585,-11.612,805.0391,38.7689,0.23848,4,0,1,0,1,1,0,,0.6839561407763498,0,0,0,0,GOOD
O004_W0269,4,LOT_04_07,5,P_C,R_BASE,PHOTO,ETCH_03,CH_A,1848.7,1,1.8404,0.2107,0.0444,0.1045,0.8819,325.509,317.461,3.5751,877.035,136.484,208.11,0.10871,0.54,66.388,0.6707,44.0601,1.7142,-3.0311,-7.3379,754.741,36.5209,0.20715,11,4,0,7,0,1,6,10.784352638782302,,1,0,1,0,A
O004_W0270,4,LOT_04_07,25,P_A,R_REWORK,CMP,CMP_01,CH_B,1960.6,0,1.1072,0.0194,0.0299,0.0214,0.9412,328.949,324.402,3.3126,866.019,133.908,201.202,0.03946,0.2974,57.564,0.5695,39.677,1.369,9.1065,-3.8784,809.6174,34.1478,0.15401,6,1,1,0,0,0,1,,1.132743916418271,0,0,0,0,GOOD
O004_W0271,4,LOT_04_04,10,P_C,R_BASE,ETCH,CVD_01,CH_D,1877.9,0,1.298,0.0181,0.0392,0.1276,0.9152,310.743,314.087,2.9532,858.851,126.598,201.345,0.09519,0.2752,66.984,0.8504,39.3884,1.0922,-0.9872,-10.1827,769.5345,46.8005,0.24997,5,5,2,2,2,1,1,,1.2029713173822922,0,0,1,0,C
O004_W0272,4,LOT_04_01,2,P_A,R_BASE,CMP,CVD_01,CH_D,1801.7,0,1.4503,0.0564,0.0444,0.0342,0.9361,307.708,318.355,3.1583,816.836,117.324,204.777,0.07145,0.2578,62.463,1.6889,43.6671,1.2398,-4.3028,1.1881,790.9234,36.7276,0.14622,6,0,2,1,2,1,0,,0.9887507020839174,0,0,0,0,GOOD
O004_W0273,4,LOT_04_01,17,P_A,R_BASE,ETCH,PHOTO_01,CH_D,1958.7,0,1.1642,0.0286,0.0478,0.0312,0.9315,322.79,321.368,3.115,848.931,135.889,211.416,0.12678,0.2882,60.769,-1.6064,39.1934,1.054,-0.2868,-3.6225,790.6335,36.5052,0.15863,4,0,4,2,2,1,0,,1.1167767251851644,0,0,0,0,GOOD
O004_W0274,4,LOT_04_05,13,P_B,R_BASE,CVD,CVD_01,CH_C,1851.0,1,1.5013,0.1805,0.0226,0.0293,0.8774,319.685,327.283,3.1003,898.641,140.278,214.204,0.07741,0.73,69.368,0.6845,43.8635,1.5729,4.5086,-4.5125,756.9222,40.6718,0.28724,4,1,0,8,0,0,7,9.943734920026696,,1,0,0,0,A
O004_W0275,4,LOT_04_06,14,P_A,R_REWORK,PHOTO,ETCH_02,CH_B,1931.7,1,1.7032,0.1784,0.0036,0.1163,0.9041,317.885,314.639,3.4435,883.635,111.588,194.789,0.07521,0.695,70.346,0.1148,41.8098,2.1112,4.305,8.5087,783.1191,42.8753,0.23614,14,5,0,13,1,1,2,12.37896717171901,,1,0,1,0,A
O004_W0276,4,LOT_04_07,4,P_B,R_BASE,CMP,PHOTO_01,CH_D,1744.0,0,1.3118,0.0215,0.1317,0.0123,0.9311,326.288,314.823,2.9867,837.602,117.723,212.947,0.06652,0.3404,57.372,-1.1326,41.6771,1.2047,-0.0651,-9.8121,771.7138,35.3342,0.16855,5,2,6,2,2,1,1,,1.0610228447829286,0,1,0,0,B
O004_W0277,4,LOT_04_04,17,P_A,R_REWORK,ETCH,ETCH_01,CH_D,1986.5,1,1.6222,0.1984,0.0399,0.022,0.8916,318.232,322.919,3.7289,891.275,131.392,210.977,0.10579,0.5989,62.927,1.0324,44.5837,1.9781,2.0263,-1.817,754.9413,39.1133,0.18281,4,0,1,14,0,0,2,10.381785361112867,,1,0,0,0,A
O004_W0278,4,LOT_04_08,6,P_B,R_BASE,ETCH,CMP_01,CH_A,1924.8,0,1.3124,0.0004,0.1625,0.0447,0.9216,324.882,316.49,2.4449,877.128,119.565,187.932,0.11551,0.4669,56.497,0.6079,41.9348,1.3895,5.1997,-1.9578,780.2452,35.9897,0.28395,3,2,6,2,0,4,1,,0.8885705302927448,0,1,0,0,B
O004_W0279,4,LOT_04_08,14,P_C,R_REWORK,CVD,ETCH_02,CH_A,1838.6,0,1.3149,0.0436,0.0488,0.0105,0.9422,324.64,312.579,2.7063,839.431,121.788,215.885,0.09539,0.6398,62.355,-0.9736,43.7372,1.631,4.3866,-0.1192,826.3008,36.1195,0.22687,8,1,0,3,1,1,0,,1.0251827018499524,0,0,0,0,GOOD
O004_W0280,4,LOT_04_06,9,P_A,R_BASE,ETCH,ETCH_02,CH_A,2153.6,1,1.9332,0.1824,0.1644,0.0226,0.8876,319.845,317.365,3.3067,869.695,132.623,206.155,0.08497,0.5573,68.852,1.3161,42.6889,1.4762,7.8311,-14.2285,781.5468,36.0608,0.176,7,0,7,9,2,2,6,6.245548885368245,,1,1,0,0,A
O004_W0281,4,LOT_04_03,2,P_C,R_FAST,CMP,ETCH_02,CH_D,1971.6,0,1.2569,0.0079,0.0296,0.0158,0.9792,311.416,314.922,3.4387,894.289,131.92,196.384,0.06011,0.3003,56.814,-0.0077,42.2115,1.5175,-1.6689,2.4391,774.9009,37.5124,0.1512,4,0,2,2,2,1,1,,1.1222596152232445,0,0,0,0,GOOD
O004_W0282,4,LOT_04_01,3,P_B,R_BASE,ETCH,ETCH_02,CH_A,2065.7,0,1.1542,0.027,0.058,0.0256,0.9518,310.262,324.839,3.1696,898.696,134.777,219.613,0.04956,0.3069,65.808,1.4968,39.908,0.9017,-7.2729,-5.7147,790.0198,38.6864,0.11265,3,2,2,1,0,2,2,,0.949145270974407,0,0,0,0,GOOD
O004_W0283,4,LOT_04_08,15,P_B,R_FAST,ETCH,PHOTO_01,CH_D,1880.2,0,1.7579,0.0431,0.0466,0.0262,0.866,325.841,314.327,2.9075,856.291,137.067,189.024,0.10804,0.3363,62.406,-0.5312,43.6453,1.1054,-2.7999,-2.3259,814.6632,46.3279,0.13742,2,0,1,1,3,2,1,,1.2180724221941293,0,0,0,1,D
O004_W0284,4,LOT_04_06,4,P_B,R_BASE,CMP,PHOTO_01,CH_C,1913.4,0,1.5161,0.0294,0.0162,0.038,0.8738,327.305,320.485,2.9066,841.578,123.948,209.105,0.07551,0.5664,65.772,-0.0219,42.5643,1.1251,2.5652,-4.4349,803.7673,46.1973,0.22989,2,1,0,1,5,0,1,,0.9785436244004793,0,0,0,1,D
O004_W0285,4,LOT_04_08,19,P_C,R_BASE,ETCH,CMP_01,CH_A,2028.7,1,2.1565,0.2239,0.0373,0.0332,0.8485,314.28,325.548,3.5337,853.278,124.679,217.961,0.12493,0.6422,65.515,1.7193,45.9751,1.8017,8.4075,2.2333,750.1573,43.2596,0.19723,2,2,1,6,8,2,7,9.518212292117184,,1,0,0,1,A
O004_W0286,4,LOT_04_04,2,P_C,R_REWORK,ETCH,CMP_01,CH_A,2235.1,0,1.221,0.0285,0.0512,0.0053,0.9631,321.022,315.832,3.0508,847.6,150.422,199.417,0.05639,0.3506,56.896,-0.3531,40.7278,1.0346,-3.4115,10.7529,761.1044,37.2915,0.17289,8,0,2,5,0,1,0,,1.0666069722840472,0,0,0,0,GOOD
O004_W0287,4,LOT_04_04,5,P_A,R_BASE,ETCH,ETCH_03,CH_A,1984.6,1,1.6326,0.1739,0.0481,0.0452,0.8876,324.465,322.787,3.8042,968.395,124.279,193.743,0.07956,0.8107,65.848,0.8487,43.8557,2.3433,0.1435,3.3914,732.5242,42.6324,0.1849,2,1,0,3,1,0,5,11.286828520037204,,1,0,0,0,A
O004_W0288,4,LOT_04_08,20,P_B,R_BASE,CVD,ETCH_03,CH_D,1933.9,1,1.5578,0.1629,0.0463,0.0196,0.8998,318.776,327.031,3.7866,910.06,115.755,196.295,0.08585,0.4308,64.586,1.0107,41.7691,1.812,2.6976,-3.7402,781.7291,37.3205,0.23284,4,1,0,6,1,0,8,9.532038510101893,,1,0,0,0,A
O004_W0289,4,LOT_04_02,18,P_B,R_FAST,CMP,PHOTO_01,CH_B,1941.7,0,1.318,0.0491,0.0227,0.0347,0.9444,329.21,316.843,3.2837,845.416,119.154,209.408,0.10955,0.3839,61.135,-1.0088,42.5174,0.9872,0.0664,-1.4755,795.8274,32.7389,0.13952,7,2,0,3,5,0,1,,0.935157531828384,0,0,0,0,GOOD
O004_W0290,4,LOT_04_02,21,P_A,R_BASE,PHOTO,PHOTO_01,CH_B,1668.0,0,1.287,0.035,0.0045,0.0318,0.9551,314.857,316.227,3.068,867.959,114.234,194.966,0.08986,0.361,64.698,-0.0185,40.6554,1.1451,-5.027,2.1251,769.0265,35.1986,0.24115,2,0,1,2,2,0,1,,1.0005708402888016,0,0,0,0,GOOD
O004_W0291,4,LOT_04_03,15,P_A,R_FAST,PHOTO,ETCH_02,CH_B,1849.8,0,1.4634,0.03,0.0079,0.0303,0.8916,324.506,321.767,2.9476,809.566,126.909,203.37,0.10086,0.4056,57.336,0.146,43.4969,1.036,-5.3515,4.7581,816.3751,42.9796,0.18945,3,2,0,6,3,2,0,,1.0894316587451451,0,0,0,1,D
O004_W0292,4,LOT_04_03,19,P_A,R_BASE,PHOTO,CVD_01,CH_D,1861.2,0,1.276,0.0374,0.0284,0.0208,0.9434,332.414,311.282,3.0065,879.84,127.912,191.965,0.13335,0.6997,57.045,-0.3663,41.588,1.2514,1.155,-4.6684,760.9748,40.0529,0.16977,3,1,1,2,2,0,0,,1.0334597628062967,0,0,0,0,GOOD
O004_W0293,4,LOT_04_02,14,P_B,R_BASE,PHOTO,ETCH_03,CH_C,1946.0,0,0.9485,0.0,0.0039,0.015,0.9762,322.272,315.651,3.4397,846.034,138.541,207.352,0.11367,0.2604,62.147,1.3478,43.1314,1.3012,-3.7514,-4.0101,777.962,32.5353,0.20021,2,1,0,1,1,0,2,,0.9617836040974235,0,0,0,0,GOOD
O004_W0294,4,LOT_04_06,13,P_B,R_BASE,ETCH,ETCH_01,CH_B,2014.4,0,1.2608,0.0426,0.0,0.1129,0.9478,324.209,315.713,3.1903,847.147,134.758,216.395,0.05484,0.3124,57.169,-0.5899,39.8838,0.9648,-2.7399,-2.7911,756.8205,41.2753,0.21558,8,5,1,1,2,0,1,,0.9889888508493957,0,0,1,0,C
O004_W0295,4,LOT_04_05,1,P_A,R_FAST,ETCH,ETCH_01,CH_D,1925.6,0,1.1659,0.0462,0.0175,0.0303,0.9481,332.859,316.348,2.9012,866.918,121.81,200.259,0.10086,0.395,60.259,1.5443,39.0475,1.1732,-4.9817,9.1815,759.5258,35.2597,0.115,9,2,1,1,4,1,0,,0.9382592935831177,0,0,0,0,GOOD
O004_W0296,4,LOT_04_01,15,P_B,R_BASE,ETCH,ETCH_03,CH_D,2249.7,1,1.5781,0.16,0.0085,0.0,0.9215,331.907,314.829,3.2449,905.763,124.71,194.027,0.04857,0.6617,66.025,1.1036,44.1496,1.4002,-4.0581,0.0743,782.9111,41.1375,0.14181,6,2,3,9,2,0,6,10.045997686767402,,1,0,0,0,A
O004_W0297,4,LOT_04_07,5,P_B,R_FAST,PHOTO,ETCH_01,CH_B,2034.2,1,1.4984,0.1447,0.0236,0.0353,0.9337,317.826,317.04,3.8017,876.954,122.156,197.085,0.08396,0.7347,71.728,0.2545,44.2594,1.8306,-4.408,0.3217,757.8217,35.4777,0.22818,3,1,0,4,2,0,6,7.036887455214907,,1,0,0,0,A
O004_W0298,4,LOT_04_02,18,P_B,R_BASE,CVD,ETCH_02,CH_A,1762.0,0,1.1552,0.0219,0.0739,0.025,0.9339,318.386,314.754,2.9093,857.359,127.92,207.533,0.08714,0.4409,69.99,-0.8171,44.0706,1.65,-1.3323,-14.0143,804.1851,38.727,0.18954,4,1,2,6,1,0,2,,1.0016326950611578,0,0,0,0,GOOD
O004_W0299,4,LOT_04_05,23,P_C,R_BASE,CVD,PHOTO_01,CH_C,1815.5,1,1.7328,0.1766,0.0423,0.042,0.882,318.89,318.185,3.6258,917.079,126.954,209.41,0.09003,0.5495,57.785,1.4879,43.4718,2.4113,-0.2833,-0.8896,759.5266,42.2108,0.23148,5,0,2,5,1,1,4,10.221204119436187,,1,0,0,0,A
O004_W0300,4,LOT_04_02,13,P_B,R_BASE,ETCH,ETCH_02,CH_C,1989.1,0,1.4076,0.0559,0.045,0.026,0.9397,323.077,314.135,2.8447,848.053,114.444,211.802,0.04285,0.5783,58.959,0.9439,43.0552,1.4306,-5.0788,-5.469,763.686,38.0934,0.21809,3,0,0,3,3,0,0,,0.9236309096524686,0,0,0,0,GOOD
O004_W0301,4,LOT_04_05,1,P_C,R_FAST,CVD,ETCH_03,CH_C,1849.4,0,1.6972,0.016,0.1521,0.0144,0.8772,323.022,306.426,3.087,792.493,123.555,202.803,0.08572,0.2669,61.679,0.1729,45.4435,1.4493,0.9662,5.3342,779.1936,39.8445,0.28403,4,1,6,4,3,1,3,,0.9686285440240143,0,1,0,1,B
O004_W0302,4,LOT_04_05,12,P_A,R_BASE,CVD,ETCH_02,CH_A,1673.5,1,1.5524,0.1906,0.0383,0.0366,0.8881,324.602,332.201,3.3841,908.286,134.838,210.569,0.10008,0.7064,66.414,0.1379,43.8345,1.9611,0.5076,12.4495,775.3701,39.3417,0.27437,7,1,3,6,3,0,6,9.553390640239392,,1,0,0,0,A
O004_W0303,4,LOT_04_02,14,P_A,R_REWORK,ETCH,ETCH_01,CH_A,2198.2,0,1.2896,0.0165,0.0247,0.0301,0.9537,329.729,318.722,2.8744,843.289,114.286,218.463,0.05935,0.5839,59.884,1.1415,40.8292,0.9297,-3.6083,6.521,756.2274,39.8038,0.21045,5,1,0,2,2,0,1,,1.0444436383546845,0,0,0,0,GOOD
O004_W0304,4,LOT_04_07,13,P_A,R_BASE,CVD,ETCH_03,CH_B,1747.2,0,1.1233,0.028,0.0352,0.0204,0.9348,315.176,319.22,3.3918,876.759,136.63,226.416,0.0917,0.5596,54.003,0.4403,43.9548,1.6044,-8.7284,-1.2403,785.5229,39.575,0.19045,1,0,1,0,0,0,0,,0.8656913396572394,0,0,0,0,GOOD
O004_W0305,4,LOT_04_03,15,P_C,R_FAST,PHOTO,CVD_01,CH_B,1646.9,0,1.5126,0.0238,0.0269,0.0044,0.902,324.442,317.845,2.9909,860.676,119.085,207.502,0.09471,0.503,63.879,-1.0405,41.3441,1.1458,6.7154,-2.0975,781.5744,42.7352,0.1522,1,0,1,0,2,0,0,,0.9491674952940212,0,0,0,1,D
O004_W0306,4,LOT_04_02,24,P_B,R_FAST,CVD,CVD_01,CH_D,1770.0,0,1.2383,0.0422,0.0344,0.0354,0.9506,326.851,306.776,3.2248,922.341,131.329,215.098,0.07807,0.4261,63.564,-0.4133,40.1655,0.6943,3.8057,-11.7416,770.0183,38.5945,0.19459,5,1,1,3,1,1,1,,0.8290044091339489,0,0,0,0,GOOD
O004_W0307,4,LOT_04_04,23,P_C,R_BASE,CMP,CMP_01,CH_B,1784.2,0,1.2574,0.0542,0.0063,0.0295,0.9366,319.324,319.938,2.9066,834.877,133.689,220.333,0.08212,0.3742,60.785,1.5737,39.4353,1.4973,1.6238,-2.8867,777.7697,36.232,0.27956,5,1,0,2,0,0,0,,0.914893735658101,0,0,0,0,GOOD
O004_W0308,4,LOT_04_03,17,P_A,R_BASE,CVD,ETCH_03,CH_B,1742.0,0,1.2262,0.0412,0.0,0.0388,0.9385,322.261,317.543,3.2074,804.486,128.107,217.509,0.07512,0.4279,56.698,0.2935,45.4414,0.8988,4.7089,4.4821,819.2682,38.9576,0.21244,2,1,1,1,0,1,1,,0.7699683171151186,0,0,0,0,GOOD
O004_W0309,4,LOT_04_05,13,P_B,R_BASE,ETCH,CVD_01,CH_D,1972.4,0,1.1764,0.0369,0.0079,0.0272,0.9483,325.868,321.261,3.2258,882.574,124.084,195.682,0.08081,0.2765,65.467,0.6902,43.3803,1.2346,-6.9386,-6.1995,770.9751,36.0323,0.16606,4,1,1,0,0,0,0,,1.077576850645745,0,0,0,0,GOOD
O004_W0310,4,LOT_04_01,21,P_A,R_BASE,ETCH,CVD_01,CH_B,2014.4,1,1.613,0.1613,0.0224,0.0157,0.9152,324.196,307.354,3.1803,873.784,131.073,202.902,0.10098,0.4626,63.597,1.8934,42.6062,1.8063,1.1919,-6.4325,784.1046,36.8706,0.1699,5,0,0,6,3,0,3,9.65438939615967,,1,0,0,0,A
O004_W0311,4,LOT_04_05,5,P_A,R_FAST,CMP,ETCH_01,CH_A,1957.6,0,1.2184,0.0377,0.033,0.0204,0.9482,327.314,315.488,2.9591,802.367,120.518,230.097,0.10265,0.4724,56.856,-0.246,41.9015,1.3719,0.314,6.8456,768.8324,38.4539,0.14781,7,1,2,3,2,0,1,,1.1015053587343173,0,0,0,0,GOOD
O004_W0312,4,LOT_04_03,17,P_B,R_BASE,CVD,CVD_01,CH_A,1974.0,0,1.1744,0.0306,0.019,0.0318,0.941,320.718,311.232,2.9248,804.486,118.148,217.665,0.10315,0.4547,62.009,0.0089,38.3543,1.0491,4.3612,-7.9612,803.6215,34.7318,0.19742,5,0,0,3,1,2,1,,1.2270417381273926,0,0,0,0,GOOD
O004_W0313,4,LOT_04_07,18,P_A,R_REWORK,ETCH,ETCH_02,CH_A,2330.3,0,1.4194,0.0222,0.0204,0.0,0.8845,323.037,311.077,3.1335,818.986,120.199,221.581,0.10822,0.4166,68.817,-1.2253,42.1504,1.023,-6.6776,-4.924,817.8135,45.5488,0.21083,4,1,0,3,1,0,0,,1.2776120297711033,0,0,0,1,D
O004_W0314,4,LOT_04_08,2,P_C,R_BASE,CVD,PHOTO_01,CH_C,1896.2,0,1.4331,0.0868,0.0536,0.0266,0.9237,320.022,320.337,2.938,836.638,120.841,194.386,0.11388,0.3095,59.032,-0.4438,42.9962,1.2654,12.3021,-2.0124,788.0319,36.3483,0.1889,2,1,1,2,3,1,1,,1.4438790660707645,0,0,0,0,GOOD
O004_W0315,4,LOT_04_06,7,P_A,R_BASE,ETCH,CMP_01,CH_D,2013.3,1,2.0864,0.1979,0.0244,0.0276,0.8539,319.439,321.752,3.0904,913.139,110.71,213.078,0.07083,0.6061,68.481,1.6732,43.1732,1.5587,-4.6945,-0.8541,782.9349,38.9426,0.19363,3,0,1,4,2,0,6,10.261619331581468,,1,0,0,1,A
O004_W0316,4,LOT_04_06,9,P_A,R_BASE,CVD,PHOTO_01,CH_D,1757.6,0,1.3907,0.0266,0.0,0.0072,0.9069,309.467,315.582,3.1525,851.198,116.81,190.737,0.07278,0.411,68.066,1.2424,42.1834,1.101,-4.9767,-1.9982,841.2919,39.7147,0.20872,2,1,1,1,1,3,1,,0.9280145159083804,0,0,0,1,D
O004_W0317,4,LOT_04_01,24,P_A,R_BASE,CVD,CVD_01,CH_C,1783.9,0,1.6227,0.0548,0.0291,0.0341,0.9011,326.222,320.975,2.9433,838.467,108.754,199.624,0.086,0.3217,59.426,1.2589,41.1452,1.0715,3.7642,0.7013,803.46,41.7741,0.12791,6,0,3,3,3,0,0,,0.8817038394723712,0,0,0,1,D
O004_W0318,4,LOT_04_08,3,P_A,R_BASE,PHOTO,CMP_01,CH_C,1694.2,0,1.1068,0.0403,0.0256,0.0381,0.9315,321.026,322.205,2.7236,838.939,123.578,201.705,0.07416,0.2132,57.638,0.0582,40.7931,1.1728,-7.5638,-1.1698,791.3293,34.919,0.21766,3,1,1,2,1,2,0,,0.9875177175816078,0,0,0,0,GOOD
O004_W0319,4,LOT_04_05,6,P_A,R_FAST,PHOTO,ETCH_01,CH_A,1650.6,0,1.1984,0.0506,0.0166,0.0171,0.9264,326.521,318.879,2.6762,872.465,118.877,203.297,0.10769,0.1946,53.304,-0.0037,42.24,1.2707,-1.3134,-3.0818,741.1562,42.188,0.16738,4,2,1,3,3,0,0,,1.0794402431923427,0,0,0,0,GOOD
O005_W0000,5,LOT_05_05,23,P_A,R_FAST,PHOTO,PHOTO_01,CH_D,1787.2,0,1.2822,0.0342,0.0349,0.1141,0.921,312.003,318.095,3.2749,784.037,124.755,215.883,0.1183,0.5037,64.914,1.8578,41.0512,0.9051,-10.7069,6.1629,772.1508,38.8577,0.31154,11,4,2,5,0,0,1,,0.9629125542838392,0,0,1,0,C
O005_W0001,5,LOT_05_04,12,P_A,R_BASE,PHOTO,PHOTO_01,CH_B,1771.5,0,1.4561,0.0312,0.1332,0.03,0.9252,324.835,313.069,3.0662,819.649,118.487,216.519,0.04612,0.4942,58.671,0.4249,40.1223,1.1937,-0.9612,-13.0039,791.1972,35.075,0.09555,3,0,4,2,2,0,0,,1.039453662841213,0,1,0,0,B
O005_W0002,5,LOT_05_05,22,P_C,R_BASE,ETCH,ETCH_02,CH_D,1881.9,0,1.1418,0.0168,0.023,0.0259,0.9499,326.327,320.018,3.1459,842.891,119.387,210.638,0.10248,0.3099,58.522,1.6241,42.244,0.9506,4.1729,10.2416,766.6429,38.4,0.18714,6,0,0,2,1,0,0,,1.044869997408313,0,0,0,0,GOOD
O005_W0003,5,LOT_05_06,21,P_C,R_REWORK,ETCH,CMP_01,CH_D,2039.5,1,1.6382,0.0577,0.0246,0.0344,0.8786,328.706,319.3,3.0566,841.792,124.043,189.881,0.06803,0.3159,65.34,1.7382,41.7506,1.1536,8.0912,4.38,803.2921,45.792,0.17395,1,0,2,2,8,1,0,5.087081167088275,,0,0,0,1,D
O005_W0004,5,LOT_05_02,20,P_B,R_BASE,CVD,ETCH_03,CH_A,1794.0,0,1.3668,0.0362,0.1355,0.0302,0.923,316.012,317.132,2.7039,875.259,110.959,206.004,0.0346,0.4337,68.376,-0.9197,44.2012,1.1638,4.7505,-5.1067,775.4527,37.7012,0.15015,6,2,7,0,2,3,1,,0.9997302640558109,0,1,0,0,B
O005_W0005,5,LOT_05_01,1,P_C,R_BASE,ETCH,CVD_01,CH_A,1892.8,1,1.6,0.1715,0.0153,0.0,0.9213,319.918,320.162,3.4085,896.835,142.753,205.374,0.07563,0.7326,65.819,2.1756,46.8599,1.6005,-11.347,6.4366,789.4,36.055,0.142,1,1,3,4,0,0,4,5.938470269536053,,1,0,0,0,A
O005_W0006,5,LOT_05_07,13,P_A,R_BASE,CVD,ETCH_01,CH_A,1769.9,0,1.5871,0.0414,0.0174,0.0115,0.8924,334.104,316.31,3.2924,816.815,129.345,223.625,0.06112,0.4877,57.082,-0.2392,43.3297,1.3299,-10.0051,-9.1518,820.7263,43.1743,0.20008,3,1,1,2,2,2,0,,0.8157903594832521,0,0,0,1,D
O005_W0007,5,LOT_05_04,7,P_B,R_FAST,ETCH,ETCH_01,CH_C,2079.0,0,1.1966,0.0285,0.0346,0.0214,0.9631,319.082,315.185,2.6199,840.454,126.977,201.053,0.10282,0.3874,64.995,-0.1778,44.5316,1.1119,-6.3451,4.3244,817.6698,36.2289,0.14156,8,2,1,0,0,0,0,,0.927782640528692,0,0,0,0,GOOD
O005_W0008,5,LOT_05_05,20,P_B,R_FAST,ETCH,ETCH_02,CH_C,1967.5,0,1.3698,0.0191,0.0269,0.0492,0.9437,325.257,310.225,2.8592,853.231,130.606,200.146,0.07607,0.3053,63.851,-0.3453,42.3247,1.1626,1.7918,-5.7273,761.2915,38.2651,0.27909,5,1,3,1,1,0,0,,0.9725498679348228,0,0,0,0,GOOD
O005_W0009,5,LOT_05_05,20,P_A,R_BASE,ETCH,CMP_01,CH_D,2137.6,0,1.1599,0.0425,0.0146,0.0306,0.9635,319.301,316.093,2.6116,835.793,131.769,206.076,0.0704,0.2363,65.942,0.3911,44.0169,1.2389,-3.9088,0.3186,789.268,33.4471,0.18878,5,2,0,7,1,0,2,,0.7820214237295985,0,0,0,0,GOOD
O005_W0010,5,LOT_05_07,20,P_A,R_BASE,PHOTO,ETCH_03,CH_A,1948.6,1,1.4166,0.0208,0.0134,0.0144,0.8933,318.407,316.295,3.4319,844.452,130.913,227.02,0.11497,0.5522,61.253,0.7391,39.7532,1.0406,-1.9927,-6.4943,803.031,46.7124,0.21957,6,0,1,0,3,0,0,8.927849650458494,,0,0,0,1,D
O005_W0011,5,LOT_05_01,10,P_C,R_BASE,CVD,ETCH_02,CH_B,1859.7,0,1.6811,0.0545,0.0214,0.0377,0.8964,321.914,320.398,2.9446,890.183,130.222,203.373,0.05486,0.4263,62.147,-1.1019,39.4346,1.0263,5.2538,6.508,826.5452,47.2875,0.16066,7,1,0,1,5,2,1,,1.1407242790880858,0,0,0,1,D
O005_W0012,5,LOT_05_05,18,P_A,R_BASE,PHOTO,ETCH_02,CH_A,2079.8,0,0.9934,0.0257,0.0339,0.008,0.9493,331.698,321.312,2.8441,885.403,130.658,203.121,0.0537,0.3697,56.134,1.7438,41.0103,1.0562,-4.5629,-6.6329,773.0132,38.2553,0.20159,2,1,1,3,3,1,0,,1.180196823910489,0,0,0,0,GOOD
O005_W0013,5,LOT_05_05,5,P_C,R_BASE,CVD,ETCH_03,CH_A,1815.5,0,1.3714,0.0505,0.0085,0.0185,0.9238,322.277,312.497,3.4098,856.799,131.958,212.995,0.01782,0.5069,60.252,1.2212,39.1053,1.0897,1.7852,1.7484,773.2276,35.3165,0.12054,0,0,1,3,2,0,0,,0.9635860653994822,0,0,0,0,GOOD
O005_W0014,5,LOT_05_07,19,P_C,R_BASE,ETCH,ETCH_01,CH_D,2032.5,0,1.259,0.0319,0.0233,0.0403,0.957,319.623,310.741,2.7969,893.984,123.337,229.72,0.06493,0.4112,65.614,-0.0445,39.765,1.0353,-7.0809,-5.2397,776.687,36.8348,0.09029,1,1,0,1,0,0,0,,0.9287696220264958,0,0,0,0,GOOD
O005_W0015,5,LOT_05_02,14,P_B,R_BASE,ETCH,ETCH_02,CH_B,1909.3,0,1.5878,0.0175,0.1504,0.1022,0.8901,322.904,309.782,3.212,913.667,108.963,216.048,0.10294,0.3165,66.079,0.8819,43.9637,1.2107,10.5245,2.0578,769.0912,39.6807,0.21514,4,4,3,2,0,1,1,,1.0545377648614378,0,1,1,0,B
O005_W0016,5,LOT_05_01,3,P_A,R_REWORK,ETCH,PHOTO_01,CH_C,2135.5,0,1.1413,0.0398,0.0235,0.0263,0.961,317.253,317.665,2.7122,879.45,127.586,217.125,0.0758,0.3722,62.439,0.4599,44.5867,1.0293,6.8391,3.9561,800.138,37.6003,0.2132,3,0,1,4,1,2,0,,1.2039883134750629,0,0,0,0,GOOD
O005_W0017,5,LOT_05_06,9,P_B,R_BASE,CMP,CMP_01,CH_A,1799.2,0,1.1411,0.0498,0.0244,0.0084,0.9257,317.679,328.573,3.1969,841.793,118.68,194.813,0.06485,0.3737,56.092,-0.2426,42.1108,1.4439,14.1293,-1.171,796.4343,38.6403,0.18875,3,1,0,1,3,1,0,,0.9558442842629319,0,0,0,0,GOOD
O005_W0018,5,LOT_05_07,22,P_A,R_BASE,CMP,ETCH_02,CH_C,1961.8,1,1.7394,0.1898,0.0643,0.1085,0.8669,324.254,318.543,3.3746,955.047,130.136,205.168,0.09973,0.6775,62.332,2.5103,43.213,1.7434,0.2778,0.71,784.4748,36.2049,0.31359,8,6,0,10,1,0,4,11.691607708085368,,1,0,1,0,A
O005_W0019,5,LOT_05_02,10,P_B,R_REWORK,ETCH,CVD_01,CH_A,2043.6,1,1.5845,0.2057,0.0163,0.0207,0.8803,314.158,318.371,3.4384,877.087,129.341,204.479,0.10833,0.8047,71.258,1.3726,45.0187,1.845,11.178,-2.0366,770.8603,40.637,0.24564,7,0,1,7,2,0,8,10.061403727739485,,1,0,0,0,A
O005_W0020,5,LOT_05_05,8,P_B,R_BASE,ETCH,CMP_01,CH_D,1974.7,0,1.322,0.0186,0.0375,0.1241,0.9218,312.369,303.883,3.2047,838.953,133.676,227.318,0.16522,0.5465,59.344,-0.9539,38.6448,0.8616,-2.1448,7.6403,789.9113,35.5989,0.20255,5,4,0,1,1,0,0,,1.3199257042122379,0,0,1,0,C
O005_W0021,5,LOT_05_05,14,P_A,R_FAST,ETCH,CVD_01,CH_B,1951.8,0,1.4232,0.0775,0.0231,0.0233,0.94,323.254,322.8,2.7291,838.613,111.513,203.675,0.06979,0.4223,59.679,0.1171,43.0188,1.4792,-1.6864,-3.013,786.5321,38.3268,0.1888,2,0,0,4,2,1,2,,0.8389122449170126,0,0,0,0,GOOD
O005_W0022,5,LOT_05_08,8,P_A,R_BASE,CVD,CMP_01,CH_B,1820.0,0,1.7071,0.0688,0.0222,0.1144,0.8523,320.921,313.629,2.7789,777.684,125.519,206.793,0.08197,0.3417,60.419,-2.016,41.6341,1.2055,-0.0896,-1.4038,771.3619,40.1853,0.23156,9,1,0,1,6,1,2,,1.0419410318668627,0,0,1,1,C
O005_W0023,5,LOT_05_03,2,P_A,R_BASE,CMP,CMP_01,CH_B,1937.8,0,1.3765,0.0571,0.0213,0.0205,0.9625,323.846,305.95,2.9919,863.759,103.777,201.026,0.06752,0.5756,50.731,0.6472,41.2451,0.7544,2.6522,4.6959,781.5424,31.571,0.20731,2,2,0,2,0,0,2,,1.0023687319871437,0,0,0,0,GOOD
O005_W0024,5,LOT_05_07,6,P_B,R_BASE,CMP,ETCH_01,CH_D,1754.2,0,1.2598,0.027,0.0488,0.044,0.9368,313.07,322.378,2.7669,878.799,116.075,223.337,0.11806,0.3711,51.645,0.0902,41.9692,1.0728,-5.1155,-0.3589,773.4826,36.4893,0.14258,7,0,1,3,1,2,1,,1.0269463429337524,0,0,0,0,GOOD
O005_W0025,5,LOT_05_05,15,P_A,R_BASE,CVD,ETCH_01,CH_A,1713.5,0,1.2849,0.0334,0.0407,0.0232,0.9463,319.332,312.2,2.8261,793.161,131.598,204.738,0.05996,0.4649,63.028,-0.572,40.4009,0.81,5.9375,-11.4197,785.3453,44.355,0.1421,2,1,1,0,1,1,0,,0.9578446741015139,0,0,0,0,GOOD
O005_W0026,5,LOT_05_04,8,P_A,R_BASE,ETCH,ETCH_01,CH_B,2000.5,0,1.1952,0.0328,0.023,0.034,0.9373,325.956,318.278,3.1851,843.995,122.95,211.06,0.10879,0.4599,59.589,0.3692,43.6018,0.8703,-7.8231,3.4212,788.8582,34.4077,0.14872,7,0,0,3,2,1,0,,1.0481990056698933,0,0,0,0,GOOD
O005_W0027,5,LOT_05_06,11,P_C,R_BASE,PHOTO,PHOTO_01,CH_A,1851.1,0,1.2363,0.0581,0.0285,0.0166,0.9205,320.422,313.331,2.972,838.18,129.195,231.608,0.04665,0.408,60.601,0.9176,40.0308,1.5071,2.3139,4.5811,785.5973,40.1735,0.21187,4,1,1,1,1,0,0,,1.065217377750581,0,0,0,0,GOOD
O005_W0028,5,LOT_05_01,20,P_B,R_BASE,CVD,PHOTO_01,CH_D,1795.4,0,1.5638,0.0261,0.0049,0.0025,0.8855,320.132,315.874,3.0783,856.611,131.982,209.279,0.07756,0.6275,57.48,0.6508,45.2579,1.3765,4.4679,1.3577,780.4924,46.3761,0.09511,2,0,1,2,6,1,0,,0.6721201936820336,0,0,0,1,D
O005_W0029,5,LOT_05_04,15,P_A,R_REWORK,ETCH,CVD_01,CH_A,1996.4,0,1.0122,0.0191,0.0182,0.0197,0.9578,330.406,315.042,2.957,825.347,132.359,205.282,0.07124,0.5637,58.224,0.8482,40.0855,1.5632,-4.1552,5.0014,787.6307,36.7395,0.27393,9,0,0,3,2,1,0,,0.8580078107613722,0,0,0,0,GOOD
O005_W0030,5,LOT_05_05,4,P_B,R_BASE,CMP,ETCH_01,CH_D,1759.7,0,1.3312,0.0804,0.0322,0.0134,0.9456,322.291,321.673,2.8029,842.013,128.588,211.448,0.08012,0.3257,63.285,0.2876,43.2941,1.5481,4.6398,-4.5972,781.7318,36.0067,0.18341,3,2,1,0,0,0,1,,0.7067178466684428,0,0,0,0,GOOD
O005_W0031,5,LOT_05_01,9,P_C,R_BASE,ETCH,ETCH_01,CH_D,2034.8,0,1.2647,0.0568,0.0279,0.0141,0.941,326.302,306.874,3.4571,867.521,131.027,203.694,0.09761,0.5205,65.722,0.1163,39.423,1.3946,5.877,3.0719,788.5964,43.4045,0.30262,6,0,3,2,1,1,0,,1.3146362145868642,0,0,0,0,GOOD
O005_W0032,5,LOT_05_04,24,P_A,R_BASE,CVD,CVD_01,CH_C,1824.5,1,1.8088,0.214,0.0152,0.0219,0.8828,322.404,320.166,3.5373,916.78,127.65,196.906,0.12941,0.7365,68.853,1.3805,45.6927,1.5596,0.5506,5.2126,771.5346,33.465,0.19548,3,1,0,11,0,0,3,11.841440514869698,,1,0,0,0,A
O005_W0033,5,LOT_05_08,10,P_C,R_FAST,ETCH,ETCH_02,CH_B,1901.2,0,1.018,0.0467,0.026,0.0,0.9475,321.109,329.217,3.0128,868.293,138.409,200.999,0.08711,0.4015,63.832,0.1371,43.2928,1.1403,-4.7041,0.0831,799.4035,38.1411,0.08351,2,3,1,2,1,3,0,,1.0417718742191335,0,0,0,0,GOOD
O005_W0034,5,LOT_05_04,21,P_A,R_BASE,CVD,PHOTO_01,CH_B,1721.7,0,1.2621,0.0082,0.0404,0.024,0.949,319.201,329.148,3.0612,821.608,123.66,225.746,0.07106,0.407,69.393,1.8713,42.582,1.1962,-5.2692,3.767,788.9822,40.9266,0.11438,3,0,2,0,1,1,0,,1.0434982141694973,0,0,0,0,GOOD
O005_W0035,5,LOT_05_06,7,P_C,R_BASE,CMP,ETCH_01,CH_B,1936.7,0,1.4184,0.044,0.0278,0.1083,0.9335,317.437,314.089,3.3424,837.772,131.463,205.512,0.06289,0.4841,70.361,0.3929,42.0704,0.9193,1.7124,-4.1963,769.4108,37.2886,0.25116,5,6,1,1,0,0,1,,1.0653477505022724,0,0,1,0,C
O005_W0036,5,LOT_05_06,19,P_A,R_FAST,ETCH,CVD_01,CH_B,2129.9,0,1.2951,0.0067,0.108,0.01,0.9195,313.901,316.662,3.2065,890.89,136.137,204.986,0.07205,0.5047,58.139,0.0045,41.4451,0.6541,2.1331,5.8876,796.2192,35.1687,0.18514,5,1,1,2,0,2,0,,1.0864813995748066,0,1,0,0,B
O005_W0037,5,LOT_05_04,7,P_A,R_BASE,ETCH,ETCH_02,CH_A,1958.1,0,1.181,0.0352,0.01,0.0118,0.9593,328.295,320.132,3.1039,863.95,142.341,216.338,0.06263,0.4209,58.346,0.403,41.5021,0.6008,4.5932,-4.4272,759.8771,36.726,0.17888,4,0,1,2,1,0,2,,1.1063001323896933,0,0,0,0,GOOD
O005_W0038,5,LOT_05_02,17,P_A,R_REWORK,ETCH,PHOTO_01,CH_A,2094.6,0,1.059,0.0193,0.0041,0.0011,0.9581,319.569,309.944,3.0696,899.728,128.778,213.968,0.06322,0.3126,54.104,-0.9041,41.0572,1.3214,-6.7119,-7.403,791.2119,36.4952,0.09438,3,1,0,2,1,1,0,,0.8123927574957851,0,0,0,0,GOOD
O005_W0039,5,LOT_05_08,12,P_A,R_BASE,ETCH,ETCH_02,CH_B,2025.1,0,1.2323,0.0075,0.0057,0.0946,0.9428,319.906,317.363,3.3395,858.748,126.589,218.261,0.10448,0.5072,54.089,0.3505,39.0357,1.6631,-6.0008,-5.6361,800.5601,36.4809,0.23511,7,2,0,1,2,1,0,,0.8330823571520602,0,0,1,0,C
O005_W0040,5,LOT_05_07,22,P_C,R_BASE,PHOTO,ETCH_02,CH_B,1825.6,0,1.0614,0.0021,0.0218,0.0038,0.9601,319.622,323.536,2.998,885.434,136.9,211.306,0.10899,0.3418,57.459,0.0303,40.4851,1.3028,0.7357,7.6204,772.0598,33.591,0.19734,3,2,0,5,0,1,2,,0.9444655284907454,0,0,0,0,GOOD
O005_W0041,5,LOT_05_04,22,P_B,R_BASE,CMP,CVD_01,CH_B,1830.6,0,1.1547,0.0137,0.0079,0.0482,0.9352,323.983,319.77,2.9605,833.496,136.514,191.71,0.02683,0.2975,65.415,0.3154,41.7133,1.1408,0.8611,10.0239,778.3589,35.5766,0.17689,5,1,0,1,3,0,0,,1.0252524281230542,0,0,0,0,GOOD
O005_W0042,5,LOT_05_06,13,P_B,R_BASE,CVD,ETCH_02,CH_C,1959.9,0,1.2518,0.0568,0.0256,0.0009,0.9155,327.571,317.872,3.1444,855.302,128.184,210.639,0.13476,0.3786,62.481,1.6525,41.5351,1.3883,2.5614,2.0218,791.0242,36.0497,0.33202,4,0,1,3,2,1,0,,1.3225076743182305,0,0,0,0,GOOD
O005_W0043,5,LOT_05_03,4,P_B,R_BASE,ETCH,CVD_01,CH_A,1821.0,0,1.3033,0.052,0.1322,0.0117,0.9221,312.273,317.535,2.9737,856.635,120.517,195.276,0.07215,0.2898,65.114,-0.429,41.7714,1.6395,5.0904,-8.57,788.4904,37.6525,0.13187,4,1,6,3,2,1,1,,0.9303996861415325,0,1,0,0,B
O005_W0044,5,LOT_05_06,23,P_A,R_FAST,CVD,ETCH_02,CH_B,1898.2,0,0.9744,0.0657,0.0005,0.0017,0.9347,308.581,314.645,2.6914,826.703,136.515,214.242,0.05013,0.3834,64.642,1.2972,43.3164,1.2425,3.8144,-14.5361,793.9969,33.8334,0.09343,4,2,0,3,3,0,0,,0.8343629390434482,0,0,0,0,GOOD
O005_W0045,5,LOT_05_03,20,P_A,R_BASE,ETCH,ETCH_03,CH_A,2074.1,0,1.3664,0.0402,0.0147,0.014,0.9468,329.415,317.324,3.5363,862.637,120.372,195.696,0.08524,0.3353,52.641,0.4253,39.5763,1.3324,-5.8495,-9.0963,775.3465,42.2867,0.15477,3,1,2,1,3,3,1,,0.9317832147167102,0,0,0,0,GOOD
O005_W0046,5,LOT_05_05,7,P_B,R_BASE,ETCH,CVD_01,CH_A,1946.0,0,1.1894,0.038,0.0075,0.0,0.9638,328.405,316.256,2.8973,869.237,119.456,215.629,0.04765,0.5032,64.57,-1.4348,42.431,1.3124,-2.0918,1.179,779.1967,40.3417,0.20844,5,1,0,3,3,0,0,,0.7622213428756782,0,0,0,0,GOOD
O005_W0047,5,LOT_05_01,7,P_A,R_REWORK,ETCH,ETCH_01,CH_D,2063.5,1,1.4018,0.1529,0.0417,0.0056,0.8957,324.518,312.105,3.2776,930.801,137.538,205.167,0.13236,0.6381,67.734,0.5559,46.666,2.2017,5.4178,0.1941,781.3682,40.8871,0.20203,3,1,0,10,2,0,2,10.476153421593587,,1,0,0,0,A
O005_W0048,5,LOT_05_07,7,P_A,R_BASE,ETCH,CMP_01,CH_C,1883.4,0,1.1916,0.0308,0.0219,0.0,0.9567,325.377,321.085,3.1814,894.059,130.106,232.567,0.08606,0.5215,54.16,1.1057,43.225,1.0141,-3.3548,0.3098,772.8722,40.6968,0.18454,7,0,1,3,0,0,2,,1.1270335169980397,0,0,0,0,GOOD
O005_W0049,5,LOT_05_03,1,P_A,R_REWORK,PHOTO,CMP_01,CH_A,1834.4,0,1.227,0.0479,0.0382,0.0091,0.9158,318.42,330.532,3.0309,818.542,132.706,203.293,0.11691,0.4375,54.113,-1.0469,41.3078,0.83,-0.3964,-7.9201,790.2578,34.9368,0.26449,6,2,0,2,1,0,2,,1.3937452475159304,0,0,0,0,GOOD
O005_W0050,5,LOT_05_06,17,P_B,R_FAST,PHOTO,CMP_01,CH_D,1626.0,0,1.4904,0.0334,0.1247,0.0492,0.9222,322.14,321.508,2.8247,832.604,131.497,201.301,0.0457,0.4212,56.487,-0.3218,42.062,1.4743,10.4323,3.2225,766.0446,37.0392,0.27694,5,2,2,5,1,1,0,,0.8017084205239653,0,1,0,0,B
O005_W0051,5,LOT_05_08,6,P_A,R_FAST,ETCH,ETCH_02,CH_D,1960.6,1,1.5836,0.1706,0.0177,0.0085,0.8993,329.034,320.19,3.6178,938.121,135.493,220.527,0.15097,0.7394,72.593,0.7483,43.8722,1.3643,4.1648,5.104,796.6719,38.3885,0.21144,4,0,0,11,0,0,5,11.454468381857389,,1,0,0,0,A
O005_W0052,5,LOT_05_04,17,P_A,R_BASE,PHOTO,PHOTO_01,CH_B,1686.8,0,1.2094,0.0347,0.0075,0.0427,0.9312,322.708,315.173,2.8386,868.14,117.273,196.493,0.0867,0.4522,63.959,-0.8438,43.074,1.0434,-7.2475,-7.0498,770.0033,39.6053,0.20122,5,0,1,3,0,2,2,,1.0629404776969513,0,0,0,0,GOOD
O005_W0053,5,LOT_05_01,19,P_A,R_BASE,ETCH,PHOTO_01,CH_A,1835.7,1,1.3642,0.0594,0.021,0.0035,0.913,326.501,320.413,2.9011,901.67,133.373,192.906,0.11614,0.2701,67.879,1.0839,43.4007,1.1142,5.7243,-4.6523,792.0462,46.1198,0.19567,3,0,2,0,5,1,0,7.53777130011572,,0,0,0,1,D
O005_W0054,5,LOT_05_08,17,P_C,R_BASE,CMP,CMP_01,CH_B,1655.6,0,1.1262,0.0448,0.0179,0.0102,0.9319,318.353,320.466,2.87,826.945,132.432,195.341,0.0356,0.4137,55.019,-1.4182,40.2266,1.2836,-7.6446,1.1111,797.2875,35.1945,0.16929,2,1,1,1,3,1,1,,1.127461671161089,0,0,0,0,GOOD
O005_W0055,5,LOT_05_08,9,P_C,R_BASE,PHOTO,PHOTO_01,CH_C,1792.1,0,1.6588,0.0186,0.0357,0.118,0.885,317.093,321.097,2.889,827.268,116.908,213.027,0.09097,0.467,61.301,0.7057,41.0564,1.3426,-1.7589,8.194,827.2636,43.8653,0.26317,5,3,1,1,4,0,1,,0.7601782246281237,0,0,1,1,C
O005_W0056,5,LOT_05_07,23,P_A,R_FAST,CMP,CMP_01,CH_B,1850.4,0,1.0982,0.0186,0.0281,0.0276,0.9738,332.585,319.865,2.8224,885.93,118.061,214.706,0.09818,0.5581,54.982,-0.9848,40.4869,1.6154,0.3864,3.019,813.5415,40.5225,0.1013,1,0,2,1,1,1,1,,1.1990180680036258,0,0,0,0,GOOD
O005_W0057,5,LOT_05_06,5,P_A,R_BASE,CVD,ETCH_02,CH_D,1887.6,0,1.7454,0.0075,0.0315,0.1299,0.8731,319.645,318.172,3.1878,860.862,127.949,201.631,0.0837,0.3005,57.174,-1.309,40.5837,0.9657,2.8854,4.2343,800.0547,41.4028,0.27462,6,4,3,2,2,0,0,,1.0407430326035139,0,0,1,1,C
O005_W0058,5,LOT_05_06,11,P_B,R_BASE,CMP,ETCH_01,CH_A,1907.2,0,1.2594,0.0179,0.0157,0.1222,0.9515,318.211,319.282,3.0952,845.983,119.751,205.489,0.05253,0.3903,70.644,-0.7123,42.4027,1.3296,1.889,-2.5252,790.884,39.2373,0.26209,10,3,1,1,0,1,1,,0.9258087334390496,0,0,1,0,C
O005_W0059,5,LOT_05_01,15,P_B,R_BASE,CVD,CMP_01,CH_D,1615.8,0,1.4666,0.0361,0.1422,0.0253,0.9241,323.037,321.532,2.9475,897.81,122.472,203.267,0.07886,0.5836,63.42,-1.6708,39.4521,0.9856,-3.006,-5.163,812.2671,41.8977,0.16254,5,1,5,1,4,1,0,,1.1382242576475605,0,1,0,0,B
O005_W0060,5,LOT_05_04,16,P_A,R_BASE,CMP,ETCH_03,CH_A,1930.7,0,1.5113,0.0639,0.1303,0.0192,0.9315,319.903,306.326,3.3271,825.814,121.51,216.643,0.05891,0.5492,59.63,-1.4146,42.0726,1.1033,8.3084,-4.532,760.5294,33.9613,0.26618,3,1,4,1,1,1,1,,0.8197895137041403,0,1,0,0,B
O005_W0061,5,LOT_05_08,7,P_A,R_BASE,ETCH,CMP_01,CH_B,1880.7,1,1.837,0.2041,0.0249,0.024,0.8851,317.157,316.07,3.1751,860.277,125.222,222.227,0.11503,0.4161,69.013,1.9134,46.0297,1.835,1.6394,5.2557,771.7767,38.5185,0.27828,3,2,1,6,1,0,7,8.14459345467136,,1,0,0,0,A
O005_W0062,5,LOT_05_05,2,P_A,R_BASE,ETCH,ETCH_02,CH_A,2054.5,0,1.1842,0.0207,0.0,0.0452,0.967,323.54,319.626,2.8781,883.615,127.392,220.496,0.08667,0.6398,60.21,1.9505,43.0867,1.8195,0.6359,-7.9097,776.4697,40.0966,0.13542,3,4,0,2,3,1,1,,0.7915343899945204,0,0,0,0,GOOD
O005_W0063,5,LOT_05_02,2,P_A,R_BASE,CMP,ETCH_03,CH_C,1960.8,0,1.0932,0.0336,0.0266,0.0074,0.9353,324.58,314.198,3.1249,858.683,122.606,204.874,0.10137,0.3306,63.253,0.1253,43.4851,1.1495,-1.4231,7.9747,796.0002,32.7165,0.2385,5,3,2,3,1,0,2,,1.1944546172360453,0,0,0,0,GOOD
O005_W0064,5,LOT_05_03,15,P_A,R_BASE,ETCH,CMP_01,CH_A,1897.0,0,1.3054,0.0403,0.0283,0.0314,0.9263,322.61,314.46,2.8321,883.301,123.021,199.228,0.09384,0.5065,63.866,-0.3286,40.6237,1.0515,3.0412,-0.3802,809.879,34.6523,0.10439,2,1,1,4,1,0,2,,1.0386264268400072,0,0,0,0,GOOD
O005_W0065,5,LOT_05_08,19,P_A,R_BASE,ETCH,ETCH_01,CH_D,1913.8,0,1.1732,0.0475,0.0501,0.0026,0.9329,320.63,314.98,2.5074,826.231,142.626,196.165,0.10206,0.291,63.881,-1.5222,43.1876,1.0991,-3.2452,-0.5182,776.4044,38.0433,0.18476,3,0,0,2,0,1,2,,1.1349773054653136,0,0,0,0,GOOD
O005_W0066,5,LOT_05_01,10,P_A,R_FAST,ETCH,ETCH_03,CH_A,2133.9,0,1.2746,0.0315,0.0314,0.0321,0.958,316.82,326.891,2.9028,847.983,123.115,213.926,0.09045,0.4552,61.538,-0.6511,42.4627,1.5011,0.9409,1.1397,796.5301,36.5464,0.19199,6,0,1,3,2,0,0,,0.8011907917405717,0,0,0,0,GOOD
O005_W0067,5,LOT_05_02,10,P_B,R_REWORK,CVD,CVD_01,CH_A,1881.8,0,1.0931,0.0549,0.0015,0.0032,0.9302,326.825,319.558,3.4339,855.201,118.177,190.348,0.05779,0.5583,60.564,1.0725,40.7726,0.7679,-7.6727,-0.2501,764.529,39.418,0.18548,4,0,1,2,2,1,2,,1.0426834034957717,0,0,0,0,GOOD
O005_W0068,5,LOT_05_02,3,P_C,R_FAST,CMP,CVD_01,CH_C,1852.7,0,1.2344,0.0684,0.0022,0.016,0.9405,323.969,312.631,3.0522,795.106,132.573,208.291,0.07882,0.2568,62.683,0.6528,44.5327,1.3398,-2.3797,2.8149,782.9306,40.6835,0.20916,5,0,1,3,1,1,1,,0.7454538801705917,0,0,0,0,GOOD
O005_W0069,5,LOT_05_03,8,P_B,R_FAST,PHOTO,ETCH_03,CH_C,1949.1,1,1.8126,0.1886,0.1219,0.0351,0.8797,321.704,311.366,3.5954,874.545,129.777,203.499,0.11832,0.6242,63.306,3.7355,45.3802,1.5826,7.8402,-3.2747,784.0699,42.4358,0.20221,5,0,2,7,2,1,6,7.737569215642329,,1,1,0,0,A
O005_W0070,5,LOT_05_06,13,P_B,R_BASE,ETCH,CVD_01,CH_D,1873.7,0,1.1633,0.0279,0.0152,0.031,0.9414,314.519,321.855,2.8533,847.659,119.833,197.081,0.09973,0.6032,60.891,0.3602,42.0044,1.4609,2.2771,-3.4886,737.8228,34.1238,0.21215,3,0,0,4,0,0,2,,1.0189236566598678,0,0,0,0,GOOD
O005_W0071,5,LOT_05_07,11,P_B,R_BASE,CMP,ETCH_03,CH_A,1845.9,0,1.1659,0.024,0.0315,0.013,0.9288,329.454,320.06,3.1852,900.914,122.851,194.662,0.04866,0.3635,58.383,-0.4503,39.4731,1.3083,7.4229,3.8528,790.9476,38.1944,0.14084,4,1,1,4,0,1,0,,0.8812598903363977,0,0,0,0,GOOD
O005_W0072,5,LOT_05_08,19,P_A,R_FAST,PHOTO,ETCH_02,CH_B,1773.9,0,1.1295,0.0281,0.0286,0.0215,0.9353,319.239,318.002,3.2081,839.163,122.36,195.641,0.06964,0.4713,70.628,-0.2104,40.0389,0.9739,1.9774,0.5506,779.6966,38.821,0.17738,2,0,1,0,0,0,1,,0.8150933272077437,0,0,0,0,GOOD
O005_W0073,5,LOT_05_06,7,P_A,R_BASE,PHOTO,CVD_01,CH_B,1847.4,0,1.1928,0.0302,0.0125,0.0323,0.9492,328.973,316.727,3.0158,853.197,122.636,210.636,0.09801,0.396,62.252,-0.0157,41.7401,0.866,4.7618,6.9488,745.5951,39.0927,0.14772,1,1,1,2,0,0,1,,0.7685821416857678,0,0,0,0,GOOD
O005_W0074,5,LOT_05_07,10,P_A,R_BASE,PHOTO,ETCH_03,CH_D,1947.0,0,1.2964,0.0676,0.0191,0.0301,0.9535,332.387,314.345,3.3278,870.719,126.011,206.433,0.05662,0.5838,62.438,-0.3216,40.7207,0.6678,0.2898,4.0617,776.4368,37.3722,0.18178,4,2,0,2,1,2,0,,0.9095322682390359,0,0,0,0,GOOD
O005_W0075,5,LOT_05_01,13,P_A,R_FAST,ETCH,CVD_01,CH_D,1974.3,0,1.2891,0.0391,0.0352,0.0256,0.937,321.082,310.291,2.6511,877.03,131.546,198.899,0.07312,0.3958,70.118,0.7492,40.1758,1.5028,4.6969,8.7525,763.35,39.9548,0.12995,2,0,1,2,0,0,0,,1.1966200922831705,0,0,0,0,GOOD
O005_W0076,5,LOT_05_04,23,P_C,R_BASE,CVD,ETCH_03,CH_C,1924.6,0,1.2172,0.0297,0.0446,0.0167,0.9464,323.216,313.557,3.2615,884.794,119.741,214.287,0.07678,0.5822,65.505,0.7486,43.5105,1.2052,1.0356,4.6234,770.8915,38.573,0.14129,3,2,0,3,0,1,0,,0.9158046274957372,0,0,0,0,GOOD
O005_W0077,5,LOT_05_02,11,P_C,R_BASE,PHOTO,CMP_01,CH_B,1882.7,0,1.1452,0.0476,0.0176,0.035,0.9483,316.958,323.757,2.914,875.281,127.826,195.504,0.05918,0.3439,66.358,-0.3007,40.0655,1.5127,-0.0854,-6.2702,788.2944,41.9735,0.20906,5,3,0,1,2,0,0,,1.1454983399681764,0,0,0,0,GOOD
O005_W0078,5,LOT_05_06,21,P_A,R_BASE,CVD,ETCH_02,CH_D,1883.6,0,1.2997,0.0376,0.0227,0.0265,0.9445,327.33,322.433,3.232,870.625,139.81,206.291,0.05434,0.2989,64.003,-0.4292,40.5127,1.2525,2.1304,1.8739,790.5104,43.9553,0.24696,2,0,1,1,0,1,0,,0.8250794248887398,0,0,0,0,GOOD
O005_W0079,5,LOT_05_03,3,P_B,R_BASE,CMP,CMP_01,CH_C,1682.6,0,1.2751,0.0506,0.0272,0.024,0.9429,317.375,317.921,2.9065,829.163,122.122,198.133,0.03715,0.677,60.914,0.2403,41.1937,1.1188,0.4541,6.5828,772.0112,37.464,0.08591,5,0,1,1,1,0,0,,0.9393596700642053,0,0,0,0,GOOD
O005_W0080,5,LOT_05_06,10,P_A,R_BASE,CVD,ETCH_02,CH_A,1879.8,0,1.2645,0.0229,0.0419,0.0279,0.9488,319.805,323.864,3.2291,831.573,117.457,215.621,0.10245,0.459,66.445,0.7173,42.2929,0.7974,-4.4445,-0.3242,795.2195,38.8937,0.20631,1,1,1,0,1,0,1,,0.8893689443334575,0,0,0,0,GOOD
O005_W0081,5,LOT_05_03,15,P_A,R_FAST,PHOTO,ETCH_01,CH_B,1776.5,0,1.2657,0.0242,0.0151,0.0168,0.9488,320.352,319.392,3.3312,816.086,116.577,198.921,0.04411,0.4766,61.423,1.1161,41.1468,1.4432,-2.7541,0.5697,760.614,37.2498,0.13638,6,0,0,3,3,1,2,,1.026838797056119,0,0,0,0,GOOD
O005_W0082,5,LOT_05_01,3,P_A,R_BASE,PHOTO,ETCH_01,CH_D,1830.1,0,1.0535,0.0198,0.0227,0.0043,0.9641,321.03,321.626,2.7087,784.739,132.459,194.465,0.07083,0.4743,62.386,0.8397,42.7878,1.4603,1.5358,7.619,750.5547,32.4483,0.2252,5,0,1,1,3,0,0,,1.1804507564998086,0,0,0,0,GOOD
O005_W0083,5,LOT_05_01,1,P_B,R_BASE,CVD,ETCH_01,CH_B,1768.4,0,1.1713,0.0429,0.0323,0.0217,0.9354,327.592,319.071,3.0432,822.812,122.077,201.873,0.09723,0.2904,65.202,1.1811,41.0912,1.5561,2.4307,2.2215,778.5398,37.4196,0.21014,4,0,2,1,0,2,0,,0.9088469123840375,0,0,0,0,GOOD
O005_W0084,5,LOT_05_04,16,P_A,R_FAST,CVD,ETCH_02,CH_A,1804.2,0,1.4897,0.041,0.0155,0.013,0.8947,329.864,310.874,3.1445,822.838,126.822,205.495,0.03737,0.4984,62.114,0.8107,40.2613,1.0532,5.6706,-0.5377,770.1755,42.2436,0.20634,3,1,2,1,2,0,2,,0.9516144006149527,0,0,0,1,D
O005_W0085,5,LOT_05_01,10,P_A,R_FAST,ETCH,ETCH_02,CH_A,1864.9,0,1.5908,0.0386,0.016,0.0258,0.875,318.028,316.246,3.1348,840.45,112.146,195.343,0.07547,0.423,71.639,0.5425,41.6751,1.2981,-3.2237,-6.669,799.9036,45.1645,0.19895,2,1,2,2,5,0,0,,1.2427643348758706,0,0,0,1,D
O005_W0086,5,LOT_05_03,18,P_A,R_BASE,ETCH,CMP_01,CH_A,2055.0,0,1.2451,0.0395,0.0159,0.1136,0.9193,322.809,326.459,3.1963,824.269,132.587,217.79,0.08997,0.3171,62.685,0.1235,42.9621,1.2584,-1.4581,2.0911,786.698,33.6427,0.21646,5,3,0,4,1,0,0,,1.1068054814694228,0,0,1,0,C
O005_W0087,5,LOT_05_04,1,P_C,R_FAST,CVD,ETCH_02,CH_B,1816.8,0,1.7312,0.0263,0.0305,0.0209,0.912,329.431,312.892,3.1806,849.061,108.436,216.228,0.04168,0.5226,61.82,-0.1627,42.8413,1.2774,0.5722,-2.781,777.5554,41.8048,0.16921,7,1,1,1,6,1,1,,1.0022615494807123,0,0,0,1,D
O005_W0088,5,LOT_05_08,20,P_B,R_FAST,ETCH,ETCH_03,CH_C,2237.8,0,1.2302,0.0315,0.0155,0.0322,0.9508,320.092,321.291,3.2194,897.317,130.969,206.791,0.06742,0.3119,65.539,0.5707,42.0388,1.5715,-7.1768,3.3815,752.1644,35.5587,0.18318,4,0,0,1,1,1,2,,1.3315572233038335,0,0,0,0,GOOD
O005_W0089,5,LOT_05_07,1,P_A,R_REWORK,ETCH,ETCH_02,CH_B,2093.1,0,1.5785,0.0062,0.0365,0.0384,0.8936,321.616,318.466,2.8534,889.551,117.161,205.329,0.08642,0.5464,69.875,0.0676,43.8173,1.7927,-1.8745,-2.4162,790.4533,39.7759,0.14682,5,0,2,2,4,0,0,,1.1072610149307713,0,0,0,1,D
O005_W0090,5,LOT_05_02,4,P_A,R_BASE,ETCH,ETCH_01,CH_B,1891.1,0,1.0897,0.0239,0.0256,0.0189,0.9404,323.968,318.671,3.1742,878.1,131.333,209.405,0.07024,0.3653,60.418,-1.9173,40.1823,1.2575,-0.2361,-7.0489,778.5825,39.4145,0.17766,4,2,0,2,0,1,0,,0.898792421321338,0,0,0,0,GOOD
O005_W0091,5,LOT_05_06,6,P_C,R_BASE,ETCH,ETCH_01,CH_D,1906.8,0,1.6647,0.0589,0.1545,0.0189,0.9083,325.297,324.454,3.2008,887.351,116.585,213.494,0.11997,0.4078,58.979,0.4986,43.8306,1.1909,0.8604,-10.6901,779.9239,39.8976,0.14458,5,0,3,3,1,3,1,,1.1638870911755161,0,1,0,0,B
O005_W0092,5,LOT_05_07,23,P_C,R_BASE,CVD,PHOTO_01,CH_C,1758.4,0,1.5885,0.0173,0.0162,0.1152,0.8884,326.317,314.783,2.7545,867.121,123.08,208.616,0.07784,0.4189,66.311,0.9869,42.0805,1.6456,2.6267,12.9606,801.0091,41.1781,0.12358,8,3,3,2,5,0,1,,1.0198027012465696,0,0,1,1,C
O005_W0093,5,LOT_05_01,21,P_A,R_BASE,ETCH,ETCH_02,CH_C,1833.6,0,1.3349,0.0397,0.0347,0.0134,0.9651,320.478,316.131,2.6684,886.394,140.745,187.866,0.07255,0.4044,64.227,-1.1416,43.8235,1.3414,0.645,-1.4032,792.6057,36.8595,0.19999,6,2,4,0,1,0,0,,0.833360053372697,0,0,0,0,GOOD
O005_W0094,5,LOT_05_03,12,P_B,R_BASE,PHOTO,ETCH_01,CH_D,1893.4,0,1.2085,0.0401,0.0291,0.0275,0.9286,308.071,316.039,2.892,876.189,113.198,208.241,0.09062,0.545,62.692,-1.149,42.9016,1.0808,-2.7969,0.0966,793.9536,40.5417,0.1523,3,0,0,3,1,1,0,,1.205469724794813,0,0,0,0,GOOD
O005_W0095,5,LOT_05_06,16,P_A,R_BASE,PHOTO,ETCH_02,CH_B,1823.3,0,1.3752,0.0393,0.0139,0.1304,0.8975,322.959,318.692,2.96,810.512,122.652,213.029,0.11322,0.2757,65.687,-0.7011,42.6764,1.4805,14.367,-7.8343,775.6625,39.672,0.13653,3,2,0,1,0,0,1,,0.932344821273116,0,0,1,0,C
O005_W0096,5,LOT_05_01,20,P_A,R_BASE,CMP,ETCH_01,CH_C,1847.1,0,1.1993,0.0296,0.0302,0.0275,0.9478,332.462,324.663,3.1209,819.882,136.263,214.419,0.10802,0.5259,62.305,-0.881,41.2234,0.5709,-3.9132,2.7142,756.8873,36.468,0.20887,4,1,0,4,1,0,0,,1.435511806073457,0,0,0,0,GOOD
O005_W0097,5,LOT_05_04,6,P_B,R_BASE,ETCH,ETCH_03,CH_D,2195.4,0,1.1569,0.0367,0.0199,0.0186,0.9517,323.614,306.457,3.1091,875.661,127.149,201.57,0.11716,0.4848,63.098,-0.4752,43.6762,1.0513,2.6636,-4.4157,736.8819,41.5655,0.15545,3,0,0,2,1,0,1,,1.292326505673387,0,0,0,0,GOOD
O005_W0098,5,LOT_05_03,23,P_B,R_BASE,ETCH,ETCH_02,CH_D,1905.6,0,1.2629,0.0,0.1615,0.0207,0.9181,318.639,320.137,2.8178,866.938,118.088,207.316,0.09429,0.6207,58.167,-0.2896,39.3182,1.1856,1.6176,-4.5625,780.177,39.936,0.12941,3,1,4,2,1,1,1,,0.9144633022802153,0,1,0,0,B
O005_W0099,5,LOT_05_08,3,P_C,R_BASE,CMP,ETCH_01,CH_C,1879.4,0,1.3158,0.0702,0.0297,0.0221,0.9321,330.744,314.742,2.8671,821.713,119.83,206.771,0.05714,0.4571,67.655,-0.2551,41.2031,1.3607,-5.066,-11.4261,771.4503,40.8428,0.16907,4,0,0,1,2,0,0,,0.826701707055169,0,0,0,0,GOOD
O005_W0100,5,LOT_05_02,23,P_B,R_BASE,ETCH,ETCH_02,CH_A,1915.9,0,1.1553,0.0197,0.0457,0.0093,0.9742,325.006,325.619,3.2986,875.712,124.521,197.055,0.06577,0.4953,58.648,-1.1288,40.7042,1.1182,-3.1733,3.7523,772.1859,36.419,0.20624,6,1,2,0,2,0,1,,1.0394894521897677,0,0,0,0,GOOD
O005_W0101,5,LOT_05_05,5,P_A,R_REWORK,CMP,ETCH_02,CH_B,1809.7,0,1.2386,0.019,0.0081,0.0223,0.9499,317.419,331.955,3.2594,799.771,118.086,205.17,0.04678,0.1887,61.609,0.8827,40.0683,1.2763,0.3212,7.3749,779.1933,37.5858,0.11485,3,0,0,6,1,1,0,,0.8439991319482106,0,0,0,0,GOOD
O005_W0102,5,LOT_05_07,6,P_A,R_REWORK,PHOTO,ETCH_03,CH_B,2040.1,0,1.6126,0.0211,0.1459,0.0144,0.8428,323.401,317.386,3.0911,871.486,123.829,217.02,0.06992,0.2789,62.258,-0.8021,42.3263,1.0603,10.5923,10.6609,775.3952,41.1074,0.11126,3,0,5,4,7,5,0,,0.6131705990768578,0,1,0,1,B
O005_W0103,5,LOT_05_03,2,P_B,R_BASE,ETCH,ETCH_02,CH_A,1994.1,0,1.5629,0.0372,0.0174,0.0326,0.8952,320.305,325.641,2.9666,833.414,130.397,198.893,0.05455,0.3519,55.494,-0.6483,41.7183,0.9496,2.2022,-7.0634,828.6269,39.2884,0.24295,3,1,4,3,3,1,0,,0.8878405100889394,0,0,0,1,D
O005_W0104,5,LOT_05_01,18,P_B,R_BASE,ETCH,PHOTO_01,CH_C,2013.2,1,1.8293,0.1893,0.1312,0.0065,0.8608,321.172,318.072,3.6111,909.299,135.808,217.818,0.09347,0.6112,64.436,-0.0796,46.6719,1.8173,11.7479,-13.0409,776.1193,35.6313,0.19714,2,0,9,6,0,2,6,12.01892304685359,,1,1,0,0,A
O005_W0105,5,LOT_05_03,15,P_A,R_BASE,ETCH,CVD_01,CH_B,1973.5,0,1.1455,0.0259,0.0433,0.0008,0.9612,325.328,318.462,3.2443,872.334,113.731,210.515,0.10506,0.3364,57.898,0.1204,40.4702,0.9982,-6.1503,-0.7219,768.5447,39.4915,0.13871,4,1,3,5,0,0,1,,0.9884685398166724,0,0,0,0,GOOD
O005_W0106,5,LOT_05_08,18,P_B,R_BASE,CVD,ETCH_03,CH_C,1866.9,0,1.2241,0.0323,0.0279,0.0271,0.9548,315.996,317.153,3.0863,863.235,111.372,203.362,0.1109,0.3808,67.187,2.0583,41.6131,1.3708,5.3534,5.9346,764.5424,36.2558,0.17904,1,0,0,2,1,0,0,,1.2246945155749702,0,0,0,0,GOOD
O005_W0107,5,LOT_05_05,24,P_A,R_FAST,CMP,CMP_01,CH_A,1803.6,0,1.5708,0.0121,0.0248,0.116,0.8733,321.426,323.313,3.3171,848.1,129.362,216.33,0.10076,0.3676,63.022,0.9087,42.0267,1.3331,-2.5404,-5.5147,788.0002,38.0706,0.32696,3,3,2,3,4,0,0,,0.9704554762694814,0,0,1,1,C
O005_W0108,5,LOT_05_06,10,P_B,R_FAST,CVD,CMP_01,CH_C,1927.2,0,1.5809,0.0276,0.0107,0.0459,0.896,321.505,313.778,2.889,856.579,129.5,206.027,0.12036,0.4178,62.839,0.6299,44.2328,0.9537,9.937,-9.8247,785.91,44.5549,0.16182,6,1,3,1,4,0,2,,1.0208860376995321,0,0,0,1,D
O005_W0109,5,LOT_05_02,7,P_A,R_BASE,PHOTO,CVD_01,CH_C,1797.6,0,1.3546,0.0413,0.0397,0.1304,0.8987,325.135,310.969,3.0995,882.433,128.317,227.911,0.10494,0.2968,63.609,-1.1147,42.058,0.8722,-2.586,-4.6892,743.8144,39.559,0.17645,2,3,1,2,2,0,1,,0.8470432203028779,0,0,1,0,C
O005_W0110,5,LOT_05_07,23,P_A,R_BASE,CMP,CMP_01,CH_A,1672.4,0,1.1901,0.0292,0.0288,0.008,0.9446,322.739,314.358,3.2474,851.436,118.189,217.35,0.09527,0.4515,63.463,-0.0742,42.2757,1.4157,-2.9955,-5.6472,777.4575,38.0443,0.1427,1,1,1,3,2,0,1,,1.0502115187925725,0,0,0,0,GOOD
O005_W0111,5,LOT_05_03,5,P_A,R_BASE,ETCH,PHOTO_01,CH_D,1978.7,0,0.9824,0.0081,0.0,0.0236,0.9528,327.993,323.472,2.867,885.771,128.514,204.363,0.03737,0.356,61.743,-0.2117,42.7291,0.9761,6.4009,1.9024,799.7594,38.0865,0.23697,6,1,2,1,2,0,1,,1.1480214076553472,0,0,0,0,GOOD
O005_W0112,5,LOT_05_01,21,P_A,R_REWORK,ETCH,ETCH_01,CH_B,2176.4,0,1.3698,0.0215,0.025,0.0991,0.9287,321.002,327.67,2.9165,880.258,125.217,223.498,0.07023,0.4712,69.243,1.1312,41.2309,1.2385,-0.0515,-3.9632,799.5351,32.4952,0.15418,5,3,5,1,4,1,1,,0.9017131812377701,0,0,1,0,C
O005_W0113,5,LOT_05_08,16,P_A,R_BASE,CVD,ETCH_02,CH_D,1729.4,0,1.0803,0.0,0.0113,0.0235,0.9557,325.716,315.469,2.9219,770.489,140.827,214.539,0.0354,0.2869,64.311,0.4749,43.7515,1.1576,0.4552,-2.0992,790.6593,36.0386,0.11353,5,0,3,5,2,0,0,,1.153523755550567,0,0,0,0,GOOD
O005_W0114,5,LOT_05_04,11,P_C,R_BASE,CVD,CMP_01,CH_C,1906.9,1,1.5708,0.2025,0.0162,0.0005,0.8826,317.605,313.851,3.5538,884.235,128.732,196.597,0.13772,0.6008,69.637,2.5451,41.9591,1.6285,1.4489,-3.9736,781.2936,42.2656,0.11467,3,1,2,9,2,0,2,9.068522216808088,,1,0,0,0,A
O005_W0115,5,LOT_05_05,1,P_B,R_FAST,CVD,PHOTO_01,CH_A,1884.1,0,1.0992,0.038,0.017,0.0177,0.9467,321.158,319.068,3.1616,846.319,120.568,199.126,0.05389,0.3702,70.995,-1.0217,42.2662,0.7872,-2.1882,-4.896,806.1574,37.5462,0.2643,1,0,1,2,2,0,0,,0.9182129667593915,0,0,0,0,GOOD
O005_W0116,5,LOT_05_05,6,P_A,R_BASE,ETCH,PHOTO_01,CH_B,1979.9,0,1.2466,0.021,0.101,0.017,0.9403,324.934,325.6,3.0294,860.821,122.883,216.275,0.05997,0.5118,65.741,-0.0377,41.0629,1.3212,-0.3549,-6.1023,786.0473,36.3125,0.22503,6,0,7,1,2,5,1,,0.9322576036006109,0,1,0,0,B
O005_W0117,5,LOT_05_02,8,P_A,R_FAST,ETCH,ETCH_02,CH_A,1859.2,0,1.5316,0.0357,0.0101,0.0298,0.9227,319.428,318.543,2.6373,843.769,125.666,200.661,0.08128,0.2266,59.168,1.1681,40.8547,1.3736,-8.5861,2.4532,820.3587,41.3797,0.23523,0,2,2,1,3,0,1,,1.1718715719423487,0,0,0,1,D
O005_W0118,5,LOT_05_05,10,P_B,R_BASE,CVD,CMP_01,CH_B,1877.6,0,1.2733,0.0167,0.1339,0.0065,0.9512,319.669,317.81,2.6968,791.532,137.043,203.927,0.02164,0.4307,70.325,1.5863,41.0918,1.3576,7.6453,-1.4643,787.2896,32.1666,0.28395,4,2,6,1,2,2,0,,0.8929422732219332,0,1,0,0,B
O005_W0119,5,LOT_05_08,20,P_A,R_BASE,ETCH,CMP_01,CH_A,1793.1,0,1.508,0.0433,0.1609,0.0,0.9257,324.67,321.357,3.1654,887.669,134.282,207.238,0.05376,0.5348,60.652,-0.3667,38.6666,1.2355,10.2264,1.421,761.1262,39.8893,0.19959,4,2,10,5,2,0,3,,0.9073991159834837,0,1,0,0,B
O005_W0120,5,LOT_05_08,25,P_C,R_BASE,ETCH,CVD_01,CH_B,2165.3,1,1.6626,0.2003,0.0368,0.0,0.8949,323.112,314.232,3.3344,891.021,125.833,209.735,0.10319,0.784,58.017,1.8588,41.7793,2.0128,-3.5513,-3.0146,772.4012,42.9607,0.24219,7,3,1,7,2,1,3,10.464690434435568,,1,0,0,0,A
O005_W0121,5,LOT_05_06,7,P_A,R_FAST,CMP,ETCH_01,CH_C,1715.9,0,1.4221,0.0682,0.0339,0.0996,0.9073,319.653,320.979,2.7184,876.612,128.617,215.124,0.0724,0.4944,62.067,0.2131,39.9228,1.7057,1.6823,2.9456,777.428,39.585,0.30176,7,2,0,1,0,2,1,,1.1276341231725464,0,0,1,0,C
O005_W0122,5,LOT_05_03,3,P_A,R_BASE,ETCH,CMP_01,CH_B,2106.7,0,1.2615,0.0524,0.0209,0.0225,0.9398,315.62,321.978,3.146,850.236,132.475,213.309,0.09205,0.3539,67.056,1.0457,42.9349,1.2698,7.6964,1.6629,763.6568,35.6501,0.09481,8,1,0,2,2,0,1,,0.8824881829560096,0,0,0,0,GOOD
O005_W0123,5,LOT_05_01,18,P_B,R_BASE,ETCH,ETCH_01,CH_B,1956.7,0,1.1713,0.0632,0.0025,0.0051,0.9558,324.038,316.886,3.4831,842.751,124.023,198.523,0.09987,0.4585,62.667,1.6284,41.6197,1.0716,-3.7024,-3.8884,765.6275,32.3983,0.23737,7,1,1,2,1,0,0,,1.0191398792339932,0,0,0,0,GOOD
O005_W0124,5,LOT_05_04,10,P_B,R_BASE,CVD,ETCH_02,CH_C,1788.0,0,1.1271,0.0493,0.0238,0.0306,0.9492,326.701,325.837,2.9769,889.838,134.925,208.985,0.10284,0.2833,51.0,0.6016,40.5056,1.6054,9.1494,-3.7084,762.3319,36.3337,0.22582,4,0,0,3,1,0,2,,1.2443858661557128,0,0,0,0,GOOD
O005_W0125,5,LOT_05_08,2,P_B,R_BASE,ETCH,CVD_01,CH_B,1868.7,0,1.4573,0.0375,0.0336,0.1317,0.9161,324.148,316.157,2.9237,865.975,140.497,198.413,0.13955,0.4463,61.989,1.0908,44.0992,1.136,-3.4524,1.4008,775.0065,39.4201,0.16544,8,5,1,2,0,0,1,,0.8336462531863651,0,0,1,0,C
O005_W0126,5,LOT_05_08,23,P_C,R_BASE,PHOTO,ETCH_03,CH_B,1910.8,0,1.207,0.0379,0.0,0.0264,0.9515,323.503,320.96,3.2831,833.832,119.954,211.79,0.10455,0.3596,65.667,-0.822,41.899,0.9236,2.0068,0.032,749.5194,38.8046,0.16905,2,0,0,0,1,1,1,,0.855593112358854,0,0,0,0,GOOD
O005_W0127,5,LOT_05_01,1,P_C,R_BASE,PHOTO,ETCH_01,CH_D,1787.3,0,1.3082,0.0326,0.042,0.0004,0.9569,319.241,322.885,2.6362,864.319,123.194,200.41,0.07091,0.4588,67.232,0.8658,44.2321,1.7876,3.3485,4.8405,753.509,38.8003,0.20489,2,0,1,2,4,1,2,,0.984285370486053,0,0,0,0,GOOD
O005_W0128,5,LOT_05_04,15,P_B,R_FAST,CMP,PHOTO_01,CH_B,1825.0,0,1.6001,0.0423,0.0304,0.0033,0.9201,318.609,323.365,2.8547,858.215,121.9,220.332,0.0831,0.3452,67.308,0.1757,40.579,1.0843,6.2489,-3.6109,798.7092,44.2183,0.15525,3,1,1,3,2,1,0,,1.0410144935914345,0,0,0,1,D
O005_W0129,5,LOT_05_02,13,P_B,R_BASE,CVD,ETCH_02,CH_C,1834.2,0,1.2415,0.0541,0.0111,0.0216,0.9488,329.008,316.536,2.9666,824.548,125.966,206.287,0.10692,0.4849,60.59,1.6883,42.008,1.2539,0.0351,11.3427,791.3121,35.6924,0.172,2,1,0,0,0,0,0,,1.1207367143350724,0,0,0,0,GOOD
O005_W0130,5,LOT_05_02,25,P_A,R_BASE,CMP,PHOTO_01,CH_B,1741.5,0,1.0695,0.0276,0.0384,0.0124,0.9513,314.065,314.303,3.3864,810.66,115.08,201.237,0.08158,0.3302,58.464,2.6052,41.7319,1.1665,1.4071,10.9423,795.6524,39.1664,0.2323,5,1,3,3,1,0,0,,0.8645994772972461,0,0,0,0,GOOD
O005_W0131,5,LOT_05_02,2,P_A,R_FAST,ETCH,ETCH_02,CH_A,2137.7,0,1.6852,0.044,0.1099,0.1201,0.8979,330.026,328.153,3.0324,866.665,117.948,209.364,0.04819,0.3477,60.759,-0.0869,42.716,0.7409,10.1331,-1.2463,761.9925,38.4614,0.17231,6,4,2,4,3,2,1,,0.7311495740985218,0,1,1,0,B
O005_W0132,5,LOT_05_01,3,P_C,R_FAST,PHOTO,ETCH_01,CH_A,1731.9,0,1.2117,0.0495,0.0313,0.0066,0.9535,315.749,316.096,2.7997,829.765,120.186,196.699,0.04892,0.2723,53.697,0.8834,40.45,1.1124,4.5933,-1.0788,768.2184,40.4216,0.2029,4,1,2,2,2,1,0,,0.9770017136681401,0,0,0,0,GOOD
O005_W0133,5,LOT_05_05,6,P_A,R_BASE,CMP,ETCH_01,CH_C,1730.4,1,1.4307,0.0577,0.0292,0.1226,0.928,322.068,324.983,3.0017,797.66,121.139,218.987,0.06977,0.4667,66.027,0.1482,41.3311,0.9407,-4.2784,-10.6439,773.9399,38.8371,0.36631,4,5,1,0,4,0,0,10.541378439950877,,0,0,1,0,C
O005_W0134,5,LOT_05_01,19,P_B,R_BASE,CMP,CVD_01,CH_A,1647.1,0,1.1609,0.0667,0.011,0.0105,0.9435,315.638,307.478,2.9121,867.357,122.383,204.674,0.05353,0.4556,56.399,0.669,44.7424,0.7449,-6.649,2.9067,799.1616,35.4853,0.13295,7,1,0,0,0,0,0,,1.1409475521548176,0,0,0,0,GOOD
O005_W0135,5,LOT_05_01,20,P_A,R_REWORK,ETCH,CVD_01,CH_D,2022.4,0,0.981,0.0058,0.0173,0.0118,0.9594,318.265,307.176,2.6666,879.534,130.773,204.301,0.10927,0.5836,55.908,1.412,41.4968,1.1313,1.8179,-6.6708,727.5019,38.0516,0.17876,6,1,0,1,1,1,1,,0.9289353022652906,0,0,0,0,GOOD
O005_W0136,5,LOT_05_05,4,P_B,R_FAST,ETCH,ETCH_01,CH_A,1870.8,0,1.1356,0.0059,0.0145,0.0086,0.9511,323.022,315.599,3.3371,892.2,138.18,199.317,0.10782,0.493,60.311,-1.0237,40.9258,1.2274,4.0635,7.4179,782.5853,35.6192,0.17797,4,0,1,4,2,1,0,,1.150432556492818,0,0,0,0,GOOD
O005_W0137,5,LOT_05_08,6,P_C,R_REWORK,ETCH,PHOTO_01,CH_A,2154.4,1,1.8033,0.1811,0.0677,0.042,0.8706,319.054,316.351,3.637,860.733,130.529,205.361,0.11594,0.5879,72.503,0.8359,43.4655,1.5951,-0.8725,-3.7746,773.8919,39.7846,0.20686,6,1,3,9,1,0,2,7.3121572708445015,,1,0,0,0,A
O005_W0138,5,LOT_05_08,22,P_C,R_BASE,CVD,CVD_01,CH_D,1704.5,0,1.1515,0.0281,0.019,0.0295,0.947,310.628,322.473,2.962,879.846,120.98,210.812,0.05509,0.3771,61.733,0.968,43.0348,1.3318,3.5131,2.9317,791.9795,38.432,0.09751,3,2,2,2,1,0,0,,1.0407336152836508,0,0,0,0,GOOD
O005_W0139,5,LOT_05_01,23,P_B,R_BASE,CVD,ETCH_01,CH_B,1896.0,0,1.1231,0.0281,0.0409,0.0293,0.9247,317.213,315.493,3.3983,814.254,108.897,215.632,0.09068,0.4343,62.965,1.9867,40.7134,1.5265,3.4787,-5.3584,772.6226,41.8485,0.1571,7,1,2,4,0,1,1,,0.9206917215078664,0,0,0,0,GOOD
O005_W0140,5,LOT_05_03,11,P_B,R_FAST,ETCH,CVD_01,CH_C,1918.4,1,1.849,0.1587,0.1282,0.0106,0.8811,311.746,320.565,3.2641,917.813,122.766,205.578,0.13097,0.6314,68.088,0.9659,42.9889,1.5652,6.3765,-0.8485,779.4985,38.2603,0.19141,8,0,0,7,0,4,6,7.840420104478905,,1,1,0,0,A
O005_W0141,5,LOT_05_01,17,P_A,R_BASE,CVD,ETCH_02,CH_A,1930.5,0,1.0059,0.0007,0.0236,0.0094,0.9594,321.092,324.111,3.0456,876.15,117.031,207.405,0.12173,0.5226,64.283,0.1404,41.2134,0.9591,-1.8308,0.6737,791.0309,44.5737,0.24072,8,2,2,1,1,1,0,,0.8373454779294183,0,0,0,0,GOOD
O005_W0142,5,LOT_05_02,21,P_A,R_REWORK,ETCH,CVD_01,CH_D,2124.0,1,1.7455,0.0493,0.1318,0.1405,0.8907,329.561,315.614,3.4101,877.434,115.868,220.991,0.10383,0.3372,62.27,-1.953,45.4636,1.4139,-0.3252,-4.8457,766.3937,37.0289,0.32164,8,2,5,1,2,1,2,7.747529676449139,,0,1,1,0,B
O005_W0143,5,LOT_05_06,1,P_B,R_BASE,CMP,CVD_01,CH_D,1815.1,0,1.3235,0.0761,0.0321,0.047,0.9234,326.336,318.699,3.1749,834.102,134.487,209.677,0.01965,0.3491,61.996,-0.0524,39.4036,1.2325,1.1969,-0.2831,797.6599,41.3973,0.23739,4,1,0,2,0,1,1,,0.9306634774397897,0,0,0,0,GOOD
O005_W0144,5,LOT_05_08,5,P_B,R_BASE,CVD,ETCH_02,CH_B,1831.2,0,1.7567,0.0723,0.0474,0.0024,0.8568,322.223,323.666,2.7685,883.616,135.879,197.609,0.08042,0.3175,67.678,0.1996,43.0002,0.9003,5.6646,-0.3817,813.0838,43.697,0.09357,5,0,0,3,5,1,4,,1.0385665048315935,0,0,0,1,D
O005_W0145,5,LOT_05_07,9,P_A,R_FAST,CMP,CMP_01,CH_A,1753.7,1,1.3864,0.0271,0.0189,0.1071,0.9101,321.062,329.84,3.2293,862.443,115.528,204.851,0.04671,0.3765,59.108,0.2905,43.7328,1.1396,4.2945,5.1065,783.8478,33.7974,0.31437,6,1,1,3,0,0,0,11.48723838371749,,0,0,1,0,C
O005_W0146,5,LOT_05_01,2,P_A,R_BASE,CVD,ETCH_02,CH_C,1775.0,1,1.6687,0.1659,0.0,0.095,0.8954,324.337,323.176,3.059,884.472,112.752,211.437,0.06423,0.6023,69.315,1.7534,45.9003,1.5315,4.1185,17.2507,807.0071,36.1844,0.20512,5,3,1,3,2,1,4,8.438424386989793,,1,0,1,0,A
O005_W0147,5,LOT_05_01,25,P_B,R_BASE,ETCH,CMP_01,CH_A,2044.9,0,1.518,0.0418,0.0248,0.1191,0.9086,320.614,312.83,2.8789,854.213,131.142,208.858,0.06135,0.2958,59.268,1.1488,43.2134,1.1334,-0.7623,2.026,776.6835,34.2556,0.17151,3,0,0,3,0,0,2,,0.7090843109047522,0,0,1,0,C
O005_W0148,5,LOT_05_05,3,P_B,R_BASE,PHOTO,CVD_01,CH_B,1769.4,0,1.1283,0.0172,0.0072,0.0237,0.9485,327.072,321.553,2.6004,852.391,124.155,199.264,0.11699,0.4619,65.931,-0.5786,40.1056,1.5308,5.6946,4.5335,798.0883,38.4943,0.13551,3,4,1,7,4,2,0,,1.1443474581565194,0,0,0,0,GOOD
O005_W0149,5,LOT_05_08,12,P_B,R_BASE,CVD,ETCH_02,CH_A,1890.9,0,0.9753,0.004,0.023,0.0303,0.9603,321.303,324.512,2.724,851.522,126.698,204.157,0.1179,0.6963,66.735,0.6282,44.5353,0.7293,-3.3657,-6.647,757.6851,36.4111,0.0788,4,0,2,0,4,2,0,,1.144605987896939,0,0,0,0,GOOD
O005_W0150,5,LOT_05_03,5,P_B,R_BASE,CVD,ETCH_03,CH_D,1877.4,0,1.3508,0.0305,0.0265,0.1139,0.9244,312.814,314.704,3.1266,854.019,119.403,202.637,0.06267,0.4175,57.933,-0.9354,43.1749,1.1736,-2.4259,-4.1138,754.2923,38.402,0.25942,5,2,1,1,1,0,0,,0.9561511981732209,0,0,1,0,C
O005_W0151,5,LOT_05_08,3,P_C,R_BASE,CMP,PHOTO_01,CH_B,1724.1,0,1.5263,0.0354,0.1252,0.1036,0.9057,332.495,313.903,2.6326,863.355,124.123,198.705,0.10116,0.3962,68.557,-0.6261,40.7294,1.0228,-4.6205,-8.8403,782.6919,40.2215,0.18905,10,1,1,0,1,1,3,,0.910506944689022,0,1,1,0,B
O005_W0152,5,LOT_05_04,10,P_A,R_BASE,ETCH,CVD_01,CH_A,2062.0,0,1.3123,0.0281,0.0278,0.1327,0.9127,318.732,322.165,3.2982,842.031,116.995,208.929,0.15055,0.2899,66.682,0.8429,40.6858,1.4766,-3.6669,-0.8893,782.5606,34.0218,0.18203,5,4,3,1,0,0,1,,1.139078867837188,0,0,1,0,C
O005_W0153,5,LOT_05_01,6,P_A,R_BASE,CMP,ETCH_01,CH_B,1904.0,1,1.6925,0.171,0.0573,0.0044,0.8815,332.112,312.853,3.3469,881.052,129.038,215.656,0.10216,0.6471,66.385,1.4529,43.8549,1.6075,4.6307,-6.3967,736.7207,41.0429,0.18686,4,1,1,7,0,1,4,9.084620037297672,,1,0,0,0,A
O005_W0154,5,LOT_05_03,15,P_B,R_BASE,ETCH,ETCH_03,CH_D,2154.3,0,1.166,0.0102,0.0356,0.0427,0.9494,314.744,318.105,3.2266,865.075,140.037,212.251,0.07146,0.6801,62.183,-0.2835,43.1744,1.0855,4.785,-3.1805,744.8986,39.0856,0.19185,4,1,0,1,1,0,1,,1.0245643607174213,0,0,0,0,GOOD
O005_W0155,5,LOT_05_08,25,P_C,R_BASE,CMP,ETCH_02,CH_D,1775.0,0,1.1418,0.0151,0.0158,0.0176,0.935,320.402,316.425,2.7143,872.623,132.163,206.132,0.04535,0.3433,62.622,0.6448,41.1651,1.2055,-4.6737,-3.819,775.9529,38.2361,0.22344,1,0,0,1,2,1,0,,0.8160635635430686,0,0,0,0,GOOD
O005_W0156,5,LOT_05_04,8,P_A,R_FAST,CVD,PHOTO_01,CH_B,1839.2,0,1.0138,0.0163,0.0047,0.023,0.9473,315.548,315.492,2.9665,865.571,136.298,205.217,0.09873,0.5282,60.049,-0.6905,42.7953,1.3889,2.4786,5.8511,779.6971,35.8848,0.1351,2,2,2,0,1,0,1,,0.8524217684122998,0,0,0,0,GOOD
O005_W0157,5,LOT_05_03,13,P_A,R_BASE,PHOTO,ETCH_02,CH_D,1929.1,0,1.1328,0.0535,0.0247,0.005,0.9717,326.605,315.222,3.2198,800.622,119.205,200.787,0.10836,0.5257,61.257,0.9427,40.6256,1.6001,0.6583,-4.0672,780.2158,41.0634,0.13782,2,1,0,3,0,1,0,,0.9441602498516265,0,0,0,0,GOOD
O005_W0158,5,LOT_05_04,11,P_A,R_BASE,CMP,ETCH_02,CH_A,1781.7,0,1.578,0.0555,0.1612,0.1078,0.8907,316.905,313.502,2.627,824.99,107.65,197.427,0.09805,0.3737,61.672,0.6051,43.645,1.7636,1.9305,6.5969,767.0992,40.6301,0.14534,10,2,3,2,0,3,0,,1.1535624981779304,0,1,1,0,B
O005_W0159,5,LOT_05_06,9,P_A,R_BASE,ETCH,ETCH_02,CH_B,1958.2,0,1.4574,0.0619,0.049,0.0941,0.9272,321.87,324.045,3.0757,844.084,130.292,206.795,0.0774,0.4597,66.735,-0.2258,43.2054,1.4871,-7.7177,-2.3979,804.1832,37.3241,0.2393,3,5,1,0,2,0,0,,1.1317227858889363,0,0,1,0,C
O005_W0160,5,LOT_05_06,7,P_B,R_BASE,ETCH,CMP_01,CH_B,2051.7,0,1.1596,0.0343,0.042,0.0193,0.9444,309.357,310.27,3.0012,833.307,141.025,211.486,0.05045,0.4701,64.34,0.6945,41.0736,1.3389,2.7388,-1.5485,781.5471,40.6808,0.14111,6,0,0,1,1,1,0,,1.058885434082104,0,0,0,0,GOOD
O005_W0161,5,LOT_05_03,25,P_A,R_BASE,ETCH,PHOTO_01,CH_A,1897.4,0,1.1937,0.05,0.0215,0.0117,0.959,320.051,320.485,3.033,847.076,124.023,205.942,0.10039,0.3913,59.51,0.3834,41.4205,1.2126,-3.9049,2.5147,791.3204,40.3222,0.2609,7,1,0,1,0,0,0,,0.7173375475967796,0,0,0,0,GOOD
O005_W0162,5,LOT_05_01,10,P_B,R_BASE,PHOTO,PHOTO_01,CH_B,1727.1,0,1.1982,0.03,0.0158,0.0295,0.9405,318.317,320.091,2.8844,842.798,136.364,210.813,0.09162,0.5508,67.003,-0.1012,40.3649,0.9606,-1.708,-1.7252,770.4013,37.4466,0.14279,7,0,1,2,2,0,1,,1.2849119135177558,0,0,0,0,GOOD
O005_W0163,5,LOT_05_05,3,P_C,R_BASE,PHOTO,PHOTO_01,CH_C,1816.4,0,1.212,0.0504,0.0036,0.0072,0.9514,331.958,326.547,3.2679,817.801,122.924,212.437,0.10504,0.3502,51.522,1.0806,42.045,1.8118,1.6363,-4.5425,765.4823,36.9792,0.09874,5,0,2,3,2,1,1,,1.150115941978461,0,0,0,0,GOOD
O005_W0164,5,LOT_05_01,14,P_A,R_BASE,ETCH,CMP_01,CH_A,2008.3,1,1.7597,0.1648,0.008,0.1307,0.8881,322.507,315.315,3.0535,940.711,118.423,214.442,0.1036,0.4585,65.628,2.5057,46.6125,1.7612,-4.214,-6.2624,813.5508,38.6724,0.15505,3,5,3,6,3,0,2,9.695944002033505,,1,0,1,0,A
O005_W0165,5,LOT_05_06,17,P_B,R_FAST,ETCH,ETCH_01,CH_C,2017.4,0,1.7059,0.0526,0.0292,0.0296,0.9015,326.28,311.252,2.9395,907.124,114.212,197.997,0.09142,0.373,60.668,0.1444,39.1051,1.1138,5.2047,-2.0205,799.5966,41.3484,0.20954,5,1,0,1,4,0,1,,1.238273483210048,0,0,0,1,D
O005_W0166,5,LOT_05_03,13,P_A,R_BASE,CMP,ETCH_01,CH_D,1967.9,0,1.2229,0.0048,0.0515,0.0265,0.9567,320.533,313.376,3.1298,856.409,122.097,210.12,0.07759,0.6748,64.314,1.0539,40.1049,0.7419,1.8993,5.178,783.0684,32.2248,0.19323,5,0,2,3,0,0,1,,1.1202995679169758,0,0,0,0,GOOD
O005_W0167,5,LOT_05_03,3,P_B,R_BASE,ETCH,CMP_01,CH_A,2060.3,0,1.3058,0.021,0.0448,0.0175,0.9032,316.85,317.504,3.0087,863.959,124.033,196.294,0.11611,0.2982,61.887,-0.7849,43.1511,0.9249,-5.8894,-7.7101,809.7134,37.5611,0.12045,6,1,1,1,3,1,0,,0.9814793476627063,0,0,0,0,GOOD
O005_W0168,5,LOT_05_08,5,P_B,R_REWORK,CMP,ETCH_01,CH_D,1768.0,0,1.3151,0.0674,0.0139,0.0149,0.9334,319.706,318.197,2.9522,874.358,139.588,221.147,0.07544,0.3044,69.265,0.2059,43.2145,0.8969,-4.9229,-0.0214,800.661,37.1301,0.15528,8,0,1,3,0,2,0,,1.151854396117284,0,0,0,0,GOOD
O005_W0169,5,LOT_05_07,10,P_C,R_BASE,ETCH,ETCH_01,CH_D,1946.9,0,1.2422,0.0355,0.0251,0.045,0.9515,326.687,321.44,2.97,906.766,125.853,210.711,0.04575,0.5252,65.41,2.3308,44.9157,1.4746,7.7789,-5.7075,772.2705,40.124,0.11827,3,1,0,1,1,0,4,,1.0408186432869642,0,0,0,0,GOOD
O005_W0170,5,LOT_05_08,20,P_A,R_FAST,ETCH,CMP_01,CH_A,1814.5,0,1.4755,0.0359,0.0186,0.0371,0.9189,322.681,320.962,2.9953,857.454,127.637,210.88,0.074,0.4783,63.534,0.9937,46.2134,0.8683,9.4586,-2.6368,799.4577,44.6823,0.24383,6,1,0,4,4,0,0,,1.0124640569981047,0,0,0,1,D
O005_W0171,5,LOT_05_01,9,P_A,R_BASE,CVD,CMP_01,CH_D,1820.2,0,1.1764,0.0271,0.028,0.0044,0.9259,322.899,317.463,2.9415,793.551,131.968,215.133,0.05921,0.348,61.145,-0.4793,40.5599,1.6807,1.2308,0.4326,796.1262,37.6181,0.16344,9,1,0,2,2,0,0,,1.0201620161962581,0,0,0,0,GOOD
O005_W0172,5,LOT_05_07,10,P_A,R_BASE,PHOTO,CMP_01,CH_B,1907.6,0,1.2003,0.034,0.0162,0.0291,0.9378,324.353,315.444,2.7111,801.396,121.711,212.575,0.10333,0.5752,62.685,1.7256,37.6396,1.1694,0.1181,-0.6542,791.3371,40.7899,0.19497,3,0,0,3,0,0,1,,1.1465611243276985,0,0,0,0,GOOD
O005_W0173,5,LOT_05_04,22,P_B,R_FAST,PHOTO,ETCH_02,CH_A,1631.9,0,1.1418,0.0279,0.0468,0.0208,0.953,328.309,322.461,3.427,811.448,131.674,201.68,0.08231,0.3034,65.177,-0.731,40.7521,0.9889,4.5717,-3.615,795.4894,39.8418,0.17717,3,0,1,1,3,0,2,,1.2557074575572253,0,0,0,0,GOOD
O005_W0174,5,LOT_05_08,17,P_B,R_REWORK,CVD,PHOTO_01,CH_A,1856.0,0,1.5379,0.0066,0.0424,0.0,0.907,328.26,312.823,3.0833,836.965,126.635,209.462,0.05873,0.4542,70.888,0.3332,42.5033,1.5417,-2.2427,6.0577,798.4202,46.5159,0.18436,4,2,0,4,2,1,0,,0.999508273926565,0,0,0,1,D
O005_W0175,5,LOT_05_03,24,P_B,R_FAST,ETCH,ETCH_03,CH_D,2175.7,0,1.6606,0.0609,0.0158,0.0276,0.8894,313.989,316.947,3.079,880.599,126.045,211.647,0.08479,0.5205,57.251,0.3523,44.9318,1.0918,0.8373,-0.4382,822.9,46.7797,0.143,4,0,1,1,4,0,0,,0.9515659044905372,0,0,0,1,D
O005_W0176,5,LOT_05_06,15,P_B,R_BASE,CVD,PHOTO_01,CH_D,1889.4,0,1.1798,0.0289,0.0097,0.0266,0.9523,322.113,321.485,3.0024,873.659,117.331,198.85,0.09526,0.5494,60.745,0.306,42.6358,1.7858,-3.5174,8.1512,789.1246,37.2061,0.20092,8,1,2,3,2,0,1,,1.0464346305919363,0,0,0,0,GOOD
O005_W0177,5,LOT_05_03,24,P_B,R_BASE,ETCH,CVD_01,CH_C,2037.5,0,1.1146,0.0322,0.0302,0.0296,0.9414,322.195,314.321,2.8759,846.533,125.783,203.408,0.0599,0.4507,61.886,-0.6123,42.2792,1.2988,-0.7242,8.7012,775.042,34.2876,0.19788,2,0,1,4,2,0,0,,0.9748671108338319,0,0,0,0,GOOD
O005_W0178,5,LOT_05_05,11,P_A,R_REWORK,ETCH,ETCH_02,CH_A,2095.9,0,1.5324,0.0426,0.0,0.0072,0.9106,313.31,315.601,3.0426,904.495,127.198,224.366,0.07001,0.4105,61.344,-0.4947,43.5401,1.1931,-2.816,-4.3402,775.5668,41.0007,0.16434,1,0,1,1,4,0,0,,0.8755777375280769,0,0,0,1,D
O005_W0179,5,LOT_05_07,9,P_B,R_BASE,ETCH,ETCH_01,CH_D,2080.6,0,1.2791,0.0323,0.015,0.0332,0.9214,311.834,319.564,2.6891,893.203,127.588,196.91,0.04506,0.4104,56.39,0.0254,40.71,0.9418,1.3452,-9.6642,773.2907,36.6395,0.31475,6,0,0,1,3,0,2,,0.8608900829306179,0,0,0,0,GOOD
O005_W0180,5,LOT_05_03,19,P_A,R_BASE,ETCH,ETCH_01,CH_A,1993.8,0,1.4597,0.0433,0.0441,0.038,0.9393,325.541,312.573,2.9794,860.38,127.882,206.484,0.06127,0.2805,59.381,-1.4099,39.3198,0.9633,1.9435,-4.9676,780.5171,33.9715,0.24955,7,0,0,1,2,0,0,,0.9369439757720978,0,0,0,0,GOOD
O005_W0181,5,LOT_05_05,18,P_A,R_FAST,CVD,CMP_01,CH_C,1950.5,0,1.3054,0.0628,0.0178,0.0423,0.937,325.062,320.597,2.9726,851.54,145.525,213.028,0.10146,0.3996,64.077,0.7289,43.3569,1.0829,2.3746,-0.6756,754.767,37.6994,0.18985,4,1,1,0,1,1,1,,0.9430169368505048,0,0,0,0,GOOD
O005_W0182,5,LOT_05_02,24,P_A,R_BASE,CVD,ETCH_03,CH_C,1759.6,0,1.1709,0.0213,0.0164,0.0195,0.924,322.788,319.204,3.118,860.531,115.072,222.764,0.06887,0.1758,58.411,0.6727,43.4469,1.3298,-7.5511,4.1947,772.9082,37.0766,0.14865,4,0,1,1,0,1,1,,1.1587031242273385,0,0,0,0,GOOD
O005_W0183,5,LOT_05_04,24,P_C,R_BASE,ETCH,ETCH_01,CH_D,1965.4,0,1.0676,0.014,0.0205,0.0125,0.9431,323.131,313.06,3.1003,883.638,115.407,202.13,0.08402,0.63,67.13,0.2523,41.3325,1.2102,-9.6217,0.6718,763.2475,37.7864,0.1581,2,0,0,2,1,1,0,,0.6925078697576663,0,0,0,0,GOOD
O005_W0184,5,LOT_05_05,25,P_A,R_BASE,CVD,CMP_01,CH_B,1659.2,0,1.1932,0.0215,0.0544,0.0132,0.9643,323.037,323.309,3.043,825.725,131.521,203.197,0.05766,0.3728,63.39,0.2728,42.6523,1.0196,-0.5178,9.6015,827.6595,42.753,0.26112,3,1,0,4,0,1,0,,0.8294599478020797,0,0,0,0,GOOD
O005_W0185,5,LOT_05_03,10,P_A,R_BASE,ETCH,CMP_01,CH_A,1930.3,0,1.2978,0.0285,0.0177,0.0817,0.9441,315.182,313.916,2.8967,878.917,126.822,212.871,0.0908,0.5454,63.147,0.268,40.5716,0.793,-4.9958,-2.2203,802.807,40.7903,0.31542,3,2,0,0,3,1,2,,0.8968871906629978,0,0,1,0,C
O005_W0186,5,LOT_05_04,6,P_B,R_FAST,ETCH,ETCH_01,CH_B,1867.3,0,1.3768,0.0108,0.0136,0.0382,0.9743,316.517,319.408,3.0254,866.812,138.697,227.271,0.09486,0.4299,61.398,-0.7514,41.6124,1.6254,-2.386,-0.014,774.4812,36.7069,0.17476,7,2,3,0,0,0,1,,0.8739586555547595,0,0,0,0,GOOD
O005_W0187,5,LOT_05_06,22,P_A,R_BASE,ETCH,ETCH_03,CH_D,2002.3,1,1.5674,0.1769,0.0155,0.0212,0.9039,318.219,322.089,3.9157,851.255,126.338,208.618,0.11821,0.5683,64.714,0.6305,42.4745,1.4574,-2.4214,-8.0002,797.1139,39.729,0.09307,8,0,2,10,2,0,3,8.345562276237269,,1,0,0,0,A
O005_W0188,5,LOT_05_06,16,P_B,R_BASE,CMP,ETCH_01,CH_D,1788.0,0,1.02,0.0264,0.026,0.0098,0.9457,323.177,313.959,2.9401,822.42,113.615,215.867,0.11866,0.3303,62.976,-0.8349,41.4673,0.9175,-2.3675,-2.6698,772.8981,38.055,0.19473,6,0,1,3,1,0,2,,1.1354009150908326,0,0,0,0,GOOD
O005_W0189,5,LOT_05_07,16,P_B,R_FAST,PHOTO,CMP_01,CH_B,1704.5,0,1.0902,0.0351,0.0307,0.029,0.9337,325.405,312.244,3.1972,862.967,131.549,224.113,0.03453,0.5504,62.442,0.0332,41.2632,1.212,-3.9867,-0.3764,780.5202,39.3945,0.19172,1,0,1,2,0,1,1,,0.9342050968685143,0,0,0,0,GOOD
O005_W0190,5,LOT_05_05,16,P_A,R_BASE,CMP,CVD_01,CH_B,1817.6,0,1.1699,0.0292,0.0315,0.0236,0.9652,318.332,310.789,3.0408,861.542,139.767,193.156,0.0862,0.4602,71.248,0.1621,41.9669,1.0001,-0.4732,-5.3783,790.0162,35.3338,0.17637,0,0,0,3,2,0,2,,0.8557142378949114,0,0,0,0,GOOD
O005_W0191,5,LOT_05_07,25,P_A,R_BASE,PHOTO,ETCH_01,CH_D,1727.3,0,1.3766,0.0726,0.1234,0.0225,0.9268,323.817,320.304,2.6337,823.191,124.533,201.661,0.05367,0.3639,59.603,0.0382,39.9376,1.1033,1.8021,-4.9948,786.3522,36.9308,0.12108,2,0,4,2,0,2,0,,0.9739844004402027,0,1,0,0,B
O005_W0192,5,LOT_05_07,4,P_C,R_FAST,ETCH,ETCH_03,CH_C,2087.7,1,1.688,0.2138,0.0182,0.0,0.9032,326.254,330.867,3.1902,906.199,129.718,198.201,0.11894,0.4385,67.682,-0.0829,39.8908,2.008,-12.023,12.5125,800.5473,38.8149,0.15695,3,0,0,9,2,0,7,10.497940040397088,,1,0,0,0,A
O005_W0193,5,LOT_05_07,14,P_A,R_FAST,ETCH,ETCH_03,CH_B,1943.2,0,1.2148,0.0263,0.0243,0.0476,0.9549,328.813,321.671,3.3025,851.814,136.057,214.637,0.06572,0.46,62.028,0.6137,41.1212,1.1745,1.2596,4.3015,781.2995,36.2778,0.20368,8,0,1,3,0,0,0,,1.1297163262622445,0,0,0,0,GOOD
O005_W0194,5,LOT_05_01,10,P_A,R_REWORK,ETCH,ETCH_02,CH_B,2085.1,0,1.2428,0.0621,0.0326,0.0292,0.9546,334.653,312.848,2.5801,898.244,131.041,204.653,0.07287,0.3175,69.658,-1.5008,38.753,1.3989,-1.5802,-2.6935,765.8123,37.128,0.18801,4,1,2,5,1,1,0,,1.1322368754358965,0,0,0,0,GOOD
O005_W0195,5,LOT_05_01,13,P_A,R_FAST,CMP,PHOTO_01,CH_A,1818.4,0,1.0916,0.0042,0.0217,0.011,0.9385,313.42,313.293,3.0365,877.214,138.509,195.232,0.07328,0.3983,60.543,0.326,42.5808,0.823,-4.5234,-9.6024,777.196,39.6141,0.26278,5,1,1,2,4,0,1,,0.9773465678419957,0,0,0,0,GOOD
O005_W0196,5,LOT_05_02,17,P_A,R_BASE,ETCH,PHOTO_01,CH_B,1843.5,0,1.1725,0.0438,0.0252,0.0001,0.9414,324.039,314.47,2.6877,878.099,121.941,230.609,0.07264,0.5564,61.729,-2.1248,39.9251,1.6349,-0.8573,8.1397,779.1232,36.9621,0.21564,3,0,1,2,4,0,1,,0.872432312346382,0,0,0,0,GOOD
O005_W0197,5,LOT_05_07,1,P_C,R_FAST,PHOTO,ETCH_02,CH_A,1758.4,0,1.2076,0.0364,0.0326,0.0174,0.9463,312.051,318.132,3.0226,868.423,117.915,221.134,0.08707,0.476,63.24,-1.9821,42.1818,1.2971,-2.1015,5.6367,799.6807,36.432,0.17506,5,0,0,0,2,0,0,,1.1173843776531478,0,0,0,0,GOOD
O005_W0198,5,LOT_05_03,10,P_A,R_FAST,ETCH,ETCH_01,CH_B,1906.6,1,1.5468,0.1782,0.0202,0.0249,0.9042,321.659,304.302,3.4257,886.324,121.99,206.88,0.09077,0.5533,67.483,2.4608,45.9025,1.7849,-4.0595,-1.2992,807.5069,38.8267,0.20404,4,1,0,11,3,1,2,11.612298473515322,,1,0,0,0,A
O005_W0199,5,LOT_05_01,24,P_A,R_BASE,PHOTO,ETCH_02,CH_C,1884.1,0,1.0613,0.0176,0.0,0.0266,0.9454,318.649,313.17,2.9256,873.872,143.24,228.461,0.0983,0.4431,58.006,-0.6424,41.9449,0.7294,-3.7607,-0.8784,778.9727,38.1064,0.21522,5,0,3,4,1,0,1,,0.8979744296158869,0,0,0,0,GOOD
O005_W0200,5,LOT_05_02,1,P_B,R_BASE,CVD,ETCH_01,CH_B,1608.3,0,1.5356,0.0393,0.1607,0.0073,0.8915,322.615,311.623,2.8941,863.072,123.872,225.777,0.06368,0.3028,57.623,-1.9906,39.9219,1.2685,10.459,-4.5169,783.3582,40.4318,0.10409,3,1,8,4,0,4,1,,1.1412339264115359,0,1,0,0,B
O005_W0201,5,LOT_05_07,16,P_C,R_FAST,PHOTO,ETCH_02,CH_A,1912.1,0,1.179,0.0549,0.0269,0.023,0.9261,326.243,318.374,2.8765,833.095,124.85,213.128,0.06798,0.6668,63.482,0.6821,41.54,1.2882,-0.837,-8.4515,778.8952,37.9426,0.15468,3,0,2,0,1,1,0,,0.8643016809715216,0,0,0,0,GOOD
O005_W0202,5,LOT_05_06,23,P_A,R_FAST,CVD,ETCH_02,CH_C,1748.8,0,1.1676,0.0388,0.0299,0.0201,0.9413,323.307,323.055,3.1277,871.925,119.595,209.611,0.05482,0.2512,60.448,0.5886,41.4289,1.0865,2.9947,-0.2217,769.1367,37.6455,0.15608,3,0,2,2,0,0,2,,1.2689772059800248,0,0,0,0,GOOD
O005_W0203,5,LOT_05_05,6,P_B,R_BASE,ETCH,PHOTO_01,CH_A,2217.9,0,1.0979,0.0106,0.0033,0.0279,0.964,315.418,318.635,3.2484,839.272,122.403,190.639,0.05726,0.5709,60.741,1.5257,39.0278,1.0079,3.2232,3.6648,788.9268,40.3166,0.17043,2,3,1,3,1,0,0,,0.8990121804362144,0,0,0,0,GOOD
O005_W0204,5,LOT_05_05,8,P_B,R_BASE,ETCH,ETCH_02,CH_C,1976.3,0,1.6039,0.0402,0.1513,0.0412,0.8991,323.799,311.295,3.1542,886.08,114.936,200.466,0.04519,0.4899,66.25,1.4233,41.4598,1.5872,7.823,-2.4245,769.7738,41.0789,0.06962,4,2,4,4,2,1,1,,0.7904225986368746,0,1,0,0,B
O005_W0205,5,LOT_05_07,21,P_A,R_FAST,PHOTO,CMP_01,CH_B,1827.3,0,1.0617,0.0,0.0199,0.0339,0.9632,326.875,317.003,2.7592,802.772,130.763,209.733,0.13831,0.4649,62.154,-0.2833,44.2613,1.1444,1.5987,3.7682,765.8689,37.522,0.09634,4,0,0,5,1,0,0,,1.0050748089679407,0,0,0,0,GOOD
O005_W0206,5,LOT_05_01,4,P_A,R_BASE,ETCH,CVD_01,CH_A,1917.5,0,1.0856,0.0129,0.0089,0.0236,0.9806,317.352,316.605,2.678,893.162,120.971,207.183,0.07491,0.2686,53.449,1.1376,41.5312,0.7425,6.8526,-4.3683,769.44,39.0246,0.18484,8,1,0,3,1,5,0,,0.9825301286101693,0,0,0,0,GOOD
O005_W0207,5,LOT_05_06,14,P_B,R_BASE,ETCH,PHOTO_01,CH_C,2106.7,1,1.8451,0.1807,0.1519,0.0088,0.8845,321.892,318.877,3.809,931.616,131.927,194.647,0.07003,0.6924,69.054,1.0774,45.1968,1.9673,6.5718,-8.6147,804.1311,45.0055,0.2198,7,0,4,3,0,4,4,9.056685116096169,,1,1,0,0,A
O005_W0208,5,LOT_05_03,21,P_C,R_BASE,ETCH,ETCH_01,CH_A,1862.5,0,1.2366,0.0242,0.0243,0.0281,0.947,321.364,315.7,3.4256,899.859,122.437,208.915,0.02817,0.441,63.017,0.0252,45.2797,0.9893,1.5025,-4.9287,786.8558,38.3561,0.10504,4,0,2,0,3,1,1,,0.7178574198899941,0,0,0,0,GOOD
O005_W0209,5,LOT_05_06,6,P_C,R_BASE,CVD,ETCH_01,CH_C,1839.4,0,1.1034,0.0339,0.0204,0.025,0.9286,329.189,318.925,2.7124,943.577,144.888,205.198,0.07142,0.6459,62.942,1.3638,43.6657,1.2337,5.3351,9.4379,766.2186,40.3443,0.19688,7,1,0,3,1,0,1,,1.0563608699248117,0,0,0,0,GOOD
O005_W0210,5,LOT_05_05,19,P_B,R_BASE,CVD,CMP_01,CH_C,1554.3,0,1.226,0.0497,0.0081,0.0108,0.9281,317.916,313.674,3.1442,859.896,126.3,202.722,0.09233,0.3937,69.39,0.7435,40.4002,1.3158,-11.5245,-0.1509,786.6421,39.7218,0.21825,1,1,5,1,1,2,1,,1.2695805609727202,0,0,0,0,GOOD
O005_W0211,5,LOT_05_03,6,P_B,R_FAST,ETCH,ETCH_01,CH_C,1904.8,0,1.2396,0.0103,0.0493,0.0306,0.9656,316.392,316.405,3.163,890.653,123.902,208.337,0.04747,0.5244,61.157,1.0073,41.8305,1.1794,1.975,-2.4586,779.0204,34.4672,0.20602,3,0,1,0,3,1,1,,0.9769514460182254,0,0,0,0,GOOD
O005_W0212,5,LOT_05_02,9,P_C,R_REWORK,CMP,CVD_01,CH_B,1775.1,0,1.7348,0.0413,0.0111,0.1232,0.893,333.767,319.185,2.9401,889.929,115.758,198.657,0.07078,0.4789,67.606,-0.4216,40.9002,1.485,-0.3043,1.9979,847.4622,46.6619,0.23997,7,0,0,7,4,0,0,,1.1729361264953404,0,0,1,1,C
O005_W0213,5,LOT_05_07,5,P_C,R_BASE,CMP,ETCH_03,CH_C,2016.3,1,1.5819,0.1905,0.0443,0.0198,0.89,329.212,318.528,3.2944,875.486,135.459,212.984,0.11337,0.8017,64.834,3.9564,42.8146,2.1538,-5.1263,-9.0435,782.5816,40.382,0.17051,3,1,0,7,0,0,2,11.876588816794808,,1,0,0,0,A
O005_W0214,5,LOT_05_01,10,P_C,R_FAST,PHOTO,CVD_01,CH_B,1826.0,0,1.3845,0.0303,0.1244,0.031,0.9225,320.051,312.455,3.5111,855.146,125.328,202.416,0.06355,0.3183,62.548,1.6881,40.807,0.8891,8.2079,-5.9193,787.3941,35.9143,0.14251,5,0,3,1,1,3,1,,1.0643458339196679,0,1,0,0,B
O005_W0215,5,LOT_05_06,20,P_A,R_BASE,CMP,ETCH_03,CH_B,1888.9,0,1.142,0.0374,0.0003,0.0124,0.9423,314.9,322.636,3.1549,823.946,116.084,215.309,0.06775,0.3587,64.389,-0.0925,43.2456,1.2662,4.1243,-1.7102,786.6711,40.6119,0.2169,4,0,0,3,1,0,1,,0.8790719712033926,0,0,0,0,GOOD
O005_W0216,5,LOT_05_06,23,P_A,R_BASE,CVD,ETCH_01,CH_A,1828.1,0,1.2507,0.0636,0.0405,0.0,0.9408,325.173,314.017,2.7197,838.982,132.113,178.646,0.06739,0.4192,67.827,-0.8933,41.6452,1.1699,-6.6459,-2.4251,776.3696,42.4183,0.23111,2,1,1,0,0,1,0,,1.130521297364441,0,0,0,0,GOOD
O005_W0217,5,LOT_05_07,19,P_B,R_BASE,ETCH,ETCH_02,CH_B,1933.3,0,1.2634,0.038,0.0178,0.1121,0.9197,310.264,306.323,3.2641,840.456,115.197,213.334,0.11785,0.3304,69.315,-0.9243,43.3907,1.0684,-4.0313,-14.549,775.3428,41.826,0.27369,6,6,1,0,4,0,1,,0.9212837223147701,0,0,1,0,C
O005_W0218,5,LOT_05_02,8,P_B,R_FAST,ETCH,ETCH_01,CH_C,2012.3,0,1.5303,0.0401,0.1287,0.0187,0.9061,315.403,323.343,2.9832,853.603,128.997,197.564,0.09254,0.4851,63.114,0.4188,41.4056,1.1986,8.3502,-1.0027,791.0369,33.3618,0.23084,6,0,0,2,2,2,0,,0.9849369661210705,0,1,0,0,B
O005_W0219,5,LOT_05_08,12,P_A,R_BASE,PHOTO,ETCH_01,CH_C,1897.4,0,1.2952,0.026,0.0281,0.1016,0.9511,317.978,309.583,2.6388,834.028,125.423,217.51,0.04053,0.461,69.359,0.1188,42.4088,1.2064,3.2795,0.0542,763.8498,37.7455,0.21276,9,5,0,3,0,1,2,,1.007180268897566,0,0,1,0,C
O005_W0220,5,LOT_05_01,20,P_B,R_BASE,ETCH,ETCH_01,CH_A,2055.9,0,1.2023,0.0165,0.027,0.024,0.9418,328.425,315.616,2.7835,879.985,124.787,210.276,0.10393,0.2486,64.865,0.6022,39.0053,1.0204,-3.6977,3.3635,780.3256,41.2216,0.35812,3,0,1,3,0,1,0,,0.8568572121358364,0,0,0,0,GOOD
O005_W0221,5,LOT_05_01,9,P_C,R_FAST,CMP,CMP_01,CH_B,1746.7,0,1.3064,0.0147,0.0211,0.1145,0.9483,321.967,317.823,2.8581,845.256,110.906,209.695,0.0789,0.2451,62.436,0.2308,42.009,1.2213,0.7006,-2.1242,786.7621,36.0478,0.23127,8,5,1,1,1,0,1,,1.0299841625018546,0,0,1,0,C
O005_W0222,5,LOT_05_06,12,P_C,R_BASE,CVD,ETCH_02,CH_A,1917.0,0,1.4175,0.0,0.1392,0.0259,0.9245,320.122,313.658,2.9662,866.251,123.411,203.052,0.0722,0.5118,62.6,0.9596,40.7968,1.2622,3.743,-3.4472,796.4457,38.3741,0.19392,4,0,4,2,2,4,1,,0.8957780191719924,0,1,0,0,B
O005_W0223,5,LOT_05_07,12,P_B,R_BASE,ETCH,ETCH_02,CH_A,2016.1,0,1.1278,0.008,0.0424,0.0151,0.9304,311.102,322.151,3.5496,881.717,131.304,203.073,0.06179,0.3476,63.985,1.0291,43.3462,1.5104,-0.4636,-1.2566,775.1732,38.4062,0.23014,2,0,1,4,1,0,2,,1.2178425498594603,0,0,0,0,GOOD
O005_W0224,5,LOT_05_05,2,P_A,R_BASE,CVD,ETCH_03,CH_D,1862.2,1,1.6001,0.2042,0.0076,0.0164,0.9053,323.821,313.715,3.6004,929.561,136.528,220.529,0.11033,0.7004,64.324,0.2951,44.0589,2.2846,-11.1297,6.6013,767.0839,42.2805,0.21094,2,0,1,5,1,0,6,10.610207108333237,,1,0,0,0,A
O005_W0225,5,LOT_05_02,8,P_A,R_BASE,CMP,CVD_01,CH_B,1771.9,0,1.5203,0.043,0.0525,0.1303,0.9132,317.891,318.139,2.891,861.976,112.507,201.186,0.05099,0.5264,58.472,-1.6595,42.6975,0.658,-1.4364,2.8208,800.3535,34.9826,0.21902,5,5,0,2,2,0,0,,1.062650607901907,0,0,1,0,C
O005_W0226,5,LOT_05_04,22,P_A,R_BASE,CMP,CMP_01,CH_A,1650.8,0,1.2908,0.0412,0.0284,0.0105,0.9448,315.063,318.412,2.8886,890.343,124.183,226.005,0.10633,0.4131,58.514,0.5583,41.4686,1.323,4.0878,-1.7313,753.472,40.4268,0.18402,8,1,0,2,2,1,1,,1.107494997671277,0,0,0,0,GOOD
O005_W0227,5,LOT_05_04,4,P_A,R_BASE,CVD,PHOTO_01,CH_A,1736.2,0,1.2864,0.0409,0.1321,0.0148,0.9153,327.52,321.523,3.3149,845.7,121.985,238.01,0.10358,0.4399,59.713,-1.433,41.4955,1.2586,3.8185,-14.079,758.2145,37.1359,0.1651,4,1,6,1,0,0,0,,1.1039584657768768,0,1,0,0,B
O005_W0228,5,LOT_05_07,22,P_A,R_BASE,ETCH,PHOTO_01,CH_C,2046.6,1,1.8445,0.1649,0.1564,0.0333,0.8921,321.837,322.243,3.4821,886.646,117.798,210.747,0.1002,0.6245,57.725,-0.1023,45.0268,1.4418,11.0287,-2.7127,771.4702,41.5202,0.22956,3,2,6,5,2,5,7,10.123778911026509,,1,1,0,0,A
O005_W0229,5,LOT_05_04,15,P_A,R_BASE,CVD,ETCH_03,CH_C,1858.8,0,1.297,0.0474,0.0393,0.053,0.9402,320.897,316.114,2.5685,856.379,128.963,214.697,0.093,0.4548,61.633,0.023,44.0477,1.083,-3.9437,0.938,804.0896,44.3321,0.19053,5,0,1,4,1,0,2,,0.8526388622764177,0,0,0,0,GOOD
O005_W0230,5,LOT_05_08,1,P_A,R_BASE,PHOTO,ETCH_01,CH_B,1777.2,1,1.9851,0.192,0.1565,0.0065,0.8766,321.689,326.353,3.1987,916.761,123.964,220.199,0.10355,0.5446,59.879,0.2854,43.6132,2.198,9.0975,-3.5275,754.0548,38.5358,0.21442,3,2,5,6,0,1,8,11.239270341979903,,1,1,0,0,A
O005_W0231,5,LOT_05_07,20,P_A,R_BASE,ETCH,ETCH_01,CH_A,2001.3,0,1.2247,0.0568,0.0,0.0618,0.944,329.149,313.319,3.0704,826.138,127.198,195.362,0.05398,0.4568,62.421,0.5371,39.2431,1.0303,4.8135,1.6857,788.8968,33.3981,0.19568,5,2,1,3,0,0,0,,0.7831704558180344,0,0,0,0,GOOD
O005_W0232,5,LOT_05_01,15,P_C,R_BASE,PHOTO,PHOTO_01,CH_A,1495.6,0,1.5931,0.0428,0.0139,0.0406,0.8876,324.103,321.326,2.8993,827.053,144.31,208.777,0.07601,0.4396,58.386,-0.7463,41.9295,1.1971,2.7196,-0.2022,816.5877,44.9311,0.14632,2,1,1,0,7,1,1,,1.0815884491517564,0,0,0,1,D
O005_W0233,5,LOT_05_02,13,P_A,R_BASE,CVD,CMP_01,CH_B,1987.2,0,1.1833,0.0448,0.0099,0.0123,0.9457,317.547,317.472,3.0504,839.52,136.28,207.219,0.04022,0.5331,64.439,1.2045,40.2664,1.2705,-2.9129,5.4688,785.1181,38.4901,0.209,2,1,1,2,2,0,1,,0.9558281364540269,0,0,0,0,GOOD
O005_W0234,5,LOT_05_07,6,P_A,R_BASE,ETCH,ETCH_03,CH_D,1913.0,0,1.3688,0.0725,0.0,0.1269,0.9153,323.661,321.648,3.3887,827.742,132.808,213.995,0.07444,0.4534,57.69,-0.0248,40.8924,1.0934,0.7402,3.2377,774.1617,33.4475,0.22462,9,3,1,2,0,0,0,,0.7979565011558426,0,0,1,0,C
O005_W0235,5,LOT_05_05,21,P_A,R_BASE,ETCH,CVD_01,CH_B,1922.3,1,1.6184,0.2108,0.0318,0.0241,0.8986,312.949,306.027,3.4191,922.024,137.824,199.256,0.15469,0.6461,68.648,0.456,47.0278,1.6886,5.9605,0.0725,786.5028,41.0895,0.28797,1,1,3,11,0,1,4,11.509598455930256,,1,0,0,0,A
O005_W0236,5,LOT_05_03,22,P_B,R_BASE,CMP,ETCH_03,CH_D,1875.5,0,1.5304,0.027,0.1346,0.0232,0.9513,333.522,314.652,2.7331,838.585,117.719,199.531,0.07865,0.4212,63.111,0.8364,39.7697,1.0624,0.8115,-4.8057,789.3218,36.0144,0.33261,2,0,3,3,1,4,1,,1.1193013528007787,0,1,0,0,B
O005_W0237,5,LOT_05_06,20,P_B,R_FAST,CMP,CMP_01,CH_D,1670.5,0,1.6796,0.0493,0.0097,0.0327,0.8875,324.708,327.663,2.4259,857.492,134.999,225.868,0.08843,0.2301,62.583,-0.1876,39.8881,1.1414,-1.7659,-10.0642,785.5213,43.4567,0.12366,1,1,2,1,4,1,2,,1.0364247758071492,0,0,0,1,D
O005_W0238,5,LOT_05_01,1,P_A,R_FAST,CMP,ETCH_02,CH_A,1764.8,0,1.3067,0.0568,0.024,0.0357,0.9476,321.053,317.628,2.7694,861.031,126.439,197.835,0.11049,0.4125,67.862,0.0112,40.2237,1.6587,1.1398,6.7984,775.9968,37.0877,0.18502,4,3,0,0,0,0,2,,1.448281910771522,0,0,0,0,GOOD
O005_W0239,5,LOT_05_01,3,P_B,R_BASE,ETCH,ETCH_01,CH_A,2041.3,0,1.4105,0.0565,0.0283,0.13,0.9079,325.594,310.722,2.8605,866.607,133.459,205.385,0.13,0.5299,60.161,-0.7433,40.6065,1.3265,-3.6148,4.1528,792.73,43.8005,0.21222,6,5,0,4,2,0,1,,1.301384432400957,0,0,1,0,C
O005_W0240,5,LOT_05_01,19,P_A,R_BASE,CVD,CVD_01,CH_A,1820.4,0,1.447,0.0578,0.0,0.1004,0.9342,318.831,309.499,3.0137,849.885,123.669,189.567,0.04916,0.4464,61.097,-0.4635,40.6333,1.0689,-0.2029,-3.6574,780.2374,38.1053,0.33875,4,1,0,7,0,1,0,,1.189615384677435,0,0,1,0,C
O005_W0241,5,LOT_05_04,19,P_C,R_FAST,PHOTO,CMP_01,CH_A,1718.0,0,1.0031,0.015,0.0138,0.0185,0.9665,314.852,324.788,3.1836,876.254,115.908,214.988,0.09158,0.3518,65.597,-0.7385,41.388,1.4596,-5.0709,8.9103,779.1665,35.7253,0.16902,5,1,1,2,0,0,2,,1.0382951204585118,0,0,0,0,GOOD
O005_W0242,5,LOT_05_04,5,P_B,R_BASE,CVD,ETCH_03,CH_D,1848.1,0,1.177,0.0303,0.035,0.0297,0.9398,318.234,315.348,3.1039,856.238,127.931,213.945,0.09643,0.3835,59.075,0.4061,42.2825,1.1443,-0.9071,-10.5773,768.8382,40.0493,0.17459,3,0,0,2,5,0,0,,1.164511187511943,0,0,0,0,GOOD
O005_W0243,5,LOT_05_01,7,P_B,R_FAST,CMP,CMP_01,CH_D,1606.5,0,1.3259,0.0768,0.0225,0.0323,0.9244,319.48,324.672,2.8235,848.567,123.86,196.434,0.09428,0.2867,72.861,1.3637,40.6652,0.8531,6.4152,-1.2465,751.4494,42.3064,0.16186,6,1,1,0,2,1,0,,1.0935096627624625,0,0,0,0,GOOD
O005_W0244,5,LOT_05_06,21,P_A,R_FAST,CVD,CMP_01,CH_A,1819.3,0,1.3767,0.0063,0.0297,0.133,0.9242,326.792,318.65,2.8766,861.547,135.885,203.527,0.06305,0.2708,55.903,0.5285,40.2676,1.3753,-9.1511,-0.5581,781.7016,36.2345,0.24084,4,3,1,4,5,1,0,,0.9583766250054578,0,0,1,0,C
O005_W0245,5,LOT_05_08,2,P_A,R_REWORK,CMP,ETCH_02,CH_D,1878.7,0,1.314,0.0381,0.0499,0.0342,0.9252,323.9,317.851,3.3229,897.506,120.538,217.221,0.09673,0.467,60.962,-0.8404,43.4791,1.389,0.3504,-18.0636,782.4619,39.0317,0.21714,4,0,3,4,1,1,0,,0.9478772687115455,0,0,0,0,GOOD
O005_W0246,5,LOT_05_03,17,P_B,R_FAST,ETCH,CMP_01,CH_A,1920.8,1,2.1073,0.1827,0.1307,0.1171,0.8589,320.333,321.792,3.8155,929.288,116.752,188.876,0.13207,0.5702,72.212,2.8677,43.7954,0.8352,5.9921,1.2881,798.71,32.2871,0.22621,5,2,6,8,2,5,8,12.985953278477513,,1,1,1,0,A
O005_W0247,5,LOT_05_07,15,P_C,R_BASE,CMP,ETCH_01,CH_B,1958.2,0,1.3765,0.0,0.0149,0.0094,0.9177,319.915,326.587,3.2854,871.727,125.958,215.378,0.08121,0.3457,53.297,-0.5067,42.5381,1.1095,-6.9116,-2.7915,813.8905,43.7124,0.21725,3,1,0,1,6,1,1,,1.085334817248216,0,0,0,1,D
O005_W0248,5,LOT_05_06,15,P_C,R_BASE,ETCH,PHOTO_01,CH_B,1890.6,0,1.2271,0.0301,0.0197,0.0108,0.9426,319.874,319.862,3.0025,884.504,130.564,195.661,0.10556,0.3869,62.332,-0.7031,43.1846,0.6959,0.4667,2.7782,753.4081,36.1806,0.31313,7,1,4,1,2,1,0,,0.7192878300293644,0,0,0,0,GOOD
O005_W0249,5,LOT_05_06,20,P_A,R_BASE,CMP,ETCH_01,CH_C,1865.9,0,1.2818,0.0637,0.0,0.0013,0.9627,319.592,317.437,3.0788,818.181,124.723,214.13,0.08749,0.7264,63.904,-0.058,41.9873,1.1344,-4.8961,0.1263,778.894,34.3256,0.20763,3,0,4,1,3,1,2,,0.8757462961597549,0,0,0,0,GOOD
O005_W0250,5,LOT_05_06,15,P_A,R_BASE,ETCH,CMP_01,CH_D,2022.5,1,1.9612,0.1944,0.1707,0.0152,0.8534,314.165,315.127,3.1813,873.05,133.223,218.973,0.06083,0.7595,59.092,1.5387,44.1637,1.9556,1.9218,4.224,760.456,33.9256,0.29139,2,0,5,8,0,1,3,11.349447001345183,,1,1,0,0,A
O005_W0251,5,LOT_05_06,8,P_C,R_BASE,CVD,ETCH_01,CH_A,1923.4,0,1.1659,0.0596,0.0333,0.0222,0.9362,328.867,316.6,3.194,849.245,133.194,203.78,0.06825,0.3703,55.125,-1.6776,41.1026,1.1743,-0.6341,-8.0205,751.4137,39.137,0.09086,3,1,0,2,2,0,1,,0.7941148006611682,0,0,0,0,GOOD
O005_W0252,5,LOT_05_06,2,P_A,R_FAST,CMP,CMP_01,CH_D,1858.8,0,1.4665,0.0412,0.1288,0.0206,0.8951,317.599,309.402,3.1606,801.236,119.309,196.535,0.12765,0.5059,67.459,-0.0597,45.1303,1.4469,3.0224,-3.0727,792.9903,43.5174,0.19544,4,2,2,2,3,4,0,,0.8913380953062435,0,1,0,0,B
O005_W0253,5,LOT_05_02,24,P_C,R_BASE,CVD,ETCH_01,CH_D,1761.9,0,0.9845,0.0291,0.0651,0.0125,0.9479,325.078,321.392,2.8252,864.466,134.402,202.043,0.09202,0.4062,60.34,-1.3502,42.5006,0.849,-1.4108,3.0689,759.0225,36.3145,0.11764,8,0,0,2,1,1,0,,1.0304744616026502,0,0,0,0,GOOD
O005_W0254,5,LOT_05_02,1,P_B,R_BASE,ETCH,PHOTO_01,CH_D,1979.5,0,1.2925,0.0424,0.017,0.0441,0.9241,317.063,312.373,3.046,831.134,128.015,203.7,0.10319,0.4133,66.767,-0.0213,40.7927,1.0114,4.7054,-6.2136,759.7084,34.8202,0.1345,5,0,0,1,1,2,0,,0.9912960841117562,0,0,0,0,GOOD
O005_W0255,5,LOT_05_07,22,P_B,R_BASE,ETCH,ETCH_03,CH_A,1997.3,0,1.5242,0.0168,0.1536,0.0329,0.9016,323.567,324.468,2.9163,892.23,122.737,211.356,0.06813,0.5732,58.102,1.2036,43.5387,1.4941,-3.0866,-11.3375,780.9428,37.5426,0.08397,6,1,7,4,1,2,2,,1.3579221212895507,0,1,0,0,B
O005_W0256,5,LOT_05_03,4,P_C,R_BASE,PHOTO,ETCH_01,CH_B,1689.6,0,1.0936,0.0295,0.0608,0.0208,0.9292,326.803,323.285,2.7941,828.26,120.903,191.289,0.08187,0.371,59.713,0.1557,42.3494,1.401,3.0298,1.1038,812.6421,39.2927,0.16057,4,1,3,2,1,0,0,,0.9694484741292034,0,0,0,0,GOOD
O005_W0257,5,LOT_05_07,17,P_B,R_BASE,CMP,CMP_01,CH_B,1785.3,0,1.2181,0.0264,0.021,0.0964,0.9361,320.261,314.636,3.7459,839.087,132.839,215.322,0.09506,0.5189,61.34,-0.5847,42.1262,1.0975,1.1168,11.9779,788.6549,39.237,0.21818,8,8,0,1,0,0,0,,1.0823904348926587,0,0,1,0,C
O005_W0258,5,LOT_05_08,11,P_B,R_BASE,CMP,CVD_01,CH_D,1729.7,0,0.9484,0.001,0.0101,0.0239,0.9681,312.505,312.445,3.088,815.164,124.411,202.202,0.11053,0.4708,62.875,0.1462,44.1121,1.435,-9.9809,13.4942,782.8567,40.9838,0.232,2,1,1,2,1,2,0,,0.7487639332269833,0,0,0,0,GOOD
O005_W0259,5,LOT_05_06,25,P_B,R_BASE,CVD,PHOTO_01,CH_D,1847.0,1,1.7437,0.1554,0.1082,0.023,0.8959,323.65,311.658,2.9872,901.867,129.674,190.668,0.08518,0.6254,58.852,1.8699,44.1478,1.7279,7.9527,-0.0459,799.302,31.812,0.2187,1,1,3,2,2,2,4,9.874992640429655,,1,1,0,0,A
O005_W0260,5,LOT_05_05,5,P_B,R_BASE,ETCH,CMP_01,CH_D,1948.2,0,1.3391,0.0325,0.081,0.0174,0.9336,327.42,306.789,2.8623,853.541,117.719,220.257,0.03052,0.2535,63.958,-0.8907,42.848,0.937,8.8172,-4.6282,783.2497,37.9254,0.1428,6,1,0,0,2,0,0,,0.8420292817483621,0,0,0,0,GOOD
O005_W0261,5,LOT_05_04,23,P_B,R_BASE,CVD,PHOTO_01,CH_C,1745.0,0,1.2476,0.0379,0.0264,0.0201,0.955,326.097,306.92,2.8905,853.856,120.35,224.825,0.08897,0.405,60.722,-0.3791,41.8689,0.9541,11.1538,-0.2824,799.3861,40.0969,0.15736,8,1,1,2,2,0,0,,1.1168276704892959,0,0,0,0,GOOD
O005_W0262,5,LOT_05_04,15,P_C,R_BASE,CVD,CVD_01,CH_A,1840.8,0,1.1772,0.0424,0.0307,0.0193,0.9417,310.234,324.277,2.7969,825.642,120.175,206.634,0.13158,0.5121,62.11,0.8889,41.6343,1.0919,-0.4355,-12.0142,792.4785,37.506,0.11988,10,2,0,2,1,0,1,,1.1349731834771268,0,0,0,0,GOOD
O005_W0263,5,LOT_05_06,2,P_A,R_BASE,ETCH,ETCH_01,CH_B,2018.9,0,1.5656,0.0435,0.1598,0.1256,0.887,324.046,315.311,2.8276,827.044,129.111,211.697,0.06352,0.2459,68.661,-0.0393,43.9096,1.3994,-5.1196,-3.3081,762.289,34.891,0.20544,7,4,7,3,1,3,0,,1.1507284980098769,0,1,1,0,B
O005_W0264,5,LOT_05_03,25,P_A,R_REWORK,CMP,CVD_01,CH_A,2109.9,0,1.2537,0.0787,0.0257,0.0207,0.9323,320.783,313.618,2.9519,837.042,114.644,205.147,0.07597,0.4276,61.967,-0.59,44.707,1.1738,7.3895,6.1558,831.1784,36.9685,0.19305,4,1,2,4,2,1,0,,1.0636197095465205,0,0,0,0,GOOD
O005_W0265,5,LOT_05_08,1,P_B,R_BASE,CVD,ETCH_01,CH_D,1737.3,0,1.137,0.0545,0.0308,0.0051,0.9297,322.223,317.338,2.5804,837.436,112.898,213.508,0.0823,0.6322,63.789,-0.9187,41.4755,1.2085,-5.0253,0.964,801.0697,42.4604,0.14522,6,0,4,3,2,0,0,,1.0346416141203183,0,0,0,0,GOOD
O005_W0266,5,LOT_05_05,6,P_C,R_BASE,CMP,CMP_01,CH_A,1820.5,0,1.2497,0.0221,0.0269,0.0346,0.9367,323.314,319.555,2.8443,857.9,116.513,209.069,0.05422,0.4597,63.647,-0.3255,44.5774,1.3941,-2.2627,-2.8463,776.0945,40.0068,0.16027,1,0,2,1,1,0,2,,0.8223861662979697,0,0,0,0,GOOD
O005_W0267,5,LOT_05_06,8,P_C,R_BASE,CVD,ETCH_01,CH_B,1936.5,0,1.1385,0.0386,0.0221,0.0228,0.9454,324.026,321.427,3.2291,853.248,119.814,208.088,0.0721,0.533,61.726,1.8634,39.3741,1.2421,-5.4999,2.8407,771.0236,39.8745,0.20448,3,1,0,1,0,2,0,,1.5425439085558712,0,0,0,0,GOOD
O005_W0268,5,LOT_05_02,8,P_A,R_FAST,CVD,ETCH_01,CH_D,1614.1,0,1.0701,0.0105,0.0416,0.0248,0.9701,327.505,321.564,2.8559,820.276,125.757,215.432,0.0709,0.3321,63.999,-0.5152,42.9893,1.299,5.2224,1.9118,773.2235,40.7993,0.22975,4,0,1,0,3,0,2,,0.9881000434120145,0,0,0,0,GOOD
O005_W0269,5,LOT_05_02,14,P_A,R_BASE,ETCH,ETCH_01,CH_A,1945.5,0,1.4626,0.0447,0.0255,0.0115,0.8964,316.669,313.384,3.0237,864.165,123.124,210.863,0.05034,0.4289,54.606,0.3553,44.463,0.5793,8.6468,0.947,806.0225,44.4985,0.20544,4,0,2,2,4,0,0,,0.9636227029907194,0,0,0,1,D
O005_W0270,5,LOT_05_01,17,P_A,R_BASE,CVD,CVD_01,CH_B,1688.3,0,1.7027,0.0441,0.0187,0.1097,0.8682,327.131,320.867,2.6843,853.137,139.431,205.416,0.08728,0.2282,64.672,-2.7958,42.7531,0.9578,-4.9975,1.1749,839.6992,41.1264,0.25552,6,5,1,2,4,0,0,,1.0439658641660507,0,0,1,1,C
O005_W0271,5,LOT_05_04,5,P_A,R_BASE,ETCH,ETCH_01,CH_C,1946.6,1,1.5968,0.1868,0.0151,0.0273,0.8995,333.739,320.234,3.5926,924.525,122.535,206.921,0.10571,0.6551,69.407,0.98,43.0528,1.797,-2.0329,-0.8386,758.1682,37.8252,0.13589,5,0,0,7,2,0,3,6.856781989981998,,1,0,0,0,A
O005_W0272,5,LOT_05_05,14,P_A,R_BASE,ETCH,CMP_01,CH_C,1970.6,0,1.1032,0.0269,0.0338,0.0,0.9401,328.354,322.965,2.6733,871.907,122.044,229.929,0.07166,0.3749,59.307,1.354,41.2004,0.9212,-1.0582,-3.1575,821.6272,39.1297,0.22874,2,0,1,0,0,1,2,,0.881177829584544,0,0,0,0,GOOD
O005_W0273,5,LOT_05_05,1,P_C,R_REWORK,CVD,ETCH_01,CH_B,2033.9,0,1.2613,0.0426,0.0145,0.0227,0.9537,320.414,325.227,2.9177,837.349,130.534,218.971,0.10003,0.523,66.504,-0.0456,39.0701,1.0171,-0.4071,9.0024,770.9943,37.8538,0.15889,4,1,3,5,1,1,0,,0.9520784486339638,0,0,0,0,GOOD
O005_W0274,5,LOT_05_03,13,P_B,R_BASE,CVD,CVD_01,CH_C,1858.0,0,1.4582,0.0174,0.1401,0.0327,0.9147,326.0,319.895,3.1269,813.366,126.33,197.589,0.07406,0.5032,64.642,1.1637,43.717,1.1921,11.8511,-5.1089,794.9872,43.3989,0.19572,3,1,7,3,1,2,1,,0.9073443948722872,0,1,0,0,B
O005_W0275,5,LOT_05_07,3,P_B,R_REWORK,ETCH,CMP_01,CH_C,2224.5,1,1.5656,0.1931,0.004,0.0341,0.8952,320.484,320.937,3.4772,922.426,132.597,205.93,0.13518,0.5642,68.854,2.4199,41.9336,1.5438,8.6853,-0.8792,777.7932,39.0661,0.09604,6,1,1,8,0,0,7,10.152534905553104,,1,0,0,0,A
O005_W0276,5,LOT_05_02,4,P_C,R_BASE,CVD,ETCH_03,CH_D,1951.7,1,1.6395,0.1673,0.035,0.118,0.8848,325.428,316.455,3.5949,920.184,115.671,193.617,0.09852,0.5305,70.336,2.0802,40.9635,1.6127,1.5298,-0.2816,828.206,33.2133,0.18776,7,5,0,7,1,0,6,11.264187779832822,,1,0,1,0,A
O005_W0277,5,LOT_05_06,14,P_B,R_BASE,ETCH,ETCH_02,CH_A,2062.6,1,1.8831,0.1875,0.0502,0.0254,0.8733,320.432,319.223,3.6333,918.196,112.79,221.743,0.08166,0.6466,60.217,1.4889,44.2644,1.7433,-6.7117,-11.6504,780.4165,33.9046,0.2013,4,2,2,7,2,0,7,11.64393203537454,,1,0,0,0,A
O005_W0278,5,LOT_05_01,19,P_B,R_FAST,CMP,ETCH_03,CH_D,1885.2,0,1.2755,0.0279,0.0037,0.0945,0.9387,321.97,317.528,3.3613,849.166,123.612,209.587,0.08318,0.4369,64.245,-0.1861,41.4536,0.9385,6.0846,-0.2452,797.6336,36.0621,0.22767,11,1,1,1,5,0,0,,1.1132516598134083,0,0,1,0,C
O005_W0279,5,LOT_05_03,18,P_C,R_BASE,CVD,ETCH_01,CH_B,1748.6,1,1.6221,0.1984,0.0486,0.0368,0.879,319.728,323.966,3.7607,911.965,125.118,213.233,0.14988,0.5128,63.776,0.7017,43.8913,1.8293,5.3984,-1.8588,756.0644,38.8809,0.15173,7,1,2,5,2,1,5,8.838432568489173,,1,0,0,0,A
O005_W0280,5,LOT_05_08,23,P_C,R_BASE,CVD,ETCH_03,CH_C,1837.7,0,1.4765,0.0123,0.1387,0.027,0.9277,323.657,313.756,3.356,875.89,129.089,216.558,0.08772,0.5525,64.314,-0.3587,40.7491,0.8732,2.6797,-15.4193,778.7063,39.2484,0.17223,5,1,3,4,3,2,1,,1.222459656945753,0,1,0,0,B
O005_W0281,5,LOT_05_02,3,P_B,R_FAST,CVD,PHOTO_01,CH_B,1781.8,0,1.2937,0.0408,0.0415,0.0383,0.9378,329.587,318.299,2.5596,905.833,131.891,193.935,0.06559,0.5219,57.496,-0.7091,43.8708,1.6834,0.4052,-3.3618,776.3516,43.2986,0.13977,3,1,1,0,2,0,1,,1.0440148260992153,0,0,0,0,GOOD
O005_W0282,5,LOT_05_06,22,P_B,R_BASE,CVD,ETCH_02,CH_D,1647.8,0,1.0986,0.0,0.0272,0.0292,0.9418,324.431,320.426,3.1756,816.696,115.432,216.831,0.06632,0.3267,53.394,0.0081,40.7884,1.3168,-0.3732,-11.4943,752.0697,40.8245,0.20161,5,1,1,1,0,0,1,,1.1858080367479584,0,0,0,0,GOOD
O005_W0283,5,LOT_05_04,22,P_B,R_BASE,CVD,PHOTO_01,CH_D,1811.1,0,1.5118,0.0126,0.0262,0.0223,0.9067,316.078,318.357,2.7774,810.193,119.424,211.49,0.12372,0.4652,61.594,1.3563,40.8232,1.2956,-7.8659,1.7785,790.8182,38.8022,0.23114,3,3,2,1,7,2,4,,0.7484088711331625,0,0,0,1,D
O005_W0284,5,LOT_05_05,19,P_A,R_BASE,ETCH,ETCH_01,CH_B,2115.7,0,1.4435,0.0351,0.0248,0.0,0.8771,317.315,318.754,2.9037,887.962,125.675,210.416,0.0785,0.2775,59.839,-0.3924,41.0604,1.3094,-2.1203,-8.7144,830.8546,41.1848,0.14945,7,0,2,2,0,0,0,,0.9926303306111193,0,0,0,1,D
O005_W0285,5,LOT_05_03,6,P_C,R_FAST,PHOTO,CVD_01,CH_C,1719.9,1,1.7352,0.1817,0.0422,0.0287,0.8909,334.899,310.19,3.7984,872.712,123.879,221.84,0.06951,0.6889,62.098,0.0074,45.3267,1.5421,5.0447,9.9838,771.0506,34.4262,0.21752,4,0,0,4,1,0,4,10.576790951642376,,1,0,0,0,A
O005_W0286,5,LOT_05_04,23,P_C,R_BASE,CVD,PHOTO_01,CH_A,1586.9,0,1.1407,0.0236,0.0228,0.0155,0.9448,311.685,318.827,3.1659,878.406,119.479,193.828,0.09128,0.3348,64.493,0.119,44.6945,1.0988,-11.0578,-3.0921,797.1545,43.2257,0.16692,5,0,0,2,0,1,2,,0.8667202671836435,0,0,0,0,GOOD
O005_W0287,5,LOT_05_02,11,P_A,R_FAST,CMP,CMP_01,CH_D,1707.6,1,1.3393,0.0392,0.1371,0.0233,0.9132,323.424,317.9,3.2175,881.154,126.606,210.831,0.06891,0.6204,60.42,0.5817,44.041,1.2454,14.528,0.1384,773.6091,39.3221,0.14729,5,1,3,4,2,1,0,8.425642282948882,,0,1,0,0,B
O005_W0288,5,LOT_05_01,2,P_C,R_BASE,ETCH,ETCH_01,CH_A,1957.5,0,1.2252,0.0584,0.0291,0.0329,0.9461,318.276,322.017,3.091,868.865,131.392,229.657,0.11166,0.4595,60.529,-1.8707,42.8561,1.5686,1.1332,-0.2748,787.1733,40.5903,0.08167,4,1,1,1,0,2,1,,0.9526663781849724,0,0,0,0,GOOD
O005_W0289,5,LOT_05_03,24,P_A,R_BASE,ETCH,ETCH_03,CH_A,2141.4,0,1.261,0.0797,0.014,0.0225,0.9267,311.259,316.234,2.9565,870.551,127.743,220.836,0.08493,0.486,63.691,1.7563,45.6418,1.3172,1.1126,-3.0298,746.047,39.0763,0.18047,1,0,0,5,0,1,1,,0.9570733237599169,0,0,0,0,GOOD
O005_W0290,5,LOT_05_07,14,P_A,R_BASE,CMP,ETCH_03,CH_B,1890.7,1,1.6427,0.19,0.0317,0.0298,0.902,322.997,317.538,3.9394,923.864,120.199,205.544,0.06508,0.4833,62.583,0.8672,43.4999,1.8873,-1.0974,0.2895,745.2028,37.5537,0.17821,5,1,2,5,2,0,6,8.524117142275282,,1,0,0,0,A
O005_W0291,5,LOT_05_08,9,P_A,R_BASE,ETCH,ETCH_01,CH_A,1924.4,0,1.1131,0.022,0.019,0.0258,0.9399,322.815,323.773,3.1047,892.225,114.146,203.643,0.08973,0.3261,63.395,0.6318,42.7693,0.6712,-1.1634,-3.4752,792.5484,33.5837,0.14047,4,0,1,3,0,1,1,,0.756361489917791,0,0,0,0,GOOD
O005_W0292,5,LOT_05_05,17,P_B,R_BASE,ETCH,CVD_01,CH_A,1908.3,1,1.5839,0.1909,0.0161,0.0249,0.9074,328.286,312.854,3.4155,864.647,119.228,225.292,0.10905,0.6521,62.898,0.9868,43.9075,2.1555,9.3605,0.9164,770.4587,36.5004,0.16791,4,3,3,8,0,0,3,9.85535448518981,,1,0,0,0,A
O005_W0293,5,LOT_05_04,1,P_A,R_BASE,CMP,ETCH_02,CH_A,1732.1,0,1.5515,0.0459,0.1661,0.027,0.9005,323.939,324.255,2.7403,862.452,134.831,221.454,0.08583,0.2778,61.055,0.4985,38.5613,1.3212,7.5051,-5.7033,782.0907,37.3203,0.08773,7,1,4,1,0,5,0,,1.218294873235207,0,1,0,0,B
O005_W0294,5,LOT_05_05,6,P_A,R_REWORK,ETCH,PHOTO_01,CH_C,2037.9,1,1.4316,0.1755,0.0262,0.0153,0.9189,322.484,304.269,3.405,889.352,123.523,205.325,0.10076,0.5956,61.454,2.0148,45.4212,1.596,-8.3549,1.1991,757.9851,37.6111,0.16639,4,3,1,8,3,0,4,12.406770618859536,,1,0,0,0,A
O005_W0295,5,LOT_05_06,18,P_A,R_BASE,ETCH,CVD_01,CH_B,1955.1,0,1.3977,0.0515,0.0496,0.0084,0.9519,323.93,313.355,3.2056,819.314,126.981,184.416,0.09676,0.5002,62.142,0.7274,40.8605,0.9279,0.5866,7.2486,787.5507,35.9403,0.12174,3,0,0,0,0,2,1,,1.0108074933121332,0,0,0,0,GOOD
O005_W0296,5,LOT_05_04,2,P_A,R_FAST,CVD,PHOTO_01,CH_D,1783.2,0,1.1321,0.0224,0.0503,0.0141,0.9462,322.605,319.71,3.2565,830.28,137.149,200.527,0.06456,0.3186,57.564,1.015,41.9936,1.4063,9.2672,0.1199,785.191,41.3219,0.21268,10,1,1,1,1,0,1,,0.9966227994114515,0,0,0,0,GOOD
O005_W0297,5,LOT_05_07,1,P_A,R_BASE,ETCH,CMP_01,CH_B,2018.1,0,1.2467,0.0039,0.0191,0.0368,0.9414,316.074,318.957,2.7758,865.919,137.769,218.64,0.01315,0.2336,62.716,0.0339,40.2003,1.4089,9.4193,0.6042,765.258,36.8179,0.14332,3,1,0,0,0,0,1,,1.0026123654175305,0,0,0,0,GOOD
O005_W0298,5,LOT_05_08,6,P_B,R_REWORK,ETCH,ETCH_01,CH_B,2036.4,0,1.0588,0.0442,0.0107,0.0301,0.9291,322.725,319.671,3.128,889.722,127.117,215.522,0.09572,0.3389,61.113,-0.9512,41.479,1.0381,5.7513,1.8084,770.9186,43.0399,0.23813,3,1,4,1,1,0,0,,1.0862090905646962,0,0,0,0,GOOD
O005_W0299,5,LOT_05_06,15,P_B,R_BASE,ETCH,CMP_01,CH_B,1872.5,1,1.3726,0.0407,0.0275,0.1175,0.9255,321.676,314.839,3.1655,868.694,109.93,200.447,0.08216,0.3565,58.574,-0.56,41.8503,0.9663,5.2533,0.4581,766.786,35.6032,0.31814,10,3,0,1,0,1,0,11.066861095582958,,0,0,1,0,C
O005_W0300,5,LOT_05_06,4,P_B,R_BASE,ETCH,ETCH_02,CH_B,2063.9,1,1.5961,0.1922,0.0377,0.0291,0.8971,317.111,317.505,3.5604,897.84,122.041,198.862,0.06225,0.537,72.202,1.7582,42.7773,1.9165,-1.0973,1.619,727.0392,37.373,0.19646,5,0,1,4,1,0,3,7.585009645823646,,1,0,0,0,A
O005_W0301,5,LOT_05_04,1,P_A,R_FAST,ETCH,ETCH_03,CH_C,2122.5,0,1.1042,0.0279,0.1205,0.0028,0.9357,330.894,315.396,3.1233,942.034,135.085,214.647,0.05754,0.3717,60.625,0.8207,41.8983,1.6524,0.4043,1.4796,775.826,39.6075,0.23519,1,1,3,2,0,4,2,,0.9205915605145154,0,1,0,0,B
O005_W0302,5,LOT_05_04,4,P_B,R_BASE,ETCH,ETCH_03,CH_A,1983.7,0,1.2833,0.0183,0.043,0.0238,0.9199,316.754,312.185,2.9106,892.703,119.72,190.745,0.06081,0.2789,59.843,0.5834,40.5487,1.3901,1.744,-3.2763,760.4871,37.1229,0.15726,5,0,0,3,1,0,1,,1.0598056306905037,0,0,0,0,GOOD
O005_W0303,5,LOT_05_03,19,P_B,R_BASE,PHOTO,ETCH_01,CH_C,1755.9,1,1.7965,0.2055,0.042,0.0239,0.8689,326.974,317.578,3.4188,869.346,127.374,215.249,0.09545,0.7691,65.74,0.9543,43.9155,1.6591,-4.1043,0.3505,784.6901,36.681,0.1619,3,1,1,3,1,1,1,9.078251489204343,,1,0,0,0,A
O005_W0304,5,LOT_05_01,22,P_C,R_FAST,PHOTO,ETCH_03,CH_A,1702.1,0,1.0042,0.03,0.0418,0.0141,0.9691,324.408,310.326,3.0449,849.012,121.004,204.319,0.05885,0.5598,65.546,-0.7254,40.3212,0.8876,1.6183,-5.2826,775.3678,41.8373,0.18457,10,0,0,0,2,1,1,,1.0178762820615517,0,0,0,0,GOOD
O005_W0305,5,LOT_05_07,18,P_A,R_BASE,CMP,CVD_01,CH_C,1970.1,0,1.5264,0.0594,0.0399,0.0948,0.8965,321.874,316.377,2.8383,835.72,135.547,197.719,0.04554,0.4838,66.091,0.4995,42.7759,1.2575,-1.176,-0.4192,802.2877,40.615,0.17308,6,2,2,5,3,0,1,,0.9597622727705293,0,0,1,0,C
O005_W0306,5,LOT_05_04,15,P_A,R_FAST,ETCH,ETCH_01,CH_B,2119.1,0,1.4667,0.0493,0.1207,0.0214,0.916,324.651,324.658,3.1993,829.042,131.764,210.63,0.03752,0.4623,54.855,-0.1161,41.9268,1.4089,4.7774,-3.4216,774.7219,35.5633,0.29055,6,0,4,3,0,6,0,,0.9142905230169601,0,1,0,0,B
O005_W0307,5,LOT_05_03,15,P_A,R_BASE,PHOTO,ETCH_01,CH_C,1744.6,0,1.484,0.043,0.0425,0.0384,0.9356,316.593,307.755,3.374,837.356,112.795,226.833,0.06383,0.3139,55.612,0.3432,41.7882,1.2956,-0.173,12.6671,763.3317,38.1664,0.13572,8,1,1,1,0,0,0,,1.1986464675924304,0,0,0,0,GOOD
O005_W0308,5,LOT_05_06,22,P_B,R_FAST,ETCH,CVD_01,CH_B,1959.0,0,1.5071,0.0324,0.168,0.0209,0.9127,314.245,312.257,2.7235,888.238,119.876,208.159,0.06768,0.471,62.181,-2.2321,43.4398,1.311,9.5667,4.8805,754.8268,37.4122,0.25491,3,0,4,6,1,3,0,,1.1016292701129649,0,1,0,0,B
O005_W0309,5,LOT_05_06,19,P_B,R_BASE,CMP,CMP_01,CH_C,1701.1,0,1.1358,0.0325,0.0378,0.0205,0.9454,330.547,323.571,2.8611,826.794,124.939,214.712,0.07729,0.5663,56.028,0.2507,41.7594,0.9324,-3.4283,-1.3947,806.9286,39.8978,0.31696,6,1,3,2,3,0,1,,0.9844796260993969,0,0,0,0,GOOD
O005_W0310,5,LOT_05_06,13,P_A,R_BASE,CMP,ETCH_03,CH_A,1864.5,0,1.0996,0.0443,0.0319,0.0008,0.9546,313.407,320.297,3.5277,856.133,142.216,216.249,0.10586,0.6904,63.56,0.3761,37.5027,1.1083,1.8965,5.5813,772.8656,37.3556,0.21679,3,0,0,0,0,1,0,,1.2066761590269037,0,0,0,0,GOOD
O005_W0311,5,LOT_05_02,23,P_A,R_FAST,CVD,ETCH_01,CH_A,1771.5,0,1.2343,0.0343,0.0357,0.0248,0.9417,321.591,310.456,2.4716,804.475,133.77,200.376,0.10084,0.3986,63.372,-0.6481,39.5829,1.0579,2.9564,-5.6861,787.03,44.4738,0.098,3,4,1,3,1,1,2,,0.9160565653492487,0,0,0,0,GOOD
O005_W0312,5,LOT_05_08,21,P_A,R_FAST,PHOTO,CMP_01,CH_A,1700.1,0,1.1765,0.0401,0.0379,0.0074,0.9323,334.103,314.173,3.011,849.334,120.604,191.22,0.0698,0.554,72.709,-0.2703,44.6105,1.6673,-0.3865,-2.1379,788.4592,36.4959,0.16381,1,2,0,2,2,1,1,,0.9247405451759586,0,0,0,0,GOOD
O005_W0313,5,LOT_05_06,20,P_B,R_BASE,ETCH,ETCH_03,CH_B,1979.4,1,1.9111,0.2164,0.1303,0.0173,0.8645,324.419,315.645,3.2291,893.761,120.567,213.573,0.14192,0.7341,66.526,1.6335,42.7582,1.5549,-3.2436,-4.6305,772.9628,37.1831,0.3511,3,1,5,6,0,2,4,10.299744600272433,,1,1,0,0,A
O005_W0314,5,LOT_05_02,13,P_B,R_BASE,CMP,CMP_01,CH_C,1812.7,0,1.2121,0.0491,0.018,0.0159,0.9413,318.727,312.269,2.9651,881.88,122.241,201.219,0.06086,0.1852,64.734,1.8589,40.5754,1.5539,-2.9714,-2.0467,780.4969,39.4357,0.19704,6,0,1,4,2,0,0,,1.0392312794547522,0,0,0,0,GOOD
O005_W0315,5,LOT_05_07,19,P_C,R_BASE,CMP,ETCH_02,CH_B,1788.9,0,1.0852,0.0424,0.0285,0.0007,0.9522,320.788,321.005,3.4867,869.32,129.469,190.512,0.0715,0.3946,57.555,-0.2858,43.264,0.6941,6.6786,8.7116,787.9947,38.8069,0.20576,4,0,1,3,1,0,1,,0.999835743586204,0,0,0,0,GOOD
O005_W0316,5,LOT_05_03,22,P_B,R_BASE,CMP,ETCH_03,CH_B,1915.7,1,1.6228,0.1412,0.143,0.0194,0.8924,317.871,321.833,3.6557,859.222,133.289,200.488,0.10301,0.4626,64.236,1.8532,44.4958,2.1459,2.298,3.2719,767.4381,36.7343,0.22643,3,1,3,7,4,3,4,9.844651824292155,,1,1,0,0,A
O005_W0317,5,LOT_05_03,2,P_A,R_REWORK,ETCH,ETCH_01,CH_D,1963.7,0,1.489,0.0463,0.0128,0.1222,0.918,325.066,319.045,3.0599,871.633,121.107,212.829,0.08232,0.2325,64.271,-1.0567,42.0013,1.2617,-0.0119,-0.547,809.6152,36.4028,0.34355,7,2,0,1,0,0,0,,1.059270144917297,0,0,1,0,C
O005_W0318,5,LOT_05_02,7,P_A,R_FAST,CMP,PHOTO_01,CH_D,1822.2,0,1.3385,0.045,0.046,0.0161,0.9521,327.519,326.006,3.033,843.357,131.876,216.943,0.07585,0.4082,66.108,0.1009,44.2178,1.0772,1.8863,-4.3993,777.3609,38.8892,0.18218,3,1,3,0,2,0,1,,0.9697973124812295,0,0,0,0,GOOD
O005_W0319,5,LOT_05_04,10,P_A,R_BASE,ETCH,CVD_01,CH_D,1916.8,1,1.5431,0.1782,0.0154,0.0243,0.9011,316.015,323.542,3.5237,887.575,128.578,191.688,0.11557,0.6472,66.925,1.2608,48.3887,2.2803,-0.2765,-4.1016,765.9396,32.3963,0.12021,4,1,1,7,2,1,5,9.940279873074445,,1,0,0,0,A
